vehicle_id,device_id,ride_date,timestamp,battery_1_soc_pct,battery_2_soc_pct
122IAG,16113772,2026-08-05,2026-08-05T04:41:07.864000,,
122IAG,16113772,2026-08-06,2026-08-06T05:04:14.892000,,
122IAG,16113772,2026-08-06,2026-08-06T13:05:15.873000,100.0,100.0
122IAG,16113772,2026-08-06,2026-08-06T13:05:19.495000,100.0,
122IAG,16113772,2026-08-06,2026-08-06T13:06:37.376000,,
122IAG,16113772,2026-08-06,2026-08-06T13:07:38.368000,100.0,
122IAG,16113772,2026-08-06,2026-08-06T13:09:44.868000,99.0,
122IAG,16113772,2026-08-06,2026-08-06T13:11:42.982000,98.0,
122IAG,16113772,2026-08-06,2026-08-06T13:13:22.388000,97.0,
122IAG,16113772,2026-08-06,2026-08-06T13:15:40.986000,96.0,
122IAG,16113772,2026-08-06,2026-08-06T13:17:52.068000,95.0,
122IAG,16113772,2026-08-06,2026-08-06T13:20:22.268000,94.0,
122IAG,16113772,2026-08-06,2026-08-06T13:21:33.074000,93.0,
122IAG,16113772,2026-08-06,2026-08-06T13:23:26.068000,92.0,
122IAG,16113772,2026-08-06,2026-08-06T13:23:59.182000,,
122IAG,16113772,2026-08-06,2026-08-06T13:23:59.768000,92.0,
122IAG,16113772,2026-08-06,2026-08-06T13:24:04.768000,,
122IAG,16113772,2026-08-06,2026-08-06T13:24:06.882000,92.0,
122IAG,16113772,2026-08-06,2026-08-06T13:24:11.868000,,
122IAG,16113772,2026-08-06,2026-08-06T13:24:24.368000,92.0,
122IAG,16113772,2026-08-06,2026-08-06T13:24:29.376000,,
122IAG,16113772,2026-08-06,2026-08-06T13:24:39.468000,92.0,
122IAG,16113772,2026-08-06,2026-08-06T13:24:47.668000,,
122IAG,16113772,2026-08-06,2026-08-06T13:26:15.969000,92.0,
122IAG,16113772,2026-08-06,2026-08-06T13:28:13.968000,91.0,
122IAG,16113772,2026-08-06,2026-08-06T13:30:20.082000,90.0,
122IAG,16113772,2026-08-06,2026-08-06T13:31:33.868000,89.0,
122IAG,16113772,2026-08-06,2026-08-06T13:33:39.468000,88.0,
122IAG,16113772,2026-08-06,2026-08-06T13:38:00.168000,,
122IAG,16113772,2026-08-06,2026-08-06T13:38:03.268000,88.0,
122IAG,16113772,2026-08-06,2026-08-06T13:38:13.170000,,
122IAG,16113772,2026-08-06,2026-08-06T13:38:15.168000,87.0,
122IAG,16113772,2026-08-06,2026-08-06T13:38:31.068000,,
122IAG,16113772,2026-08-06,2026-08-06T13:40:57.081000,87.0,
122IAG,16113772,2026-08-06,2026-08-06T13:42:48.568000,86.0,
122IAG,16113772,2026-08-06,2026-08-06T13:44:49.568000,85.0,
122IAG,16113772,2026-08-06,2026-08-06T13:46:33.068000,84.0,
122IAG,16113772,2026-08-06,2026-08-06T13:48:54.168000,83.0,
122IAG,16113772,2026-08-06,2026-08-06T13:50:45.684000,82.0,
122IAG,16113772,2026-08-06,2026-08-06T13:52:56.288000,81.0,
122IAG,16113772,2026-08-06,2026-08-06T13:55:30.468000,80.0,
122IAG,16113772,2026-08-06,2026-08-06T13:58:26.679000,,
122IAG,16113772,2026-08-06,2026-08-06T13:58:41.671000,80.0,
122IAG,16113772,2026-08-06,2026-08-06T14:00:16.268000,79.0,
122IAG,16113772,2026-08-06,2026-08-06T14:03:00.468000,78.0,
122IAG,16113772,2026-08-06,2026-08-06T14:06:18.868000,77.0,
122IAG,16113772,2026-08-06,2026-08-06T14:08:17.880000,,
122IAG,16113772,2026-08-06,2026-08-06T14:09:18.968000,77.0,
122IAG,16113772,2026-08-06,2026-08-06T14:10:41.768000,76.0,
122IAG,16113772,2026-08-06,2026-08-06T14:12:37.268000,75.0,
122IAG,16113772,2026-08-06,2026-08-06T14:15:43.668000,,
122IAG,16113772,2026-08-06,2026-08-06T14:18:00.868000,75.0,
122IAG,16113772,2026-08-06,2026-08-06T14:18:15.968000,74.0,
122IAG,16113772,2026-08-06,2026-08-06T14:19:59.368000,73.0,
122IAG,16113772,2026-08-06,2026-08-06T14:22:48.668000,72.0,
122IAG,16113772,2026-08-06,2026-08-06T14:25:49.468000,71.0,
122IAG,16113772,2026-08-06,2026-08-06T14:31:35.471000,,
122IAG,16113772,2026-08-06,2026-08-06T14:33:55.784000,71.0,
122IAG,16113772,2026-08-06,2026-08-06T14:34:06.880000,70.0,
122IAG,16113772,2026-08-06,2026-08-06T14:36:29.468000,69.0,
122IAG,16113772,2026-08-06,2026-08-06T14:38:57.568000,,
122IAG,16113772,2026-08-06,2026-08-06T14:41:25.768000,69.0,
122IAG,16113772,2026-08-06,2026-08-06T14:42:22.580000,68.0,
122IAG,16113772,2026-08-06,2026-08-06T14:45:19.868000,,
122IAG,16113772,2026-08-06,2026-08-06T14:52:30.182000,68.0,
122IAG,16113772,2026-08-06,2026-08-06T14:52:53.272000,67.0,
122IAG,16113772,2026-08-06,2026-08-06T14:54:29.668000,66.0,
122IAG,16113772,2026-08-06,2026-08-06T14:56:59.868000,65.0,
122IAG,16113772,2026-08-06,2026-08-06T14:58:08.168000,64.0,
122IAG,16113772,2026-08-06,2026-08-06T14:59:47.068000,63.0,
122IAG,16113772,2026-08-06,2026-08-06T15:02:13.168000,,
122IAG,16113772,2026-08-06,2026-08-06T15:03:46.370000,63.0,
122IAG,16113772,2026-08-06,2026-08-06T15:05:42.879000,62.0,
122IAG,16113772,2026-08-06,2026-08-06T15:07:45.368000,61.0,
122IAG,16113772,2026-08-06,2026-08-06T15:09:50.480000,,
122IAG,16113772,2026-08-06,2026-08-06T15:10:44.980000,61.0,
122IAG,16113772,2026-08-06,2026-08-06T15:11:55.770000,60.0,
122IAG,16113772,2026-08-06,2026-08-06T15:14:48.468000,,
122IAG,16113772,2026-08-06,2026-08-06T15:16:25.068000,60.0,
122IAG,16113772,2026-08-06,2026-08-06T15:17:11.768000,59.0,
122IAG,16113772,2026-08-06,2026-08-06T15:18:56.268000,58.0,
122IAG,16113772,2026-08-06,2026-08-06T15:20:54.268000,57.0,
122IAG,16113772,2026-08-06,2026-08-06T15:22:57.773000,56.0,
122IAG,16113772,2026-08-06,2026-08-06T15:25:13.368000,55.0,
122IAG,16113772,2026-08-06,2026-08-06T15:26:54.875000,,
122IAG,16113772,2026-08-06,2026-08-06T15:27:22.868000,,92.0
122IAG,16113772,2026-08-06,2026-08-06T15:27:30.368000,55.0,92.0
122IAG,16113772,2026-08-06,2026-08-06T15:28:46.180000,55.0,
122IAG,16113772,2026-08-06,2026-08-06T15:28:46.368000,,
122IAG,16113772,2026-08-06,2026-08-06T15:32:21.282000,55.0,92.0
122IAG,16113772,2026-08-06,2026-08-06T15:34:51.468000,54.0,92.0
122IAG,16113772,2026-08-06,2026-08-06T15:37:13.583000,53.0,92.0
122IAG,16113772,2026-08-06,2026-08-06T15:39:58.668000,53.0,
122IAG,16113772,2026-08-06,2026-08-06T15:39:58.779000,,
122IAG,16113772,2026-08-06,2026-08-06T15:40:36.568000,,92.0
122IAG,16113772,2026-08-06,2026-08-06T15:40:37.168000,53.0,92.0
122IAG,16113772,2026-08-06,2026-08-06T15:42:17.468000,52.0,92.0
122IAG,16113772,2026-08-06,2026-08-06T15:43:23.268000,51.0,92.0
122IAG,16113772,2026-08-06,2026-08-06T15:44:37.082000,50.0,92.0
122IAG,16113772,2026-08-06,2026-08-06T15:45:42.784000,,92.0
122IAG,16113772,2026-08-06,2026-08-06T15:45:42.968000,,
122IAG,16113772,2026-08-06,2026-08-06T15:45:43.368000,50.0,
122IAG,16113772,2026-08-06,2026-08-06T15:45:43.468000,50.0,92.0
122IAG,16113772,2026-08-06,2026-08-06T15:45:57.868000,49.0,92.0
122IAG,16113772,2026-08-06,2026-08-06T15:46:17.968000,,92.0
122IAG,16113772,2026-08-06,2026-08-06T15:46:18.068000,,
122IAG,16113772,2026-08-06,2026-08-06T15:46:18.468000,49.0,
122IAG,16113772,2026-08-06,2026-08-06T15:46:18.584000,49.0,92.0
122IAG,16113772,2026-08-06,2026-08-06T15:46:52.568000,49.0,
122IAG,16113772,2026-08-06,2026-08-06T15:46:52.685000,,
122IAG,16113772,2026-08-06,2026-08-06T15:46:53.068000,,92.0
122IAG,16113772,2026-08-06,2026-08-06T15:46:53.184000,49.0,92.0
122IAG,16113772,2026-08-06,2026-08-06T15:47:27.586000,49.0,
122IAG,16113772,2026-08-06,2026-08-06T15:47:27.768000,,
122IAG,16113772,2026-08-06,2026-08-06T15:47:28.268000,49.0,
122IAG,16113772,2026-08-06,2026-08-06T15:47:28.579000,49.0,92.0
122IAG,16113772,2026-08-06,2026-08-06T15:48:02.577000,49.0,
122IAG,16113772,2026-08-06,2026-08-06T15:48:02.968000,,
122IAG,16113772,2026-08-06,2026-08-06T15:48:03.086000,,92.0
122IAG,16113772,2026-08-06,2026-08-06T15:48:03.468000,49.0,92.0
122IAG,16113772,2026-08-06,2026-08-06T15:48:37.668000,49.0,
122IAG,16113772,2026-08-06,2026-08-06T15:48:38.071000,,92.0
122IAG,16113772,2026-08-06,2026-08-06T15:48:38.168000,49.0,92.0
122IAG,16113772,2026-08-06,2026-08-06T15:48:51.168000,,
122IAG,16113772,2026-08-06,2026-08-06T15:49:25.768000,49.0,92.0
122IAG,16113772,2026-08-06,2026-08-06T15:49:39.368000,48.0,92.0
122IAG,16113772,2026-08-06,2026-08-06T15:49:47.768000,48.0,
122IAG,16113772,2026-08-06,2026-08-06T15:49:47.869000,,
122IAG,16113772,2026-08-06,2026-08-06T15:49:48.268000,,92.0
122IAG,16113772,2026-08-06,2026-08-06T15:49:48.468000,48.0,92.0
122IAG,16113772,2026-08-06,2026-08-06T15:50:22.768000,48.0,
122IAG,16113772,2026-08-06,2026-08-06T15:50:23.068000,,
122IAG,16113772,2026-08-06,2026-08-06T15:50:23.268000,,92.0
122IAG,16113772,2026-08-06,2026-08-06T15:50:23.568000,48.0,92.0
122IAG,16113772,2026-08-06,2026-08-06T15:50:57.668000,,92.0
122IAG,16113772,2026-08-06,2026-08-06T15:50:57.868000,,
122IAG,16113772,2026-08-06,2026-08-06T15:50:58.268000,48.0,
122IAG,16113772,2026-08-06,2026-08-06T15:50:58.368000,48.0,92.0
122IAG,16113772,2026-08-06,2026-08-06T15:51:05.768000,47.0,92.0
122IAG,16113772,2026-08-06,2026-08-06T15:51:32.868000,,
122IAG,16113772,2026-08-06,2026-08-06T15:51:33.382000,47.0,92.0
122IAG,16113772,2026-08-06,2026-08-06T15:52:07.868000,47.0,
122IAG,16113772,2026-08-06,2026-08-06T15:52:07.988000,,
122IAG,16113772,2026-08-06,2026-08-06T15:52:08.368000,,92.0
122IAG,16113772,2026-08-06,2026-08-06T15:52:08.568000,47.0,92.0
122IAG,16113772,2026-08-06,2026-08-06T15:52:42.668000,,92.0
122IAG,16113772,2026-08-06,2026-08-06T15:52:42.983000,,
122IAG,16113772,2026-08-06,2026-08-06T15:52:43.168000,47.0,
122IAG,16113772,2026-08-06,2026-08-06T15:52:43.368000,47.0,92.0
122IAG,16113772,2026-08-06,2026-08-06T15:52:52.768000,46.0,92.0
122IAG,16113772,2026-08-06,2026-08-06T15:53:17.868000,,92.0
122IAG,16113772,2026-08-06,2026-08-06T15:53:17.968000,,
122IAG,16113772,2026-08-06,2026-08-06T15:53:18.388000,46.0,
122IAG,16113772,2026-08-06,2026-08-06T15:53:18.468000,46.0,92.0
122IAG,16113772,2026-08-06,2026-08-06T15:53:52.974000,,
122IAG,16113772,2026-08-06,2026-08-06T15:53:53.473000,46.0,92.0
122IAG,16113772,2026-08-06,2026-08-06T15:54:27.968000,46.0,
122IAG,16113772,2026-08-06,2026-08-06T15:54:28.468000,46.0,92.0
122IAG,16113772,2026-08-06,2026-08-06T15:54:47.768000,45.0,92.0
122IAG,16113772,2026-08-06,2026-08-06T15:55:02.768000,,92.0
122IAG,16113772,2026-08-06,2026-08-06T15:55:03.075000,,
122IAG,16113772,2026-08-06,2026-08-06T15:55:03.284000,45.0,
122IAG,16113772,2026-08-06,2026-08-06T15:55:03.584000,45.0,92.0
122IAG,16113772,2026-08-06,2026-08-06T15:55:37.968000,,92.0
122IAG,16113772,2026-08-06,2026-08-06T15:55:38.068000,,
122IAG,16113772,2026-08-06,2026-08-06T15:55:38.468000,45.0,
122IAG,16113772,2026-08-06,2026-08-06T15:55:38.568000,45.0,92.0
122IAG,16113772,2026-08-06,2026-08-06T15:56:12.568000,45.0,
122IAG,16113772,2026-08-06,2026-08-06T15:56:12.668000,,
122IAG,16113772,2026-08-06,2026-08-06T15:56:13.068000,45.0,92.0
122IAG,16113772,2026-08-06,2026-08-06T15:56:41.768000,44.0,92.0
122IAG,16113772,2026-08-06,2026-08-06T15:56:47.772000,,92.0
122IAG,16113772,2026-08-06,2026-08-06T15:56:48.268000,44.0,92.0
122IAG,16113772,2026-08-06,2026-08-06T15:57:22.668000,44.0,
122IAG,16113772,2026-08-06,2026-08-06T15:57:22.968000,,
122IAG,16113772,2026-08-06,2026-08-06T15:57:23.077000,,92.0
122IAG,16113772,2026-08-06,2026-08-06T15:57:23.468000,44.0,92.0
122IAG,16113772,2026-08-06,2026-08-06T15:57:57.668000,44.0,
122IAG,16113772,2026-08-06,2026-08-06T15:57:58.072000,44.0,92.0
122IAG,16113772,2026-08-06,2026-08-06T15:58:32.697000,,
122IAG,16113772,2026-08-06,2026-08-06T15:58:33.187000,44.0,92.0
122IAG,16113772,2026-08-06,2026-08-06T16:00:06.768000,44.0,
122IAG,16113772,2026-08-06,2026-08-06T16:00:07.168000,,
122IAG,16113772,2026-08-06,2026-08-06T16:01:35.968000,,92.0
122IAG,16113772,2026-08-06,2026-08-06T16:01:36.086000,44.0,92.0
122IAG,16113772,2026-08-06,2026-08-06T16:02:22.268000,43.0,92.0
122IAG,16113772,2026-08-06,2026-08-06T16:02:54.368000,,92.0
122IAG,16113772,2026-08-06,2026-08-06T16:02:54.568000,,
122IAG,16113772,2026-08-06,2026-08-06T16:03:39.774000,,92.0
122IAG,16113772,2026-08-06,2026-08-06T16:03:40.068000,43.0,92.0
122IAG,16113772,2026-08-06,2026-08-06T16:03:54.568000,43.0,
122IAG,16113772,2026-08-06,2026-08-06T16:03:54.668000,,
122IAG,16113772,2026-08-06,2026-08-06T16:04:07.168000,43.0,
122IAG,16113772,2026-08-06,2026-08-06T16:04:09.168000,43.0,92.0
122IAG,16113772,2026-08-06,2026-08-06T16:04:25.268000,42.0,92.0
122IAG,16113772,2026-08-06,2026-08-06T16:06:24.368000,,
122IAG,16113772,2026-08-06,2026-08-06T16:08:18.776000,42.0,92.0
122IAG,16113772,2026-08-06,2026-08-06T16:08:34.769000,41.0,92.0
122IAG,16113772,2026-08-06,2026-08-06T16:10:08.669000,40.0,92.0
122IAG,16113772,2026-08-06,2026-08-06T16:11:56.169000,39.0,92.0
122IAG,16113772,2026-08-06,2026-08-06T16:13:28.069000,38.0,92.0
122IAG,16113772,2026-08-06,2026-08-06T16:15:22.069000,37.0,92.0
122IAG,16113772,2026-08-06,2026-08-06T16:19:12.269000,37.0,
122IAG,16113772,2026-08-06,2026-08-06T16:19:12.569000,,
122IAG,16113772,2026-08-06,2026-08-06T16:19:56.469000,,92.0
122IAG,16113772,2026-08-06,2026-08-06T16:19:57.069000,37.0,92.0
122IAG,16113772,2026-08-06,2026-08-06T16:20:17.871000,36.0,92.0
122IAG,16113772,2026-08-06,2026-08-06T16:21:33.769000,35.0,92.0
122IAG,16113772,2026-08-06,2026-08-06T16:24:44.569000,35.0,
122IAG,16113772,2026-08-06,2026-08-06T16:24:45.085000,,
122IAG,16113772,2026-08-06,2026-08-06T16:25:38.269000,,92.0
122IAG,16113772,2026-08-06,2026-08-06T16:25:38.869000,35.0,92.0
122IAG,16113772,2026-08-06,2026-08-06T16:26:23.569000,34.0,92.0
122IAG,16113772,2026-08-06,2026-08-06T16:28:26.569000,33.0,92.0
122IAG,16113772,2026-08-06,2026-08-06T16:30:14.369000,33.0,
122IAG,16113772,2026-08-06,2026-08-06T16:30:14.569000,,
122IAG,16113772,2026-08-06,2026-08-06T16:31:06.369000,33.0,92.0
122IAG,16113772,2026-08-06,2026-08-06T16:31:44.981000,32.0,92.0
122IAG,16113772,2026-08-06,2026-08-06T16:34:01.069000,,92.0
122IAG,16113772,2026-08-06,2026-08-06T16:34:04.569000,,
122IAG,16113772,2026-08-06,2026-08-06T16:36:04.969000,,92.0
122IAG,16113772,2026-08-06,2026-08-06T16:36:05.969000,32.0,92.0
122IAG,16113772,2026-08-06,2026-08-06T16:37:22.369000,31.0,92.0
122IAG,16113772,2026-08-06,2026-08-06T16:42:05.069000,30.0,92.0
122IAG,16113772,2026-08-06,2026-08-06T16:43:28.469000,29.0,92.0
122IAG,16113772,2026-08-06,2026-08-06T16:45:18.469000,29.0,
122IAG,16113772,2026-08-06,2026-08-06T16:45:18.869000,,
122IAG,16113772,2026-08-06,2026-08-06T16:46:17.969000,29.0,92.0
122IAG,16113772,2026-08-06,2026-08-06T16:47:55.887000,28.0,92.0
122IAG,16113772,2026-08-06,2026-08-06T16:48:59.669000,27.0,92.0
122IAG,16113772,2026-08-06,2026-08-06T16:50:41.569000,26.0,92.0
122IAG,16113772,2026-08-06,2026-08-06T16:53:33.269000,26.0,
122IAG,16113772,2026-08-06,2026-08-06T16:53:33.369000,,
122IAG,16113772,2026-08-06,2026-08-06T16:54:14.686000,,92.0
122IAG,16113772,2026-08-06,2026-08-06T16:54:15.369000,26.0,92.0
122IAG,16113772,2026-08-06,2026-08-06T16:55:15.285000,25.0,92.0
122IAG,16113772,2026-08-06,2026-08-06T16:56:58.273000,24.0,92.0
122IAG,16113772,2026-08-06,2026-08-06T17:00:43.769000,23.0,92.0
122IAG,16113772,2026-08-06,2026-08-06T17:03:55.169000,22.0,92.0
122IAG,16113772,2026-08-06,2026-08-06T17:05:39.069000,21.0,92.0
122IAG,16113772,2026-08-06,2026-08-06T17:07:12.569000,21.0,
122IAG,16113772,2026-08-06,2026-08-06T17:07:12.980000,,
122IAG,16113772,2026-08-06,2026-08-06T17:08:39.269000,21.0,92.0
122IAG,16113772,2026-08-06,2026-08-06T17:11:18.070000,20.0,92.0
122IAG,16113772,2026-08-06,2026-08-06T17:12:45.988000,20.0,
122IAG,16113772,2026-08-06,2026-08-06T17:12:46.369000,,
122IAG,16113772,2026-08-06,2026-08-06T17:16:56.470000,,92.0
122IAG,16113772,2026-08-06,2026-08-06T17:16:57.569000,20.0,92.0
122IAG,16113772,2026-08-06,2026-08-06T17:18:36.569000,20.0,91.0
122IAG,16113772,2026-08-06,2026-08-06T17:20:04.169000,20.0,90.0
122IAG,16113772,2026-08-06,2026-08-06T17:20:53.790000,20.0,89.0
122IAG,16113772,2026-08-06,2026-08-06T17:22:36.790000,20.0,
122IAG,16113772,2026-08-06,2026-08-06T17:22:37.070000,,
122IAG,16113772,2026-08-06,2026-08-06T17:23:16.469000,,89.0
122IAG,16113772,2026-08-06,2026-08-06T17:23:17.069000,20.0,89.0
122IAG,16113772,2026-08-06,2026-08-06T17:26:36.569000,20.0,88.0
122IAG,16113772,2026-08-06,2026-08-06T17:27:31.586000,20.0,87.0
122IAG,16113772,2026-08-06,2026-08-06T17:28:59.169000,20.0,86.0
122IAG,16113772,2026-08-06,2026-08-06T17:30:05.292000,20.0,85.0
122IAG,16113772,2026-08-06,2026-08-06T17:31:24.769000,20.0,84.0
122IAG,16113772,2026-08-06,2026-08-06T17:33:07.869000,20.0,
122IAG,16113772,2026-08-06,2026-08-06T17:33:08.369000,,
122IAG,16113772,2026-08-06,2026-08-06T17:33:43.384000,20.0,84.0
122IAG,16113772,2026-08-06,2026-08-06T17:35:24.969000,20.0,83.0
122IAG,16113772,2026-08-06,2026-08-06T17:36:50.069000,20.0,82.0
122IAG,16113772,2026-08-06,2026-08-06T17:37:45.677000,20.0,81.0
122IAG,16113772,2026-08-06,2026-08-06T17:39:16.269000,20.0,80.0
122IAG,16113772,2026-08-06,2026-08-06T17:41:34.369000,20.0,
122IAG,16113772,2026-08-06,2026-08-06T17:41:34.569000,,
122IAG,16113772,2026-08-06,2026-08-06T17:42:40.269000,20.0,80.0
122IAG,16113772,2026-08-06,2026-08-06T17:43:25.769000,20.0,79.0
122IAG,16113772,2026-08-06,2026-08-06T17:44:52.869000,20.0,78.0
122IAG,16113772,2026-08-06,2026-08-06T17:46:10.969000,20.0,77.0
122IAG,16113772,2026-08-06,2026-08-06T17:47:51.569000,20.0,76.0
122IAG,16113772,2026-08-06,2026-08-06T17:48:51.069000,20.0,75.0
122IAG,16113772,2026-08-06,2026-08-06T17:50:21.189000,20.0,74.0
122IAG,16113772,2026-08-06,2026-08-06T17:53:13.869000,20.0,
122IAG,16113772,2026-08-06,2026-08-06T17:53:14.069000,,
122IAG,16113772,2026-08-06,2026-08-06T17:56:04.569000,20.0,74.0
122IAG,16113772,2026-08-06,2026-08-06T17:56:33.569000,20.0,73.0
122IAG,16113772,2026-08-06,2026-08-06T17:57:37.082000,20.0,72.0
122IAG,16113772,2026-08-06,2026-08-06T18:00:20.269000,20.0,
122IAG,16113772,2026-08-06,2026-08-06T18:00:20.669000,,
122IAG,16113772,2026-08-06,2026-08-06T18:01:23.269000,20.0,72.0
122IAG,16113772,2026-08-06,2026-08-06T18:01:30.769000,20.0,71.0
122IAG,16113772,2026-08-06,2026-08-06T18:02:59.369000,20.0,70.0
122IAG,16113772,2026-08-06,2026-08-06T18:05:14.969000,20.0,69.0
122IAG,16113772,2026-08-06,2026-08-06T18:07:23.069000,20.0,
122IAG,16113772,2026-08-06,2026-08-06T18:07:23.369000,,
122IAG,16113772,2026-08-06,2026-08-06T18:09:29.082000,,69.0
122IAG,16113772,2026-08-06,2026-08-06T18:09:29.169000,20.0,69.0
122IAG,16113772,2026-08-06,2026-08-06T18:10:50.169000,20.0,68.0
122IAG,16113772,2026-08-06,2026-08-06T18:12:46.769000,20.0,67.0
122IAG,16113772,2026-08-06,2026-08-06T18:14:33.882000,20.0,
122IAG,16113772,2026-08-06,2026-08-06T18:14:34.469000,,
122IAG,16113772,2026-08-06,2026-08-06T18:15:36.169000,,67.0
122IAG,16113772,2026-08-06,2026-08-06T18:15:36.276000,20.0,67.0
122IAG,16113772,2026-08-06,2026-08-06T18:17:24.769000,20.0,66.0
122IAG,16113772,2026-08-06,2026-08-06T18:19:48.378000,,66.0
122IAG,16113772,2026-08-06,2026-08-06T18:19:48.469000,,
122IAG,16113772,2026-08-06,2026-08-06T18:20:36.869000,,66.0
122IAG,16113772,2026-08-06,2026-08-06T18:20:37.469000,20.0,66.0
122IAG,16113772,2026-08-06,2026-08-06T18:21:22.986000,20.0,65.0
122IAG,16113772,2026-08-06,2026-08-06T18:23:08.171000,20.0,64.0
122IAG,16113772,2026-08-06,2026-08-06T18:25:15.269000,,
122IAG,16113772,2026-08-06,2026-08-06T19:11:01.932000,20.0,64.0
122IAG,16113772,2026-08-06,2026-08-06T19:11:46.371000,20.0,63.0
122IAG,16113772,2026-08-06,2026-08-06T19:14:32.481000,20.0,
122IAG,16113772,2026-08-06,2026-08-06T19:14:32.773000,,
122IAG,16113772,2026-08-06,2026-08-06T19:17:40.189000,20.0,63.0
122IAG,16113772,2026-08-06,2026-08-06T19:18:02.171000,20.0,62.0
122IAG,16113772,2026-08-06,2026-08-06T19:20:31.889000,,62.0
122IAG,16113772,2026-08-06,2026-08-06T19:20:38.571000,,100.0
122IAG,16113772,2026-08-06,2026-08-06T19:20:38.689000,100.0,100.0
122IAG,16113772,2026-08-06,2026-08-06T19:20:38.871000,100.0,62.0
122IAG,16113772,2026-08-06,2026-08-06T19:20:43.871000,100.0,
122IAG,16113772,2026-08-06,2026-08-06T19:20:52.971000,100.0,62.0
122IAG,16113772,2026-08-06,2026-08-06T19:22:11.371000,100.0,
122IAG,16113772,2026-08-06,2026-08-06T19:22:11.579000,,
122IAG,16113772,2026-08-06,2026-08-06T19:28:06.371000,100.0,62.0
122IAG,16113772,2026-08-06,2026-08-06T19:28:44.872000,100.0,61.0
122IAG,16113772,2026-08-06,2026-08-06T19:30:02.471000,100.0,60.0
122IAG,16113772,2026-08-06,2026-08-06T19:32:29.571000,100.0,59.0
122IAG,16113772,2026-08-06,2026-08-06T19:34:16.671000,100.0,
122IAG,16113772,2026-08-06,2026-08-06T19:34:16.771000,,
122IAG,16113772,2026-08-06,2026-08-06T19:34:53.287000,100.0,
122IAG,16113772,2026-08-06,2026-08-06T19:34:53.987000,100.0,59.0
122IAG,16113772,2026-08-06,2026-08-06T19:36:14.271000,100.0,58.0
122IAG,16113772,2026-08-06,2026-08-06T19:37:24.371000,100.0,57.0
122IAG,16113772,2026-08-06,2026-08-06T19:38:30.884000,100.0,56.0
122IAG,16113772,2026-08-06,2026-08-06T19:42:07.071000,100.0,
122IAG,16113772,2026-08-06,2026-08-06T19:42:07.187000,,
122IAG,16113772,2026-08-06,2026-08-06T19:42:19.071000,100.0,
122IAG,16113772,2026-08-06,2026-08-06T19:42:19.771000,100.0,56.0
122IAG,16113772,2026-08-06,2026-08-06T19:42:28.188000,100.0,55.0
122IAG,16113772,2026-08-06,2026-08-06T19:44:15.274000,100.0,54.0
122IAG,16113772,2026-08-06,2026-08-06T19:47:09.371000,100.0,53.0
122IAG,16113772,2026-08-06,2026-08-06T19:48:19.471000,100.0,52.0
122IAG,16113772,2026-08-06,2026-08-06T19:49:31.988000,100.0,51.0
122IAG,16113772,2026-08-06,2026-08-06T19:50:44.571000,100.0,50.0
122IAG,16113772,2026-08-06,2026-08-06T19:53:27.771000,100.0,49.0
122IAG,16113772,2026-08-06,2026-08-06T19:55:11.271000,100.0,48.0
122IAG,16113772,2026-08-06,2026-08-06T19:58:56.486000,100.0,
122IAG,16113772,2026-08-06,2026-08-06T19:58:57.171000,,
122IAG,16113772,2026-08-06,2026-08-06T19:59:54.171000,,48.0
122IAG,16113772,2026-08-06,2026-08-06T19:59:54.271000,100.0,48.0
122IAG,16113772,2026-08-06,2026-08-06T20:00:07.784000,100.0,47.0
122IAG,16113772,2026-08-06,2026-08-06T20:02:06.871000,100.0,46.0
122IAG,16113772,2026-08-06,2026-08-06T20:05:05.471000,,
122IAG,16113772,2026-08-06,2026-08-06T20:10:17.979000,100.0,46.0
122IAG,16113772,2026-08-06,2026-08-06T20:10:32.971000,100.0,45.0
122IAG,16113772,2026-08-06,2026-08-06T20:12:12.073000,100.0,44.0
122IAG,16113772,2026-08-06,2026-08-06T20:14:26.671000,100.0,
122IAG,16113772,2026-08-06,2026-08-06T20:14:26.871000,,
122IAG,16113772,2026-08-06,2026-08-06T20:15:53.071000,100.0,44.0
122IAG,16113772,2026-08-06,2026-08-06T20:16:59.671000,100.0,43.0
122IAG,16113772,2026-08-06,2026-08-06T20:18:10.671000,100.0,42.0
122IAG,16113772,2026-08-06,2026-08-06T20:19:34.773000,100.0,41.0
122IAG,16113772,2026-08-06,2026-08-06T20:22:15.471000,100.0,
122IAG,16113772,2026-08-06,2026-08-06T20:22:15.588000,,
122IAG,16113772,2026-08-06,2026-08-06T20:26:14.671000,100.0,41.0
122IAG,16113772,2026-08-06,2026-08-06T20:27:43.271000,100.0,40.0
122IAG,16113772,2026-08-06,2026-08-06T20:29:40.371000,100.0,39.0
122IAG,16113772,2026-08-06,2026-08-06T20:32:18.071000,100.0,38.0
122IAG,16113772,2026-08-06,2026-08-06T20:34:57.171000,100.0,
122IAG,16113772,2026-08-06,2026-08-06T20:34:57.271000,,
122IAG,16113772,2026-08-06,2026-08-06T20:44:17.371000,,38.0
122IAG,16113772,2026-08-06,2026-08-06T20:44:17.471000,100.0,38.0
122IAG,16113772,2026-08-06,2026-08-06T20:44:44.974000,100.0,37.0
122IAG,16113772,2026-08-06,2026-08-06T20:47:55.078000,100.0,36.0
122IAG,16113772,2026-08-06,2026-08-06T20:50:16.690000,100.0,
122IAG,16113772,2026-08-06,2026-08-06T20:50:16.871000,,
122IAG,16113772,2026-08-06,2026-08-06T20:51:26.071000,100.0,36.0
122IAG,16113772,2026-08-06,2026-08-06T20:52:24.071000,100.0,35.0
122IAG,16113772,2026-08-06,2026-08-06T20:53:18.671000,100.0,34.0
122IAG,16113772,2026-08-06,2026-08-06T20:55:01.271000,100.0,33.0
122IAG,16113772,2026-08-06,2026-08-06T20:55:54.771000,100.0,32.0
122IAG,16113772,2026-08-06,2026-08-06T20:57:41.890000,100.0,31.0
122IAG,16113772,2026-08-06,2026-08-06T20:58:38.489000,100.0,30.0
122IAG,16113772,2026-08-06,2026-08-06T21:01:28.571000,100.0,
122IAG,16113772,2026-08-06,2026-08-06T21:01:28.871000,,
122IAG,16113772,2026-08-06,2026-08-06T21:02:03.978000,,30.0
122IAG,16113772,2026-08-06,2026-08-06T21:02:04.687000,100.0,30.0
122IAG,16113772,2026-08-06,2026-08-06T21:02:36.671000,100.0,29.0
122IAG,16113772,2026-08-06,2026-08-06T21:04:13.282000,100.0,28.0
122IAG,16113772,2026-08-06,2026-08-06T21:06:44.371000,100.0,27.0
122IAG,16113772,2026-08-06,2026-08-06T21:07:49.471000,100.0,26.0
122IAG,16113772,2026-08-06,2026-08-06T21:09:06.571000,100.0,25.0
122IAG,16113772,2026-08-06,2026-08-06T21:10:45.175000,100.0,24.0
122IAG,16113772,2026-08-06,2026-08-06T21:12:45.689000,100.0,
122IAG,16113772,2026-08-06,2026-08-06T21:12:54.094000,,
122IAG,16113772,2026-08-07,2026-08-07T04:43:03.880000,,
122IAG,16113772,2026-08-08,2026-08-08T05:13:17.872000,,
122IAG,16113772,2026-08-08,2026-08-08T14:02:58.969000,,100.0
122IAG,16113772,2026-08-08,2026-08-08T14:03:04.369000,100.0,100.0
122IAG,16113772,2026-08-08,2026-08-08T14:04:32.769000,,100.0
122IAG,16113772,2026-08-08,2026-08-08T14:04:38.769000,100.0,100.0
122IAG,16113772,2026-08-08,2026-08-08T14:04:46.369000,100.0,
122IAG,16113772,2026-08-08,2026-08-08T14:05:05.569000,100.0,100.0
122IAG,16113772,2026-08-08,2026-08-08T14:05:27.069000,100.0,
122IAG,16113772,2026-08-08,2026-08-08T14:05:33.469000,100.0,100.0
122IAG,16113772,2026-08-08,2026-08-08T14:07:15.469000,100.0,
122IAG,16113772,2026-08-08,2026-08-08T14:08:20.469000,100.0,100.0
122IAG,16113772,2026-08-08,2026-08-08T14:08:23.769000,,100.0
122IAG,16113772,2026-08-08,2026-08-08T14:09:56.869000,,
122IAG,16113772,2026-08-08,2026-08-08T14:12:41.485000,,100.0
122IAG,16113772,2026-08-08,2026-08-08T14:14:14.869000,,
122IAG,16113772,2026-08-08,2026-08-08T14:16:53.869000,,100.0
122IAG,16113772,2026-08-08,2026-08-08T14:18:12.669000,100.0,100.0
122IAG,16113772,2026-08-08,2026-08-08T14:18:15.678000,100.0,
122IAG,16113772,2026-08-08,2026-08-08T14:21:16.969000,,
122IAG,16113772,2026-08-08,2026-08-08T14:21:53.169000,100.0,
122IAG,16113772,2026-08-08,2026-08-08T14:22:05.776000,99.0,
122IAG,16113772,2026-08-08,2026-08-08T14:23:33.575000,,
122IAG,16113772,2026-08-08,2026-08-08T14:24:46.374000,,100.0
122IAG,16113772,2026-08-08,2026-08-08T14:24:46.869000,100.0,100.0
122IAG,16113772,2026-08-08,2026-08-08T14:24:51.369000,100.0,
122IAG,16113772,2026-08-08,2026-08-08T14:27:55.069000,,
122IAG,16113772,2026-08-08,2026-08-08T14:40:05.969000,100.0,
122IAG,16113772,2026-08-08,2026-08-08T14:40:52.675000,99.0,
122IAG,16113772,2026-08-08,2026-08-08T14:41:40.869000,98.0,
122IAG,16113772,2026-08-08,2026-08-08T14:42:29.569000,97.0,
122IAG,16113772,2026-08-08,2026-08-08T14:43:29.269000,96.0,
122IAG,16113772,2026-08-08,2026-08-08T14:45:22.769000,,
122IAG,16113772,2026-08-08,2026-08-08T14:46:17.769000,96.0,
122IAG,16113772,2026-08-08,2026-08-08T14:46:35.369000,95.0,
122IAG,16113772,2026-08-08,2026-08-08T14:47:42.170000,94.0,
122IAG,16113772,2026-08-08,2026-08-08T14:48:35.869000,93.0,
122IAG,16113772,2026-08-08,2026-08-08T14:53:19.969000,,
122IAG,16113772,2026-08-08,2026-08-08T15:07:28.890000,93.0,
122IAG,16113772,2026-08-08,2026-08-08T15:07:36.369000,92.0,
122IAG,16113772,2026-08-08,2026-08-08T15:08:31.569000,91.0,
122IAG,16113772,2026-08-08,2026-08-08T15:09:21.769000,90.0,
122IAG,16113772,2026-08-08,2026-08-08T15:10:17.969000,89.0,
122IAG,16113772,2026-08-08,2026-08-08T15:11:07.169000,88.0,
122IAG,16113772,2026-08-08,2026-08-08T15:12:49.669000,,
122IAG,16113772,2026-08-08,2026-08-08T15:14:15.469000,88.0,
122IAG,16113772,2026-08-08,2026-08-08T15:14:57.669000,87.0,
122IAG,16113772,2026-08-08,2026-08-08T15:16:06.986000,86.0,
122IAG,16113772,2026-08-08,2026-08-08T15:17:46.769000,,
122IAG,16113772,2026-08-08,2026-08-08T15:20:17.282000,86.0,
122IAG,16113772,2026-08-08,2026-08-08T15:20:37.869000,85.0,
122IAG,16113772,2026-08-08,2026-08-08T15:21:26.075000,84.0,
122IAG,16113772,2026-08-08,2026-08-08T15:22:44.369000,83.0,
122IAG,16113772,2026-08-08,2026-08-08T15:23:57.186000,82.0,
122IAG,16113772,2026-08-08,2026-08-08T15:25:59.169000,,
122IAG,16113772,2026-08-08,2026-08-08T15:26:18.769000,82.0,
122IAG,16113772,2026-08-08,2026-08-08T15:26:26.283000,,
122IAG,16113772,2026-08-08,2026-08-08T15:26:28.779000,82.0,
122IAG,16113772,2026-08-08,2026-08-08T15:26:33.782000,,
122IAG,16113772,2026-08-08,2026-08-08T15:27:35.890000,82.0,
122IAG,16113772,2026-08-08,2026-08-08T15:27:51.266000,81.0,
122IAG,16113772,2026-08-08,2026-08-08T15:28:37.766000,80.0,
122IAG,16113772,2026-08-08,2026-08-08T15:30:48.266000,,
122IAG,16113772,2026-08-08,2026-08-08T15:33:11.679000,80.0,
122IAG,16113772,2026-08-08,2026-08-08T15:33:20.769000,79.0,
122IAG,16113772,2026-08-08,2026-08-08T15:34:14.971000,78.0,
122IAG,16113772,2026-08-08,2026-08-08T15:37:50.780000,77.0,
122IAG,16113772,2026-08-08,2026-08-08T15:38:24.966000,76.0,
122IAG,16113772,2026-08-08,2026-08-08T15:39:16.674000,75.0,
122IAG,16113772,2026-08-08,2026-08-08T15:42:02.766000,,
122IAG,16113772,2026-08-08,2026-08-08T15:44:10.566000,75.0,
122IAG,16113772,2026-08-08,2026-08-08T15:44:16.581000,,
122IAG,16113772,2026-08-08,2026-08-08T15:44:32.166000,99.0,99.0
122IAG,16113772,2026-08-08,2026-08-08T15:44:37.166000,99.0,
122IAG,16113772,2026-08-08,2026-08-08T15:46:35.681000,98.0,
122IAG,16113772,2026-08-08,2026-08-08T15:47:38.966000,97.0,
122IAG,16113772,2026-08-08,2026-08-08T15:49:32.966000,,
122IAG,16113772,2026-08-08,2026-08-08T15:50:01.966000,97.0,
122IAG,16113772,2026-08-08,2026-08-08T15:50:47.266000,96.0,
122IAG,16113772,2026-08-08,2026-08-08T15:51:46.066000,95.0,
122IAG,16113772,2026-08-08,2026-08-08T15:52:47.366000,94.0,
122IAG,16113772,2026-08-08,2026-08-08T15:54:41.884000,,
122IAG,16113772,2026-08-08,2026-08-08T15:56:10.871000,94.0,
122IAG,16113772,2026-08-08,2026-08-08T15:57:18.677000,93.0,
122IAG,16113772,2026-08-08,2026-08-08T15:58:46.066000,92.0,
122IAG,16113772,2026-08-08,2026-08-08T16:00:12.970000,91.0,
122IAG,16113772,2026-08-08,2026-08-08T16:01:14.278000,90.0,
122IAG,16113772,2026-08-08,2026-08-08T16:02:47.166000,,
122IAG,16113772,2026-08-08,2026-08-08T16:05:06.566000,90.0,
122IAG,16113772,2026-08-08,2026-08-08T16:05:57.266000,89.0,
122IAG,16113772,2026-08-08,2026-08-08T16:08:08.371000,88.0,
122IAG,16113772,2026-08-08,2026-08-08T16:09:53.866000,87.0,
122IAG,16113772,2026-08-08,2026-08-08T16:11:22.766000,86.0,
122IAG,16113772,2026-08-08,2026-08-08T16:13:40.384000,,
122IAG,16113772,2026-08-08,2026-08-08T16:14:36.466000,86.0,
122IAG,16113772,2026-08-08,2026-08-08T16:15:40.166000,85.0,
122IAG,16113772,2026-08-08,2026-08-08T16:17:55.291000,,
122IAG,16113772,2026-08-08,2026-08-08T16:20:27.166000,85.0,
122IAG,16113772,2026-08-08,2026-08-08T16:20:51.786000,84.0,
122IAG,16113772,2026-08-08,2026-08-08T16:22:11.666000,83.0,
122IAG,16113772,2026-08-08,2026-08-08T16:23:55.566000,82.0,
122IAG,16113772,2026-08-08,2026-08-08T16:26:09.666000,,
122IAG,16113772,2026-08-08,2026-08-08T16:27:10.584000,82.0,
122IAG,16113772,2026-08-08,2026-08-08T16:28:56.567000,81.0,
122IAG,16113772,2026-08-08,2026-08-08T16:30:23.977000,80.0,
122IAG,16113772,2026-08-08,2026-08-08T16:31:29.669000,79.0,
122IAG,16113772,2026-08-08,2026-08-08T16:32:30.966000,78.0,
122IAG,16113772,2026-08-08,2026-08-08T16:34:20.966000,77.0,
122IAG,16113772,2026-08-08,2026-08-08T16:37:43.866000,76.0,
122IAG,16113772,2026-08-08,2026-08-08T16:40:03.969000,,
122IAG,16113772,2026-08-08,2026-08-08T16:40:09.066000,76.0,
122IAG,16113772,2026-08-08,2026-08-08T16:40:25.566000,75.0,
122IAG,16113772,2026-08-08,2026-08-08T16:41:35.366000,74.0,
122IAG,16113772,2026-08-08,2026-08-08T16:42:59.266000,,
122IAG,16113772,2026-08-08,2026-08-08T16:46:02.575000,74.0,
122IAG,16113772,2026-08-08,2026-08-08T16:47:27.484000,73.0,
122IAG,16113772,2026-08-08,2026-08-08T16:49:31.566000,72.0,
122IAG,16113772,2026-08-08,2026-08-08T16:50:52.381000,71.0,
122IAG,16113772,2026-08-08,2026-08-08T16:52:40.866000,70.0,
122IAG,16113772,2026-08-08,2026-08-08T16:55:28.066000,,
122IAG,16113772,2026-08-08,2026-08-08T16:56:09.366000,70.0,
122IAG,16113772,2026-08-08,2026-08-08T16:56:25.866000,69.0,
122IAG,16113772,2026-08-08,2026-08-08T16:57:35.673000,68.0,
122IAG,16113772,2026-08-08,2026-08-08T16:59:08.066000,67.0,
122IAG,16113772,2026-08-08,2026-08-08T17:00:23.466000,66.0,
122IAG,16113772,2026-08-08,2026-08-08T17:01:40.766000,65.0,
122IAG,16113772,2026-08-08,2026-08-08T17:03:16.166000,64.0,
122IAG,16113772,2026-08-08,2026-08-08T17:05:12.666000,,
122IAG,16113772,2026-08-08,2026-08-08T17:05:45.666000,64.0,
122IAG,16113772,2026-08-08,2026-08-08T17:06:15.466000,63.0,
122IAG,16113772,2026-08-08,2026-08-08T17:07:26.266000,62.0,
122IAG,16113772,2026-08-08,2026-08-08T17:08:48.181000,,
122IAG,16113772,2026-08-08,2026-08-08T17:09:48.566000,62.0,
122IAG,16113772,2026-08-08,2026-08-08T17:11:01.882000,61.0,
122IAG,16113772,2026-08-08,2026-08-08T17:13:11.466000,60.0,
122IAG,16113772,2026-08-08,2026-08-08T17:14:01.771000,59.0,
122IAG,16113772,2026-08-08,2026-08-08T17:15:49.681000,,
122IAG,16113772,2026-08-08,2026-08-08T17:19:49.366000,59.0,
122IAG,16113772,2026-08-08,2026-08-08T17:20:52.675000,58.0,
122IAG,16113772,2026-08-08,2026-08-08T17:21:59.480000,57.0,
122IAG,16113772,2026-08-08,2026-08-08T17:23:46.890000,56.0,
122IAG,16113772,2026-08-08,2026-08-08T17:24:59.279000,55.0,
122IAG,16113772,2026-08-08,2026-08-08T17:26:02.566000,54.0,
122IAG,16113772,2026-08-08,2026-08-08T17:27:09.380000,53.0,
122IAG,16113772,2026-08-08,2026-08-08T17:28:21.166000,52.0,
122IAG,16113772,2026-08-08,2026-08-08T17:29:19.379000,51.0,
122IAG,16113772,2026-08-08,2026-08-08T17:30:57.866000,50.0,
122IAG,16113772,2026-08-08,2026-08-08T17:32:25.266000,49.0,
122IAG,16113772,2026-08-08,2026-08-08T17:33:54.566000,,
122IAG,16113772,2026-08-08,2026-08-08T17:34:17.366000,49.0,
122IAG,16113772,2026-08-08,2026-08-08T17:35:09.466000,48.0,
122IAG,16113772,2026-08-08,2026-08-08T17:36:06.782000,47.0,
122IAG,16113772,2026-08-08,2026-08-08T17:37:00.966000,46.0,
122IAG,16113772,2026-08-08,2026-08-08T17:38:02.766000,45.0,
122IAG,16113772,2026-08-08,2026-08-08T17:40:05.266000,44.0,
122IAG,16113772,2026-08-08,2026-08-08T17:41:35.166000,43.0,
122IAG,16113772,2026-08-08,2026-08-08T17:42:44.978000,42.0,
122IAG,16113772,2026-08-08,2026-08-08T17:44:17.366000,,
122IAG,16113772,2026-08-08,2026-08-08T17:45:57.666000,42.0,
122IAG,16113772,2026-08-08,2026-08-08T17:46:51.366000,41.0,
122IAG,16113772,2026-08-08,2026-08-08T17:48:50.866000,,
122IAG,16113772,2026-08-08,2026-08-08T17:49:44.666000,41.0,
122IAG,16113772,2026-08-08,2026-08-08T17:50:08.766000,40.0,
122IAG,16113772,2026-08-08,2026-08-08T17:51:58.875000,39.0,
122IAG,16113772,2026-08-08,2026-08-08T17:52:53.566000,38.0,
122IAG,16113772,2026-08-08,2026-08-08T17:53:53.874000,37.0,
122IAG,16113772,2026-08-08,2026-08-08T17:55:10.166000,36.0,
122IAG,16113772,2026-08-08,2026-08-08T17:56:10.966000,35.0,
122IAG,16113772,2026-08-08,2026-08-08T17:57:08.166000,34.0,
122IAG,16113772,2026-08-08,2026-08-08T17:59:23.279000,,
122IAG,16113772,2026-08-08,2026-08-08T17:59:56.766000,34.0,
122IAG,16113772,2026-08-08,2026-08-08T18:00:01.973000,33.0,
122IAG,16113772,2026-08-08,2026-08-08T18:01:16.266000,32.0,
122IAG,16113772,2026-08-08,2026-08-08T18:02:59.280000,31.0,
122IAG,16113772,2026-08-08,2026-08-08T18:03:50.478000,30.0,
122IAG,16113772,2026-08-08,2026-08-08T18:05:11.374000,29.0,
122IAG,16113772,2026-08-08,2026-08-08T18:06:07.566000,28.0,
122IAG,16113772,2026-08-08,2026-08-08T18:07:13.866000,27.0,
122IAG,16113772,2026-08-08,2026-08-08T18:09:06.866000,26.0,
122IAG,16113772,2026-08-08,2026-08-08T18:10:27.766000,,
122IAG,16113772,2026-08-08,2026-08-08T18:10:34.666000,,95.0
122IAG,16113772,2026-08-08,2026-08-08T18:10:35.166000,95.0,95.0
122IAG,16113772,2026-08-08,2026-08-08T18:10:39.666000,95.0,
122IAG,16113772,2026-08-08,2026-08-08T18:11:29.066000,95.0,80.0
122IAG,16113772,2026-08-08,2026-08-08T18:13:12.866000,95.0,
122IAG,16113772,2026-08-08,2026-08-08T18:13:13.166000,,
122IAG,16113772,2026-08-08,2026-08-08T18:13:50.083000,95.0,
122IAG,16113772,2026-08-08,2026-08-08T18:13:50.766000,95.0,80.0
122IAG,16113772,2026-08-08,2026-08-08T18:15:39.466000,95.0,79.0
122IAG,16113772,2026-08-08,2026-08-08T18:16:18.066000,95.0,78.0
122IAG,16113772,2026-08-08,2026-08-08T18:19:49.280000,95.0,77.0
122IAG,16113772,2026-08-08,2026-08-08T18:20:46.266000,95.0,76.0
122IAG,16113772,2026-08-08,2026-08-08T18:22:03.366000,95.0,75.0
122IAG,16113772,2026-08-08,2026-08-08T18:23:06.881000,95.0,74.0
122IAG,16113772,2026-08-08,2026-08-08T18:23:50.466000,95.0,73.0
122IAG,16113772,2026-08-08,2026-08-08T18:25:35.082000,95.0,
122IAG,16113772,2026-08-08,2026-08-08T18:25:35.366000,,
122IAG,16113772,2026-08-08,2026-08-08T18:26:37.166000,95.0,73.0
122IAG,16113772,2026-08-08,2026-08-08T18:27:29.166000,95.0,72.0
122IAG,16113772,2026-08-08,2026-08-08T18:28:34.766000,95.0,71.0
122IAG,16113772,2026-08-08,2026-08-08T18:29:20.278000,95.0,70.0
122IAG,16113772,2026-08-08,2026-08-08T18:30:13.366000,95.0,69.0
122IAG,16113772,2026-08-08,2026-08-08T18:31:11.381000,95.0,68.0
122IAG,16113772,2026-08-08,2026-08-08T18:32:34.466000,95.0,67.0
122IAG,16113772,2026-08-08,2026-08-08T18:33:47.566000,95.0,66.0
122IAG,16113772,2026-08-08,2026-08-08T18:35:27.666000,95.0,65.0
122IAG,16113772,2026-08-08,2026-08-08T18:36:09.166000,95.0,64.0
122IAG,16113772,2026-08-08,2026-08-08T18:37:06.766000,95.0,63.0
122IAG,16113772,2026-08-08,2026-08-08T18:38:49.766000,,
122IAG,16113772,2026-08-08,2026-08-08T18:39:51.366000,95.0,63.0
122IAG,16113772,2026-08-08,2026-08-08T18:41:13.966000,95.0,62.0
122IAG,16113772,2026-08-08,2026-08-08T18:41:57.466000,95.0,61.0
122IAG,16113772,2026-08-08,2026-08-08T18:43:51.566000,95.0,60.0
122IAG,16113772,2026-08-08,2026-08-08T18:44:35.666000,95.0,59.0
122IAG,16113772,2026-08-08,2026-08-08T18:45:40.166000,95.0,58.0
122IAG,16113772,2026-08-08,2026-08-08T18:46:23.272000,95.0,57.0
122IAG,16113772,2026-08-08,2026-08-08T18:47:40.766000,95.0,56.0
122IAG,16113772,2026-08-08,2026-08-08T18:48:30.866000,95.0,55.0
122IAG,16113772,2026-08-08,2026-08-08T18:50:15.966000,95.0,54.0
122IAG,16113772,2026-08-08,2026-08-08T18:50:58.966000,95.0,53.0
122IAG,16113772,2026-08-08,2026-08-08T18:53:21.074000,95.0,
122IAG,16113772,2026-08-08,2026-08-08T18:53:21.281000,,
122IAG,16113772,2026-08-08,2026-08-08T18:56:01.166000,95.0,53.0
122IAG,16113772,2026-08-08,2026-08-08T18:56:34.666000,95.0,52.0
122IAG,16113772,2026-08-08,2026-08-08T18:58:25.766000,95.0,51.0
122IAG,16113772,2026-08-08,2026-08-08T18:59:04.366000,95.0,50.0
122IAG,16113772,2026-08-08,2026-08-08T19:01:00.966000,95.0,
122IAG,16113772,2026-08-08,2026-08-08T19:01:01.073000,,
122IAG,16113772,2026-08-08,2026-08-08T19:03:18.766000,95.0,50.0
122IAG,16113772,2026-08-08,2026-08-08T19:04:01.766000,95.0,49.0
122IAG,16113772,2026-08-08,2026-08-08T19:05:16.382000,95.0,48.0
122IAG,16113772,2026-08-08,2026-08-08T19:06:49.466000,95.0,47.0
122IAG,16113772,2026-08-08,2026-08-08T19:08:53.581000,95.0,46.0
122IAG,16113772,2026-08-08,2026-08-08T19:09:28.066000,95.0,45.0
122IAG,16113772,2026-08-08,2026-08-08T19:10:27.666000,95.0,44.0
122IAG,16113772,2026-08-08,2026-08-08T19:11:20.181000,95.0,43.0
122IAG,16113772,2026-08-08,2026-08-08T19:12:56.766000,95.0,42.0
122IAG,16113772,2026-08-08,2026-08-08T19:13:46.266000,95.0,41.0
122IAG,16113772,2026-08-08,2026-08-08T19:14:48.866000,95.0,40.0
122IAG,16113772,2026-08-08,2026-08-08T19:16:13.466000,95.0,39.0
122IAG,16113772,2026-08-08,2026-08-08T19:17:57.082000,95.0,
122IAG,16113772,2026-08-08,2026-08-08T19:17:57.371000,,
122IAG,16113772,2026-08-08,2026-08-08T19:18:50.382000,95.0,
122IAG,16113772,2026-08-08,2026-08-08T19:18:50.881000,95.0,39.0
122IAG,16113772,2026-08-08,2026-08-08T19:19:32.169000,95.0,38.0
122IAG,16113772,2026-08-08,2026-08-08T19:20:17.182000,95.0,37.0
122IAG,16113772,2026-08-08,2026-08-08T19:21:03.166000,95.0,36.0
122IAG,16113772,2026-08-08,2026-08-08T19:21:47.767000,95.0,35.0
122IAG,16113772,2026-08-08,2026-08-08T19:22:47.269000,95.0,34.0
122IAG,16113772,2026-08-08,2026-08-08T19:25:01.466000,95.0,33.0
122IAG,16113772,2026-08-08,2026-08-08T19:25:45.466000,95.0,32.0
122IAG,16113772,2026-08-08,2026-08-08T19:26:28.466000,95.0,31.0
122IAG,16113772,2026-08-08,2026-08-08T19:27:55.066000,95.0,
122IAG,16113772,2026-08-08,2026-08-08T19:27:55.180000,,
122IAG,16113772,2026-08-08,2026-08-08T19:28:53.066000,95.0,31.0
122IAG,16113772,2026-08-08,2026-08-08T19:29:47.566000,95.0,30.0
122IAG,16113772,2026-08-08,2026-08-08T19:31:45.666000,95.0,
122IAG,16113772,2026-08-08,2026-08-08T19:31:46.068000,,
122IAG,16113772,2026-08-08,2026-08-08T19:32:26.266000,95.0,
122IAG,16113772,2026-08-08,2026-08-08T19:32:26.985000,95.0,30.0
122IAG,16113772,2026-08-08,2026-08-08T19:32:54.790000,95.0,29.0
122IAG,16113772,2026-08-08,2026-08-08T19:33:34.266000,95.0,28.0
122IAG,16113772,2026-08-08,2026-08-08T19:34:25.874000,95.0,27.0
122IAG,16113772,2026-08-08,2026-08-08T19:35:22.366000,95.0,26.0
122IAG,16113772,2026-08-08,2026-08-08T19:36:12.966000,95.0,25.0
122IAG,16113772,2026-08-08,2026-08-08T19:37:16.467000,95.0,24.0
122IAG,16113772,2026-08-08,2026-08-08T19:38:01.566000,95.0,23.0
122IAG,16113772,2026-08-08,2026-08-08T19:38:49.566000,95.0,22.0
122IAG,16113772,2026-08-08,2026-08-08T19:39:51.166000,95.0,21.0
122IAG,16113772,2026-08-08,2026-08-08T19:41:31.774000,,
122IAG,16113772,2026-08-08,2026-08-08T19:42:36.566000,95.0,21.0
122IAG,16113772,2026-08-08,2026-08-08T19:43:22.574000,95.0,20.0
122IAG,16113772,2026-08-08,2026-08-08T19:44:05.766000,94.0,20.0
122IAG,16113772,2026-08-08,2026-08-08T19:46:51.766000,93.0,20.0
122IAG,16113772,2026-08-08,2026-08-08T19:47:58.975000,92.0,20.0
122IAG,16113772,2026-08-08,2026-08-08T19:50:45.466000,,
122IAG,16113772,2026-08-08,2026-08-08T19:57:33.785000,92.0,20.0
122IAG,16113772,2026-08-08,2026-08-08T19:57:42.766000,91.0,20.0
122IAG,16113772,2026-08-08,2026-08-08T20:00:02.666000,90.0,20.0
122IAG,16113772,2026-08-08,2026-08-08T20:01:27.966000,89.0,20.0
122IAG,16113772,2026-08-08,2026-08-08T20:02:24.566000,88.0,20.0
122IAG,16113772,2026-08-08,2026-08-08T20:03:48.870000,87.0,20.0
122IAG,16113772,2026-08-08,2026-08-08T20:04:50.568000,86.0,20.0
122IAG,16113772,2026-08-08,2026-08-08T20:06:45.366000,85.0,20.0
122IAG,16113772,2026-08-08,2026-08-08T20:08:23.366000,85.0,
122IAG,16113772,2026-08-08,2026-08-08T20:08:23.666000,,
122IAG,16113772,2026-08-08,2026-08-08T20:09:07.666000,85.0,
122IAG,16113772,2026-08-08,2026-08-08T20:09:08.367000,85.0,20.0
122IAG,16113772,2026-08-08,2026-08-08T20:10:08.466000,84.0,20.0
122IAG,16113772,2026-08-08,2026-08-08T20:10:56.680000,83.0,20.0
122IAG,16113772,2026-08-08,2026-08-08T20:12:24.366000,82.0,20.0
122IAG,16113772,2026-08-08,2026-08-08T20:13:26.072000,81.0,20.0
122IAG,16113772,2026-08-08,2026-08-08T20:14:32.281000,80.0,20.0
122IAG,16113772,2026-08-08,2026-08-08T20:16:53.376000,80.0,
122IAG,16113772,2026-08-08,2026-08-08T20:16:55.666000,,
122IAG,16113772,2026-08-10,2026-08-10T04:42:52.876000,,
122IAG,16113772,2026-08-10,2026-08-10T15:33:36.883000,,100.0
122IAG,16113772,2026-08-10,2026-08-10T15:33:37.170000,100.0,100.0
122IAG,16113772,2026-08-10,2026-08-10T15:33:41.870000,100.0,
122IAG,16113772,2026-08-10,2026-08-10T15:35:38.570000,,
122IAG,16113772,2026-08-10,2026-08-10T15:36:26.970000,100.0,
122IAG,16113772,2026-08-10,2026-08-10T15:37:39.595000,99.0,
122IAG,16113772,2026-08-10,2026-08-10T15:39:07.970000,98.0,
122IAG,16113772,2026-08-10,2026-08-10T15:40:14.770000,97.0,
122IAG,16113772,2026-08-10,2026-08-10T15:41:51.570000,,
122IAG,16113772,2026-08-10,2026-08-10T16:26:52.066000,78.0,
122IAG,16113772,2026-08-10,2026-08-10T16:27:12.666000,77.0,
122IAG,16113772,2026-08-10,2026-08-10T16:29:12.066000,76.0,
122IAG,16113772,2026-08-10,2026-08-10T16:30:38.366000,,
122IAG,16113772,2026-08-10,2026-08-10T16:31:13.166000,76.0,
122IAG,16113772,2026-08-10,2026-08-10T16:31:05.713000,,
122IAG,16113772,2026-08-10,2026-08-10T16:31:56.309000,76.0,
122IAG,16113772,2026-08-10,2026-08-10T16:32:22.509000,75.0,
122IAG,16113772,2026-08-10,2026-08-10T16:33:58.922000,74.0,
122IAG,16113772,2026-08-10,2026-08-10T16:34:50.609000,73.0,
122IAG,16113772,2026-08-10,2026-08-10T16:35:38.809000,72.0,
122IAG,16113772,2026-08-10,2026-08-10T16:36:33.509000,71.0,
122IAG,16113772,2026-08-10,2026-08-10T16:37:54.819000,,
122IAG,16113772,2026-08-10,2026-08-10T16:38:40.109000,71.0,
122IAG,16113772,2026-08-10,2026-08-10T16:39:45.309000,70.0,
122IAG,16113772,2026-08-10,2026-08-10T16:41:42.709000,,
122IAG,16113772,2026-08-10,2026-08-10T16:42:43.409000,70.0,
122IAG,16113772,2026-08-10,2026-08-10T16:43:12.609000,69.0,
122IAG,16113772,2026-08-10,2026-08-10T16:45:35.109000,,
122IAG,16113772,2026-08-10,2026-08-10T16:47:16.920000,69.0,
122IAG,16113772,2026-08-10,2026-08-10T16:47:48.009000,68.0,
122IAG,16113772,2026-08-10,2026-08-10T16:49:42.809000,82.0,
122IAG,16113772,2026-08-10,2026-08-10T16:49:43.009000,68.0,
122IAG,16113772,2026-08-10,2026-08-10T16:49:43.209000,68.0,82.0
122IAG,16113772,2026-08-10,2026-08-10T16:51:13.809000,,82.0
122IAG,16113772,2026-08-10,2026-08-10T16:51:13.921000,,
122IAG,16113772,2026-08-10,2026-08-10T16:51:35.111000,,82.0
122IAG,16113772,2026-08-10,2026-08-10T16:51:35.609000,68.0,82.0
122IAG,16113772,2026-08-10,2026-08-10T16:52:05.009000,67.0,82.0
122IAG,16113772,2026-08-10,2026-08-10T16:54:41.609000,,
122IAG,16113772,2026-08-10,2026-08-10T16:55:46.328000,67.0,82.0
122IAG,16113772,2026-08-10,2026-08-10T16:56:10.509000,66.0,82.0
122IAG,16113772,2026-08-10,2026-08-10T16:59:29.509000,66.0,
122IAG,16113772,2026-08-10,2026-08-10T16:59:29.717000,,
122IAG,16113772,2026-08-10,2026-08-10T17:00:38.209000,66.0,82.0
122IAG,16113772,2026-08-10,2026-08-10T17:00:40.209000,65.0,82.0
122IAG,16113772,2026-08-10,2026-08-10T17:01:26.409000,64.0,82.0
122IAG,16113772,2026-08-10,2026-08-10T17:02:58.309000,63.0,82.0
122IAG,16113772,2026-08-10,2026-08-10T17:06:42.131000,,82.0
122IAG,16113772,2026-08-10,2026-08-10T17:06:42.309000,,
122IAG,16113772,2026-08-10,2026-08-10T17:07:05.528000,,82.0
122IAG,16113772,2026-08-10,2026-08-10T17:07:06.017000,63.0,82.0
122IAG,16113772,2026-08-10,2026-08-10T17:07:50.415000,62.0,82.0
122IAG,16113772,2026-08-10,2026-08-10T17:08:24.609000,61.0,82.0
122IAG,16113772,2026-08-10,2026-08-10T17:09:16.809000,60.0,82.0
122IAG,16113772,2026-08-10,2026-08-10T17:10:01.427000,59.0,82.0
122IAG,16113772,2026-08-10,2026-08-10T17:10:51.117000,58.0,82.0
122IAG,16113772,2026-08-10,2026-08-10T17:12:55.609000,,82.0
122IAG,16113772,2026-08-10,2026-08-10T17:12:55.909000,,
122IAG,16113772,2026-08-10,2026-08-10T17:13:19.109000,,82.0
122IAG,16113772,2026-08-10,2026-08-10T17:13:19.709000,58.0,82.0
122IAG,16113772,2026-08-10,2026-08-10T17:13:49.809000,57.0,82.0
122IAG,16113772,2026-08-10,2026-08-10T17:14:42.615000,56.0,82.0
122IAG,16113772,2026-08-10,2026-08-10T17:15:29.724000,55.0,82.0
122IAG,16113772,2026-08-10,2026-08-10T17:17:53.329000,,
122IAG,16113772,2026-08-10,2026-08-10T17:19:44.310000,,82.0
122IAG,16113772,2026-08-10,2026-08-10T17:19:44.409000,55.0,82.0
122IAG,16113772,2026-08-10,2026-08-10T17:20:12.509000,54.0,82.0
122IAG,16113772,2026-08-10,2026-08-10T17:21:27.309000,53.0,82.0
122IAG,16113772,2026-08-10,2026-08-10T17:22:24.509000,52.0,82.0
122IAG,16113772,2026-08-10,2026-08-10T17:24:07.928000,,82.0
122IAG,16113772,2026-08-10,2026-08-10T17:24:08.109000,,
122IAG,16113772,2026-08-10,2026-08-10T17:24:23.809000,,82.0
122IAG,16113772,2026-08-10,2026-08-10T17:24:24.425000,52.0,82.0
122IAG,16113772,2026-08-10,2026-08-10T17:25:34.715000,51.0,82.0
122IAG,16113772,2026-08-10,2026-08-10T17:28:20.409000,50.0,82.0
122IAG,16113772,2026-08-10,2026-08-10T17:29:17.610000,49.0,82.0
122IAG,16113772,2026-08-10,2026-08-10T17:31:28.009000,49.0,
122IAG,16113772,2026-08-10,2026-08-10T17:31:28.109000,,
122IAG,16113772,2026-08-10,2026-08-10T17:32:51.909000,49.0,82.0
122IAG,16113772,2026-08-10,2026-08-10T17:33:08.509000,48.0,82.0
122IAG,16113772,2026-08-10,2026-08-10T17:33:56.716000,47.0,82.0
122IAG,16113772,2026-08-10,2026-08-10T17:35:22.509000,46.0,82.0
122IAG,16113772,2026-08-10,2026-08-10T17:36:18.209000,45.0,82.0
122IAG,16113772,2026-08-10,2026-08-10T17:38:04.809000,45.0,
122IAG,16113772,2026-08-10,2026-08-10T17:38:05.109000,,
122IAG,16113772,2026-08-10,2026-08-10T17:39:39.209000,,82.0
122IAG,16113772,2026-08-10,2026-08-10T17:39:39.313000,45.0,82.0
122IAG,16113772,2026-08-10,2026-08-10T17:40:09.909000,44.0,82.0
122IAG,16113772,2026-08-10,2026-08-10T17:41:38.709000,43.0,82.0
122IAG,16113772,2026-08-10,2026-08-10T17:42:32.909000,42.0,82.0
122IAG,16113772,2026-08-10,2026-08-10T17:43:21.109000,41.0,82.0
122IAG,16113772,2026-08-10,2026-08-10T17:44:08.317000,40.0,82.0
122IAG,16113772,2026-08-10,2026-08-10T17:45:03.509000,39.0,82.0
122IAG,16113772,2026-08-10,2026-08-10T17:47:29.109000,,
122IAG,16113772,2026-08-10,2026-08-10T17:48:31.120000,39.0,82.0
122IAG,16113772,2026-08-10,2026-08-10T17:48:54.209000,38.0,82.0
122IAG,16113772,2026-08-10,2026-08-10T17:49:51.509000,37.0,82.0
122IAG,16113772,2026-08-10,2026-08-10T17:51:50.709000,37.0,
122IAG,16113772,2026-08-10,2026-08-10T17:51:50.909000,,
122IAG,16113772,2026-08-10,2026-08-10T17:52:23.709000,,82.0
122IAG,16113772,2026-08-10,2026-08-10T17:52:24.209000,37.0,82.0
122IAG,16113772,2026-08-10,2026-08-10T17:52:41.109000,36.0,82.0
122IAG,16113772,2026-08-10,2026-08-10T17:53:24.309000,35.0,82.0
122IAG,16113772,2026-08-10,2026-08-10T17:54:16.013000,34.0,82.0
122IAG,16113772,2026-08-10,2026-08-10T17:55:10.716000,33.0,82.0
122IAG,16113772,2026-08-10,2026-08-10T17:57:17.709000,,
122IAG,16113772,2026-08-10,2026-08-10T17:58:23.509000,,82.0
122IAG,16113772,2026-08-10,2026-08-10T17:58:23.613000,33.0,82.0
122IAG,16113772,2026-08-10,2026-08-10T17:58:33.109000,32.0,82.0
122IAG,16113772,2026-08-10,2026-08-10T17:59:27.309000,31.0,82.0
122IAG,16113772,2026-08-10,2026-08-10T18:01:29.809000,,82.0
122IAG,16113772,2026-08-10,2026-08-10T18:01:30.109000,,
122IAG,16113772,2026-08-10,2026-08-10T18:03:17.309000,,81.0
122IAG,16113772,2026-08-10,2026-08-10T18:03:17.425000,31.0,81.0
122IAG,16113772,2026-08-10,2026-08-10T18:03:36.409000,30.0,81.0
122IAG,16113772,2026-08-10,2026-08-10T18:04:28.609000,29.0,81.0
122IAG,16113772,2026-08-10,2026-08-10T18:06:04.825000,29.0,
122IAG,16113772,2026-08-10,2026-08-10T18:06:05.009000,,
122IAG,16113772,2026-08-10,2026-08-10T18:07:28.909000,,81.0
122IAG,16113772,2026-08-10,2026-08-10T18:07:29.409000,29.0,81.0
122IAG,16113772,2026-08-10,2026-08-10T18:08:08.015000,28.0,81.0
122IAG,16113772,2026-08-10,2026-08-10T18:10:24.009000,,81.0
122IAG,16113772,2026-08-10,2026-08-10T18:10:24.421000,,
122IAG,16113772,2026-08-10,2026-08-10T18:11:17.409000,,81.0
122IAG,16113772,2026-08-10,2026-08-10T18:11:18.123000,28.0,81.0
122IAG,16113772,2026-08-10,2026-08-10T18:11:39.921000,27.0,81.0
122IAG,16113772,2026-08-10,2026-08-10T18:12:41.109000,26.0,81.0
122IAG,16113772,2026-08-10,2026-08-10T18:14:15.512000,25.0,81.0
122IAG,16113772,2026-08-10,2026-08-10T18:15:10.709000,24.0,81.0
122IAG,16113772,2026-08-10,2026-08-10T18:16:03.934000,23.0,81.0
122IAG,16113772,2026-08-10,2026-08-10T18:16:40.609000,22.0,81.0
122IAG,16113772,2026-08-10,2026-08-10T18:17:29.709000,21.0,81.0
122IAG,16113772,2026-08-10,2026-08-10T18:18:36.509000,20.0,81.0
122IAG,16113772,2026-08-11,2026-08-11T04:38:28.876000,,
122IAG,16113772,2026-08-11,2026-08-11T15:32:21.915000,100.0,100.0
122IAG,16113772,2026-08-11,2026-08-11T15:32:25.621000,100.0,
122IAG,16113772,2026-08-11,2026-08-11T15:32:28.612000,100.0,100.0
122IAG,16113772,2026-08-11,2026-08-11T15:33:35.812000,,100.0
122IAG,16113772,2026-08-11,2026-08-11T15:33:36.312000,,
122IAG,16113772,2026-08-11,2026-08-11T15:34:35.312000,100.0,
122IAG,16113772,2026-08-11,2026-08-11T15:34:35.812000,100.0,100.0
122IAG,16113772,2026-08-11,2026-08-11T15:36:04.724000,100.0,99.0
122IAG,16113772,2026-08-11,2026-08-11T15:37:09.012000,100.0,98.0
122IAG,16113772,2026-08-11,2026-08-11T15:37:55.719000,100.0,97.0
122IAG,16113772,2026-08-11,2026-08-11T15:40:06.612000,,97.0
122IAG,16113772,2026-08-11,2026-08-11T15:40:06.727000,,
122IAG,16113772,2026-08-11,2026-08-11T15:42:42.612000,100.0,97.0
122IAG,16113772,2026-08-11,2026-08-11T15:42:54.112000,100.0,96.0
122IAG,16113772,2026-08-11,2026-08-11T15:44:01.912000,100.0,95.0
122IAG,16113772,2026-08-11,2026-08-11T15:45:27.312000,100.0,94.0
122IAG,16113772,2026-08-11,2026-08-11T15:46:09.512000,100.0,
122IAG,16113772,2026-08-11,2026-08-11T15:47:17.312000,,
122IAG,16113772,2026-08-11,2026-08-11T15:48:02.812000,100.0,
122IAG,16113772,2026-08-11,2026-08-11T15:48:54.416000,99.0,
122IAG,16113772,2026-08-11,2026-08-11T15:50:23.512000,98.0,
122IAG,16113772,2026-08-11,2026-08-11T15:51:35.112000,97.0,
122IAG,16113772,2026-08-11,2026-08-11T15:53:13.218000,96.0,
122IAG,16113772,2026-08-11,2026-08-11T15:55:29.317000,,
122IAG,16113772,2026-08-11,2026-08-11T15:58:01.512000,96.0,
122IAG,16113772,2026-08-11,2026-08-11T15:58:50.512000,95.0,
122IAG,16113772,2026-08-11,2026-08-11T15:59:36.526000,94.0,
122IAG,16113772,2026-08-11,2026-08-11T16:01:25.712000,,
122IAG,16113772,2026-08-11,2026-08-11T16:02:16.125000,94.0,
122IAG,16113772,2026-08-11,2026-08-11T16:02:48.222000,93.0,
122IAG,16113772,2026-08-11,2026-08-11T16:03:36.812000,92.0,
122IAG,16113772,2026-08-11,2026-08-11T16:04:31.812000,91.0,
122IAG,16113772,2026-08-11,2026-08-11T16:06:35.520000,90.0,
122IAG,16113772,2026-08-11,2026-08-11T16:08:21.617000,89.0,
122IAG,16113772,2026-08-11,2026-08-11T16:10:09.713000,,
122IAG,16113772,2026-08-11,2026-08-11T16:11:59.518000,89.0,
122IAG,16113772,2026-08-11,2026-08-11T16:12:27.012000,88.0,
122IAG,16113772,2026-08-11,2026-08-11T16:13:06.612000,87.0,
122IAG,16113772,2026-08-11,2026-08-11T16:15:20.212000,,
122IAG,16113772,2026-08-11,2026-08-11T16:15:39.813000,87.0,
122IAG,16113772,2026-08-11,2026-08-11T16:15:51.212000,86.0,
122IAG,16113772,2026-08-11,2026-08-11T16:16:34.312000,85.0,
122IAG,16113772,2026-08-11,2026-08-11T16:19:46.518000,,
122IAG,16113772,2026-08-11,2026-08-11T16:23:03.412000,85.0,
122IAG,16113772,2026-08-11,2026-08-11T16:23:12.412000,84.0,
122IAG,16113772,2026-08-11,2026-08-11T16:24:06.912000,83.0,
122IAG,16113772,2026-08-11,2026-08-11T16:25:01.512000,82.0,
122IAG,16113772,2026-08-11,2026-08-11T16:25:55.016000,81.0,
122IAG,16113772,2026-08-11,2026-08-11T16:27:19.612000,,
122IAG,16113772,2026-08-11,2026-08-11T16:29:06.886000,81.0,
122IAG,16113772,2026-08-11,2026-08-11T16:29:17.666000,80.0,
122IAG,16113772,2026-08-11,2026-08-11T16:30:24.266000,,
122IAG,16113772,2026-08-11,2026-08-11T16:31:26.879000,80.0,
122IAG,16113772,2026-08-11,2026-08-11T16:31:45.383000,,
122IAG,16113772,2026-08-11,2026-08-11T16:32:55.365000,80.0,
122IAG,16113772,2026-08-11,2026-08-11T16:33:12.265000,79.0,
122IAG,16113772,2026-08-11,2026-08-11T16:34:08.165000,78.0,
122IAG,16113772,2026-08-11,2026-08-11T16:35:39.469000,,
122IAG,16113772,2026-08-11,2026-08-11T16:35:40.767000,77.0,
122IAG,16113772,2026-08-11,2026-08-11T16:35:59.378000,,
122IAG,16113772,2026-08-11,2026-08-11T16:35:59.465000,77.0,
122IAG,16113772,2026-08-11,2026-08-11T16:38:25.979000,,
122IAG,16113772,2026-08-11,2026-08-11T16:39:29.365000,77.0,
122IAG,16113772,2026-08-11,2026-08-11T16:42:35.065000,76.0,
122IAG,16113772,2026-08-11,2026-08-11T16:43:31.570000,75.0,
122IAG,16113772,2026-08-11,2026-08-11T16:44:23.682000,74.0,
122IAG,16113772,2026-08-11,2026-08-11T16:45:18.665000,73.0,
122IAG,16113772,2026-08-11,2026-08-11T16:46:46.265000,72.0,
122IAG,16113772,2026-08-11,2026-08-11T16:47:35.365000,71.0,
122IAG,16113772,2026-08-11,2026-08-11T16:48:31.865000,70.0,
122IAG,16113772,2026-08-11,2026-08-11T16:49:30.965000,69.0,
122IAG,16113772,2026-08-11,2026-08-11T16:50:49.465000,,
122IAG,16113772,2026-08-11,2026-08-11T16:52:03.185000,69.0,
122IAG,16113772,2026-08-11,2026-08-11T16:52:59.165000,68.0,
122IAG,16113772,2026-08-11,2026-08-11T16:54:21.265000,67.0,
122IAG,16113772,2026-08-11,2026-08-11T16:55:39.365000,66.0,
122IAG,16113772,2026-08-11,2026-08-11T16:56:39.986000,65.0,
122IAG,16113772,2026-08-11,2026-08-11T16:58:41.565000,,
122IAG,16113772,2026-08-11,2026-08-11T17:00:09.965000,65.0,
122IAG,16113772,2026-08-11,2026-08-11T17:00:32.965000,64.0,
122IAG,16113772,2026-08-11,2026-08-11T17:01:55.065000,63.0,
122IAG,16113772,2026-08-11,2026-08-11T17:03:45.665000,,
122IAG,16113772,2026-08-11,2026-08-11T17:04:10.680000,63.0,
122IAG,16113772,2026-08-11,2026-08-11T17:04:15.665000,,
122IAG,16113772,2026-08-11,2026-08-11T17:05:17.894000,62.0,
122IAG,16113772,2026-08-11,2026-08-11T17:05:23.270000,61.0,
122IAG,16113772,2026-08-11,2026-08-11T17:06:31.370000,60.0,
122IAG,16113772,2026-08-11,2026-08-11T17:07:24.370000,59.0,
122IAG,16113772,2026-08-11,2026-08-11T17:09:58.575000,,
122IAG,16113772,2026-08-11,2026-08-11T17:10:40.970000,59.0,
122IAG,16113772,2026-08-11,2026-08-11T17:11:28.670000,58.0,
122IAG,16113772,2026-08-11,2026-08-11T17:13:57.770000,,
122IAG,16113772,2026-08-11,2026-08-11T17:14:56.570000,58.0,
122IAG,16113772,2026-08-11,2026-08-11T17:15:01.070000,57.0,
122IAG,16113772,2026-08-11,2026-08-11T17:16:00.185000,56.0,
122IAG,16113772,2026-08-11,2026-08-11T17:17:03.670000,55.0,
122IAG,16113772,2026-08-11,2026-08-11T17:18:42.770000,,
122IAG,16113772,2026-08-11,2026-08-11T17:21:18.370000,55.0,
122IAG,16113772,2026-08-11,2026-08-11T17:22:23.870000,54.0,
122IAG,16113772,2026-08-11,2026-08-11T17:23:16.970000,53.0,
122IAG,16113772,2026-08-11,2026-08-11T17:24:22.570000,52.0,
122IAG,16113772,2026-08-11,2026-08-11T17:26:35.170000,,
122IAG,16113772,2026-08-11,2026-08-11T17:26:46.073000,52.0,
122IAG,16113772,2026-08-11,2026-08-11T17:26:55.689000,51.0,
122IAG,16113772,2026-08-11,2026-08-11T17:27:44.771000,50.0,
122IAG,16113772,2026-08-11,2026-08-11T17:29:52.870000,49.0,
122IAG,16113772,2026-08-11,2026-08-11T17:30:33.370000,48.0,
122IAG,16113772,2026-08-11,2026-08-11T17:31:54.470000,47.0,
122IAG,16113772,2026-08-11,2026-08-11T17:33:30.570000,46.0,
122IAG,16113772,2026-08-11,2026-08-11T17:35:26.670000,,
122IAG,16113772,2026-08-11,2026-08-11T17:35:27.570000,46.0,
122IAG,16113772,2026-08-11,2026-08-11T17:35:41.670000,45.0,
122IAG,16113772,2026-08-11,2026-08-11T17:36:52.789000,44.0,
122IAG,16113772,2026-08-11,2026-08-11T17:38:10.370000,43.0,
122IAG,16113772,2026-08-11,2026-08-11T17:39:20.370000,42.0,
122IAG,16113772,2026-08-11,2026-08-11T17:39:43.490000,,
122IAG,16113772,2026-08-11,2026-08-11T17:39:44.988000,42.0,
122IAG,16113772,2026-08-11,2026-08-11T17:41:34.088000,41.0,
122IAG,16113772,2026-08-11,2026-08-11T17:42:41.070000,40.0,
122IAG,16113772,2026-08-11,2026-08-11T17:43:26.585000,39.0,
122IAG,16113772,2026-08-11,2026-08-11T17:44:22.184000,38.0,
122IAG,16113772,2026-08-11,2026-08-11T17:46:36.289000,,
122IAG,16113772,2026-08-11,2026-08-11T17:47:05.670000,38.0,
122IAG,16113772,2026-08-11,2026-08-11T17:47:15.890000,37.0,
122IAG,16113772,2026-08-11,2026-08-11T17:48:27.375000,36.0,
122IAG,16113772,2026-08-11,2026-08-11T17:50:07.470000,35.0,
122IAG,16113772,2026-08-11,2026-08-11T17:51:17.570000,34.0,
122IAG,16113772,2026-08-11,2026-08-11T17:52:46.670000,33.0,
122IAG,16113772,2026-08-11,2026-08-11T17:53:54.790000,32.0,
122IAG,16113772,2026-08-11,2026-08-11T17:54:45.287000,31.0,
122IAG,16113772,2026-08-11,2026-08-11T17:57:27.870000,,
122IAG,16113772,2026-08-11,2026-08-11T17:59:02.470000,31.0,
122IAG,16113772,2026-08-11,2026-08-11T17:59:18.470000,30.0,
122IAG,16113772,2026-08-11,2026-08-11T18:00:23.470000,29.0,
122IAG,16113772,2026-08-11,2026-08-11T18:01:07.074000,28.0,
122IAG,16113772,2026-08-11,2026-08-11T18:01:54.070000,27.0,
122IAG,16113772,2026-08-11,2026-08-11T18:04:02.693000,26.0,
122IAG,16113772,2026-08-11,2026-08-11T18:05:09.770000,25.0,
122IAG,16113772,2026-08-11,2026-08-11T18:05:50.870000,24.0,
122IAG,16113772,2026-08-11,2026-08-11T18:06:42.870000,23.0,
122IAG,16113772,2026-08-11,2026-08-11T18:09:04.970000,,
122IAG,16113772,2026-08-11,2026-08-11T18:10:19.671000,,94.0
122IAG,16113772,2026-08-11,2026-08-11T18:11:18.470000,,
122IAG,16113772,2026-08-11,2026-08-11T18:11:39.884000,,94.0
122IAG,16113772,2026-08-11,2026-08-11T18:11:40.070000,94.0,94.0
122IAG,16113772,2026-08-11,2026-08-11T18:11:44.870000,94.0,
122IAG,16113772,2026-08-11,2026-08-11T18:13:15.970000,93.0,
122IAG,16113772,2026-08-11,2026-08-11T18:14:16.270000,92.0,
122IAG,16113772,2026-08-11,2026-08-11T18:15:50.670000,91.0,
122IAG,16113772,2026-08-11,2026-08-11T18:17:40.670000,90.0,
122IAG,16113772,2026-08-11,2026-08-11T18:20:14.470000,,
122IAG,16113772,2026-08-11,2026-08-11T18:22:59.270000,90.0,
122IAG,16113772,2026-08-11,2026-08-11T18:23:03.970000,90.0,99.0
122IAG,16113772,2026-08-11,2026-08-11T18:23:29.981000,89.0,99.0
122IAG,16113772,2026-08-11,2026-08-11T18:24:22.170000,88.0,99.0
122IAG,16113772,2026-08-11,2026-08-11T18:26:00.570000,,
122IAG,16113772,2026-08-11,2026-08-11T18:27:08.170000,88.0,99.0
122IAG,16113772,2026-08-11,2026-08-11T18:28:58.570000,,
122IAG,16113772,2026-08-11,2026-08-11T18:30:58.970000,,99.0
122IAG,16113772,2026-08-11,2026-08-11T18:30:59.970000,88.0,99.0
122IAG,16113772,2026-08-11,2026-08-11T18:31:20.076000,87.0,99.0
122IAG,16113772,2026-08-11,2026-08-11T18:32:16.870000,86.0,99.0
122IAG,16113772,2026-08-11,2026-08-11T18:33:37.570000,86.0,
122IAG,16113772,2026-08-11,2026-08-11T18:33:37.670000,,
122IAG,16113772,2026-08-11,2026-08-11T18:35:16.874000,,99.0
122IAG,16113772,2026-08-11,2026-08-11T18:35:17.870000,86.0,99.0
122IAG,16113772,2026-08-11,2026-08-11T18:37:32.370000,86.0,
122IAG,16113772,2026-08-11,2026-08-11T18:37:32.484000,,
122IAG,16113772,2026-08-11,2026-08-11T18:38:55.070000,86.0,
122IAG,16113772,2026-08-11,2026-08-11T18:38:55.170000,86.0,99.0
122IAG,16113772,2026-08-11,2026-08-11T18:39:10.170000,85.0,99.0
122IAG,16113772,2026-08-11,2026-08-11T18:40:04.370000,84.0,99.0
122IAG,16113772,2026-08-11,2026-08-11T18:41:25.770000,83.0,99.0
122IAG,16113772,2026-08-11,2026-08-11T18:43:03.570000,83.0,
122IAG,16113772,2026-08-11,2026-08-11T18:43:03.670000,,
122IAG,16113772,2026-08-11,2026-08-11T18:43:40.481000,83.0,
122IAG,16113772,2026-08-11,2026-08-11T18:43:41.179000,83.0,99.0
122IAG,16113772,2026-08-11,2026-08-11T18:44:57.770000,82.0,99.0
122IAG,16113772,2026-08-11,2026-08-11T18:46:14.587000,81.0,99.0
122IAG,16113772,2026-08-11,2026-08-11T18:47:53.970000,80.0,99.0
122IAG,16113772,2026-08-11,2026-08-11T18:49:29.082000,80.0,
122IAG,16113772,2026-08-11,2026-08-11T18:49:29.370000,,
122IAG,16113772,2026-08-11,2026-08-11T18:50:21.287000,80.0,
122IAG,16113772,2026-08-11,2026-08-11T18:50:21.986000,80.0,99.0
122IAG,16113772,2026-08-11,2026-08-11T18:51:20.970000,79.0,99.0
122IAG,16113772,2026-08-11,2026-08-11T18:52:33.770000,78.0,99.0
122IAG,16113772,2026-08-11,2026-08-11T18:54:41.884000,,
122IAG,16113772,2026-08-11,2026-08-11T19:04:06.970000,,99.0
122IAG,16113772,2026-08-11,2026-08-11T19:04:07.970000,78.0,99.0
122IAG,16113772,2026-08-11,2026-08-11T19:05:14.270000,78.0,
122IAG,16113772,2026-08-11,2026-08-11T19:05:15.273000,,
122IAG,16113772,2026-08-11,2026-08-11T19:15:32.915000,78.0,99.0
122IAG,16113772,2026-08-11,2026-08-11T19:15:44.170000,77.0,99.0
122IAG,16113772,2026-08-11,2026-08-11T19:17:04.870000,76.0,99.0
122IAG,16113772,2026-08-11,2026-08-11T19:18:14.270000,75.0,99.0
122IAG,16113772,2026-08-11,2026-08-11T19:19:49.670000,74.0,99.0
122IAG,16113772,2026-08-11,2026-08-11T19:21:26.070000,,99.0
122IAG,16113772,2026-08-11,2026-08-11T19:21:26.284000,,
122IAG,16113772,2026-08-11,2026-08-11T19:24:00.770000,74.0,99.0
122IAG,16113772,2026-08-11,2026-08-11T19:24:54.486000,73.0,99.0
122IAG,16113772,2026-08-11,2026-08-11T19:26:21.370000,72.0,99.0
122IAG,16113772,2026-08-11,2026-08-11T19:28:23.370000,71.0,99.0
122IAG,16113772,2026-08-11,2026-08-11T19:29:37.770000,70.0,99.0
122IAG,16113772,2026-08-11,2026-08-11T19:30:53.088000,69.0,99.0
122IAG,16113772,2026-08-11,2026-08-11T19:32:11.380000,68.0,99.0
122IAG,16113772,2026-08-11,2026-08-11T19:33:32.270000,,99.0
122IAG,16113772,2026-08-11,2026-08-11T19:33:32.470000,,
122IAG,16113772,2026-08-11,2026-08-11T19:35:58.570000,,99.0
122IAG,16113772,2026-08-11,2026-08-11T19:35:59.694000,68.0,99.0
122IAG,16113772,2026-08-11,2026-08-11T19:37:11.470000,67.0,99.0
122IAG,16113772,2026-08-11,2026-08-11T19:38:24.770000,66.0,99.0
122IAG,16113772,2026-08-11,2026-08-11T19:40:44.682000,66.0,
122IAG,16113772,2026-08-11,2026-08-11T19:40:44.870000,,
122IAG,16113772,2026-08-11,2026-08-11T19:51:32.070000,66.0,99.0
122IAG,16113772,2026-08-11,2026-08-11T19:52:13.770000,65.0,99.0
122IAG,16113772,2026-08-11,2026-08-11T19:54:37.290000,65.0,
122IAG,16113772,2026-08-11,2026-08-11T19:54:37.370000,,
122IAG,16113772,2026-08-11,2026-08-11T19:56:10.473000,,99.0
122IAG,16113772,2026-08-11,2026-08-11T19:56:11.470000,65.0,99.0
122IAG,16113772,2026-08-11,2026-08-11T19:57:13.270000,64.0,99.0
122IAG,16113772,2026-08-11,2026-08-11T19:59:13.170000,64.0,
122IAG,16113772,2026-08-11,2026-08-11T19:59:13.277000,,
122IAG,16113772,2026-08-11,2026-08-11T20:00:35.170000,64.0,99.0
122IAG,16113772,2026-08-11,2026-08-11T20:01:08.770000,63.0,99.0
122IAG,16113772,2026-08-11,2026-08-11T20:02:32.670000,62.0,99.0
122IAG,16113772,2026-08-11,2026-08-11T20:04:35.570000,62.0,
122IAG,16113772,2026-08-11,2026-08-11T20:04:35.670000,,
122IAG,16113772,2026-08-11,2026-08-11T20:07:39.770000,,99.0
122IAG,16113772,2026-08-11,2026-08-11T20:07:40.870000,62.0,99.0
122IAG,16113772,2026-08-11,2026-08-11T20:08:02.970000,61.0,99.0
122IAG,16113772,2026-08-11,2026-08-11T20:08:44.070000,60.0,99.0
122IAG,16113772,2026-08-11,2026-08-11T20:10:26.070000,,99.0
122IAG,16113772,2026-08-11,2026-08-11T20:10:26.470000,,
122IAG,16113772,2026-08-11,2026-08-11T20:11:54.770000,60.0,99.0
122IAG,16113772,2026-08-11,2026-08-11T20:12:20.875000,,
122IAG,16113772,2026-08-11,2026-08-11T20:12:21.373000,,99.0
122IAG,16113772,2026-08-11,2026-08-11T20:12:21.470000,59.0,99.0
122IAG,16113772,2026-08-11,2026-08-11T20:12:56.070000,,
122IAG,16113772,2026-08-11,2026-08-11T20:12:56.589000,59.0,99.0
122IAG,16113772,2026-08-11,2026-08-11T20:13:30.670000,,
122IAG,16113772,2026-08-11,2026-08-11T20:13:31.670000,,99.0
122IAG,16113772,2026-08-11,2026-08-11T20:13:31.782000,59.0,99.0
122IAG,16113772,2026-08-11,2026-08-11T20:13:43.770000,58.0,99.0
122IAG,16113772,2026-08-11,2026-08-11T20:14:40.970000,58.0,
122IAG,16113772,2026-08-11,2026-08-11T20:14:41.470000,58.0,99.0
122IAG,16113772,2026-08-11,2026-08-11T20:15:15.670000,,99.0
122IAG,16113772,2026-08-11,2026-08-11T20:15:16.072000,58.0,
122IAG,16113772,2026-08-11,2026-08-11T20:15:16.570000,58.0,99.0
122IAG,16113772,2026-08-11,2026-08-11T20:15:50.786000,58.0,
122IAG,16113772,2026-08-11,2026-08-11T20:15:50.870000,,
122IAG,16113772,2026-08-11,2026-08-11T20:15:51.170000,,99.0
122IAG,16113772,2026-08-11,2026-08-11T20:15:51.370000,58.0,99.0
122IAG,16113772,2026-08-11,2026-08-11T20:15:57.870000,,99.0
122IAG,16113772,2026-08-11,2026-08-11T20:15:58.275000,,
122IAG,16113772,2026-08-11,2026-08-11T20:25:39.770000,,99.0
122IAG,16113772,2026-08-11,2026-08-11T20:25:40.770000,58.0,99.0
122IAG,16113772,2026-08-11,2026-08-11T20:26:17.970000,57.0,99.0
122IAG,16113772,2026-08-11,2026-08-11T20:27:40.286000,56.0,99.0
122IAG,16113772,2026-08-11,2026-08-11T20:28:42.089000,55.0,99.0
122IAG,16113772,2026-08-11,2026-08-11T20:29:37.870000,54.0,99.0
122IAG,16113772,2026-08-11,2026-08-11T20:30:31.080000,53.0,99.0
122IAG,16113772,2026-08-11,2026-08-11T20:31:16.270000,52.0,99.0
122IAG,16113772,2026-08-11,2026-08-11T20:32:57.483000,52.0,
122IAG,16113772,2026-08-11,2026-08-11T20:32:57.770000,,
122IAG,16113772,2026-08-11,2026-08-11T20:33:40.170000,,99.0
122IAG,16113772,2026-08-11,2026-08-11T20:33:40.570000,52.0,99.0
122IAG,16113772,2026-08-11,2026-08-11T20:34:40.170000,51.0,99.0
122IAG,16113772,2026-08-11,2026-08-11T20:35:43.481000,50.0,99.0
122IAG,16113772,2026-08-11,2026-08-11T20:36:48.770000,49.0,99.0
122IAG,16113772,2026-08-11,2026-08-11T20:37:53.570000,48.0,99.0
122IAG,16113772,2026-08-11,2026-08-11T20:39:54.070000,47.0,99.0
122IAG,16113772,2026-08-11,2026-08-11T20:40:56.872000,46.0,99.0
122IAG,16113772,2026-08-11,2026-08-11T20:42:18.770000,,
122IAG,16113772,2026-08-11,2026-08-11T20:44:10.970000,,99.0
122IAG,16113772,2026-08-11,2026-08-11T20:44:11.970000,46.0,99.0
122IAG,16113772,2026-08-11,2026-08-11T20:45:14.284000,45.0,99.0
122IAG,16113772,2026-08-11,2026-08-11T20:47:41.370000,,99.0
122IAG,16113772,2026-08-11,2026-08-11T20:47:41.801000,,
122IAG,16113772,2026-08-11,2026-08-11T20:50:51.674000,,99.0
122IAG,16113772,2026-08-11,2026-08-11T20:50:52.670000,45.0,99.0
122IAG,16113772,2026-08-11,2026-08-11T20:50:58.670000,,99.0
122IAG,16113772,2026-08-11,2026-08-11T20:51:58.870000,,
122IAG,16113772,2026-08-11,2026-08-11T20:53:36.170000,,99.0
122IAG,16113772,2026-08-11,2026-08-11T20:55:08.577000,,
122IAG,16113772,2026-08-12,2026-08-12T04:40:07.888000,,
122IAG,16113772,2026-08-13,2026-08-13T05:11:10.888000,,
122IAG,16113772,2026-08-13,2026-08-13T13:00:59.882000,64.0,64.0
122IAG,16113772,2026-08-13,2026-08-13T13:01:03.578000,64.0,
122IAG,16113772,2026-08-13,2026-08-13T13:02:11.487000,64.0,100.0
122IAG,16113772,2026-08-13,2026-08-13T13:03:32.188000,,100.0
122IAG,16113772,2026-08-13,2026-08-13T13:03:32.587000,,
122IAG,16113772,2026-08-13,2026-08-13T13:05:24.769000,,100.0
122IAG,16113772,2026-08-13,2026-08-13T13:05:25.787000,64.0,100.0
122IAG,16113772,2026-08-13,2026-08-13T19:34:44.883000,,
122IAG,16113772,2026-08-13,2026-08-13T19:34:59.870000,100.0,99.0
122IAG,16113772,2026-08-13,2026-08-13T19:37:52.077000,100.0,98.0
122IAG,16113772,2026-08-13,2026-08-13T21:32:03.880000,,
122IAG,16113772,2026-08-14,2026-08-14T04:40:53.889000,,
122IAG,16113772,2026-08-14,2026-08-14T14:08:31.321000,,100.0
122IAG,16113772,2026-08-14,2026-08-14T14:08:31.421000,100.0,100.0
122IAG,16113772,2026-08-14,2026-08-14T14:08:36.421000,100.0,
122IAG,16113772,2026-08-14,2026-08-14T14:09:51.535000,,
122IAG,16113772,2026-08-14,2026-08-14T14:12:07.430000,100.0,
122IAG,16113772,2026-08-14,2026-08-14T14:15:02.621000,99.0,
122IAG,16113772,2026-08-14,2026-08-14T14:16:50.028000,,
122IAG,16113772,2026-08-14,2026-08-14T14:17:51.921000,99.0,
122IAG,16113772,2026-08-14,2026-08-14T14:19:57.821000,98.0,
122IAG,16113772,2026-08-14,2026-08-14T14:21:38.721000,,
122IAG,16113772,2026-08-14,2026-08-14T14:22:16.036000,98.0,
122IAG,16113772,2026-08-14,2026-08-14T14:24:21.923000,97.0,
122IAG,16113772,2026-08-14,2026-08-14T14:26:17.921000,96.0,
122IAG,16113772,2026-08-14,2026-08-14T14:27:57.221000,95.0,
122IAG,16113772,2026-08-14,2026-08-14T14:29:56.721000,94.0,
122IAG,16113772,2026-08-14,2026-08-14T14:31:15.021000,,
122IAG,16113772,2026-08-14,2026-08-14T14:31:16.021000,94.0,
122IAG,16113772,2026-08-14,2026-08-14T14:31:30.121000,93.0,
122IAG,16113772,2026-08-14,2026-08-14T14:33:54.125000,92.0,
122IAG,16113772,2026-08-14,2026-08-14T14:36:53.821000,,
122IAG,16113772,2026-08-14,2026-08-14T14:39:02.421000,92.0,
122IAG,16113772,2026-08-14,2026-08-14T14:40:33.221000,91.0,
122IAG,16113772,2026-08-14,2026-08-14T14:43:10.338000,90.0,
122IAG,16113772,2026-08-14,2026-08-14T14:44:30.121000,89.0,
122IAG,16113772,2026-08-14,2026-08-14T14:45:49.021000,88.0,
122IAG,16113772,2026-08-14,2026-08-14T14:47:59.521000,87.0,
122IAG,16113772,2026-08-14,2026-08-14T14:49:03.721000,86.0,
122IAG,16113772,2026-08-14,2026-08-14T14:50:24.532000,85.0,
122IAG,16113772,2026-08-14,2026-08-14T14:51:28.821000,84.0,
122IAG,16113772,2026-08-14,2026-08-14T14:52:25.021000,83.0,
122IAG,16113772,2026-08-14,2026-08-14T14:54:27.721000,,
122IAG,16113772,2026-08-14,2026-08-14T14:54:28.021000,83.0,
122IAG,16113772,2026-08-14,2026-08-14T14:54:33.029000,,
122IAG,16113772,2026-08-14,2026-08-14T14:54:35.327000,83.0,
122IAG,16113772,2026-08-14,2026-08-14T14:54:59.621000,,
122IAG,16113772,2026-08-14,2026-08-14T14:58:16.030000,83.0,
122IAG,16113772,2026-08-14,2026-08-14T14:58:49.134000,82.0,
122IAG,16113772,2026-08-14,2026-08-14T15:00:35.021000,81.0,
122IAG,16113772,2026-08-14,2026-08-14T15:03:32.240000,,
122IAG,16113772,2026-08-14,2026-08-14T15:04:30.536000,81.0,
122IAG,16113772,2026-08-14,2026-08-14T15:06:14.921000,,
122IAG,16113772,2026-08-14,2026-08-14T15:06:15.421000,81.0,
122IAG,16113772,2026-08-14,2026-08-14T15:06:53.521000,80.0,
122IAG,16113772,2026-08-14,2026-08-14T15:08:00.821000,,
122IAG,16113772,2026-08-14,2026-08-14T15:08:02.321000,80.0,
122IAG,16113772,2026-08-14,2026-08-14T15:08:25.921000,79.0,
122IAG,16113772,2026-08-14,2026-08-14T15:10:37.431000,,
122IAG,16113772,2026-08-14,2026-08-14T15:11:18.123000,79.0,
122IAG,16113772,2026-08-14,2026-08-14T15:13:17.621000,78.0,
122IAG,16113772,2026-08-14,2026-08-14T15:15:27.534000,77.0,
122IAG,16113772,2026-08-14,2026-08-14T15:17:19.021000,76.0,
122IAG,16113772,2026-08-14,2026-08-14T15:19:08.921000,75.0,
122IAG,16113772,2026-08-14,2026-08-14T15:20:48.830000,,
122IAG,16113772,2026-08-14,2026-08-14T15:20:49.721000,75.0,
122IAG,16113772,2026-08-14,2026-08-14T15:21:40.021000,,
122IAG,16113772,2026-08-14,2026-08-14T15:22:02.221000,75.0,
122IAG,16113772,2026-08-14,2026-08-14T15:22:15.733000,74.0,
122IAG,16113772,2026-08-14,2026-08-14T15:25:20.939000,73.0,
122IAG,16113772,2026-08-14,2026-08-14T15:28:48.721000,,
122IAG,16113772,2026-08-14,2026-08-14T15:29:50.326000,73.0,
122IAG,16113772,2026-08-14,2026-08-14T15:31:19.621000,72.0,
122IAG,16113772,2026-08-14,2026-08-14T15:33:47.721000,71.0,
122IAG,16113772,2026-08-14,2026-08-14T15:36:59.921000,70.0,
122IAG,16113772,2026-08-14,2026-08-14T15:39:20.521000,,
122IAG,16113772,2026-08-14,2026-08-14T15:42:02.721000,70.0,
122IAG,16113772,2026-08-14,2026-08-14T15:42:33.321000,69.0,
122IAG,16113772,2026-08-14,2026-08-14T15:43:57.221000,68.0,
122IAG,16113772,2026-08-14,2026-08-14T15:45:25.521000,67.0,
122IAG,16113772,2026-08-14,2026-08-14T15:48:16.636000,,
122IAG,16113772,2026-08-14,2026-08-14T15:49:20.633000,67.0,
122IAG,16113772,2026-08-14,2026-08-14T15:49:51.321000,66.0,
122IAG,16113772,2026-08-14,2026-08-14T15:51:55.721000,,
122IAG,16113772,2026-08-14,2026-08-14T15:52:26.238000,66.0,
122IAG,16113772,2026-08-14,2026-08-14T15:53:45.221000,65.0,
122IAG,16113772,2026-08-14,2026-08-14T15:54:59.038000,64.0,
122IAG,16113772,2026-08-14,2026-08-14T15:56:51.421000,63.0,
122IAG,16113772,2026-08-14,2026-08-14T15:59:06.421000,,
122IAG,16113772,2026-08-14,2026-08-14T16:00:25.429000,63.0,
122IAG,16113772,2026-08-14,2026-08-14T16:01:53.221000,62.0,
122IAG,16113772,2026-08-14,2026-08-14T16:03:51.721000,61.0,
122IAG,16113772,2026-08-14,2026-08-14T16:06:12.221000,60.0,
122IAG,16113772,2026-08-14,2026-08-14T16:11:02.339000,,
122IAG,16113772,2026-08-14,2026-08-14T16:12:53.021000,100.0,100.0
122IAG,16113772,2026-08-14,2026-08-14T16:12:54.035000,60.0,100.0
122IAG,16113772,2026-08-14,2026-08-14T16:13:36.621000,60.0,
122IAG,16113772,2026-08-14,2026-08-14T16:13:57.330000,,
122IAG,16113772,2026-08-14,2026-08-14T16:14:05.021000,100.0,
122IAG,16113772,2026-08-14,2026-08-14T16:15:34.021000,,
122IAG,16113772,2026-08-14,2026-08-14T16:16:43.322000,100.0,
122IAG,16113772,2026-08-14,2026-08-14T16:19:46.421000,99.0,
122IAG,16113772,2026-08-14,2026-08-14T16:21:42.721000,98.0,
122IAG,16113772,2026-08-14,2026-08-14T16:24:27.221000,97.0,
122IAG,16113772,2026-08-14,2026-08-14T16:26:29.133000,,
122IAG,16113772,2026-08-14,2026-08-14T16:26:54.039000,97.0,
122IAG,16113772,2026-08-14,2026-08-14T16:28:37.439000,96.0,
122IAG,16113772,2026-08-14,2026-08-14T16:31:54.521000,,
122IAG,16113772,2026-08-14,2026-08-14T16:36:04.540000,96.0,
122IAG,16113772,2026-08-14,2026-08-14T16:37:02.129000,95.0,
122IAG,16113772,2026-08-14,2026-08-14T16:38:41.421000,94.0,
122IAG,16113772,2026-08-14,2026-08-14T16:39:51.621000,93.0,
122IAG,16113772,2026-08-14,2026-08-14T16:43:18.721000,,
122IAG,16113772,2026-08-14,2026-08-14T16:43:41.721000,93.0,
122IAG,16113772,2026-08-14,2026-08-14T16:44:17.921000,92.0,
122IAG,16113772,2026-08-14,2026-08-14T16:46:12.821000,91.0,
122IAG,16113772,2026-08-14,2026-08-14T16:47:47.635000,90.0,
122IAG,16113772,2026-08-14,2026-08-14T16:49:04.821000,89.0,
122IAG,16113772,2026-08-14,2026-08-14T16:50:54.621000,88.0,
122IAG,16113772,2026-08-14,2026-08-14T16:53:40.121000,,
122IAG,16113772,2026-08-14,2026-08-14T16:55:54.834000,88.0,
122IAG,16113772,2026-08-14,2026-08-14T20:43:59.919000,73.0,
122IAG,16113772,2026-08-14,2026-08-14T20:45:57.069000,,
122IAG,16113772,2026-08-14,2026-08-14T20:47:14.723000,73.0,
122IAG,16113772,2026-08-14,2026-08-14T20:47:59.270000,72.0,
122IAG,16113772,2026-08-14,2026-08-14T20:51:01.769000,,
122IAG,16113772,2026-08-14,2026-08-14T20:53:13.369000,72.0,
122IAG,16113772,2026-08-14,2026-08-14T20:53:50.480000,71.0,
122IAG,16113772,2026-08-14,2026-08-14T21:08:06.911000,,
122IAG,16113772,2026-08-14,2026-08-14T21:08:32.466000,68.0,
122IAG,16113772,2026-08-14,2026-08-14T21:10:01.169000,67.0,
122IAG,16113772,2026-08-14,2026-08-14T21:11:49.066000,66.0,
122IAG,16113772,2026-08-14,2026-08-14T21:14:23.478000,65.0,
122IAG,16113772,2026-08-14,2026-08-14T21:16:10.266000,,
122IAG,16113772,2026-08-14,2026-08-14T21:16:38.073000,65.0,
122IAG,16113772,2026-08-14,2026-08-14T21:18:47.766000,64.0,
122IAG,16113772,2026-08-14,2026-08-14T21:20:11.566000,63.0,
122IAG,16113772,2026-08-14,2026-08-14T21:22:08.366000,62.0,
122IAG,16113772,2026-08-14,2026-08-14T21:24:40.366000,,
122IAG,16113772,2026-08-14,2026-08-14T21:25:32.369000,62.0,
122IAG,16113772,2026-08-14,2026-08-14T21:26:42.566000,61.0,
122IAG,16113772,2026-08-14,2026-08-14T21:28:29.366000,60.0,
122IAG,16113772,2026-08-14,2026-08-14T21:30:30.766000,59.0,
122IAG,16113772,2026-08-14,2026-08-14T21:33:36.767000,,
122IAG,16113772,2026-08-14,2026-08-14T21:33:44.166000,100.0,100.0
122IAG,16113772,2026-08-14,2026-08-14T21:33:49.166000,100.0,
122IAG,16113772,2026-08-14,2026-08-14T21:35:10.772000,,
122IAG,16113772,2026-08-15,2026-08-15T04:42:06.889000,,
122IAG,16113772,2026-08-15,2026-08-15T13:32:24.948000,89.0,89.0
122IAG,16113772,2026-08-15,2026-08-15T13:32:28.632000,89.0,
122IAG,16113772,2026-08-15,2026-08-15T13:33:49.134000,,
122IAG,16113772,2026-08-15,2026-08-15T13:34:11.844000,89.0,
122IAG,16113772,2026-08-15,2026-08-15T13:35:35.629000,88.0,
122IAG,16113772,2026-08-15,2026-08-15T13:37:32.129000,87.0,
122IAG,16113772,2026-08-15,2026-08-15T13:41:26.629000,86.0,
122IAG,16113772,2026-08-15,2026-08-15T13:45:31.229000,,
122IAG,16113772,2026-08-15,2026-08-15T13:45:33.129000,86.0,
122IAG,16113772,2026-08-15,2026-08-15T13:46:25.029000,85.0,
122IAG,16113772,2026-08-15,2026-08-15T13:47:53.843000,84.0,
122IAG,16113772,2026-08-15,2026-08-15T13:50:10.443000,83.0,
122IAG,16113772,2026-08-15,2026-08-15T13:51:31.329000,82.0,
122IAG,16113772,2026-08-15,2026-08-15T13:53:34.329000,81.0,
122IAG,16113772,2026-08-15,2026-08-15T13:55:53.929000,,
122IAG,16113772,2026-08-15,2026-08-15T13:58:14.536000,81.0,
122IAG,16113772,2026-08-15,2026-08-15T14:00:53.735000,,
122IAG,16113772,2026-08-15,2026-08-15T14:02:48.929000,81.0,
122IAG,16113772,2026-08-15,2026-08-15T14:03:04.029000,80.0,
122IAG,16113772,2026-08-15,2026-08-15T14:05:17.129000,79.0,
122IAG,16113772,2026-08-15,2026-08-15T14:08:47.534000,,
122IAG,16113772,2026-08-15,2026-08-15T14:09:40.929000,79.0,
122IAG,16113772,2026-08-15,2026-08-15T14:09:53.429000,78.0,
122IAG,16113772,2026-08-15,2026-08-15T14:11:57.029000,77.0,
122IAG,16113772,2026-08-15,2026-08-15T14:13:21.329000,,
122IAG,16113772,2026-08-15,2026-08-15T14:13:23.229000,77.0,
122IAG,16113772,2026-08-15,2026-08-15T14:17:28.429000,,
122IAG,16113772,2026-08-15,2026-08-15T14:19:51.549000,77.0,
122IAG,16113772,2026-08-15,2026-08-15T14:20:03.529000,76.0,
122IAG,16113772,2026-08-15,2026-08-15T14:21:35.436000,75.0,
122IAG,16113772,2026-08-15,2026-08-15T14:24:10.129000,,
122IAG,16113772,2026-08-15,2026-08-15T14:24:45.929000,75.0,
122IAG,16113772,2026-08-15,2026-08-15T14:26:09.129000,74.0,
122IAG,16113772,2026-08-15,2026-08-15T14:27:43.549000,,
122IAG,16113772,2026-08-15,2026-08-15T14:28:55.429000,74.0,
122IAG,16113772,2026-08-15,2026-08-15T14:31:27.629000,73.0,
122IAG,16113772,2026-08-15,2026-08-15T14:33:53.742000,,
122IAG,16113772,2026-08-15,2026-08-15T14:34:05.229000,73.0,
122IAG,16113772,2026-08-15,2026-08-15T14:35:21.148000,72.0,
122IAG,16113772,2026-08-15,2026-08-15T14:37:45.329000,71.0,
122IAG,16113772,2026-08-15,2026-08-15T14:40:30.529000,,
122IAG,16113772,2026-08-15,2026-08-15T14:41:19.829000,71.0,
122IAG,16113772,2026-08-15,2026-08-15T14:41:54.929000,70.0,
122IAG,16113772,2026-08-15,2026-08-15T14:43:29.329000,69.0,
122IAG,16113772,2026-08-15,2026-08-15T14:45:19.729000,,
122IAG,16113772,2026-08-15,2026-08-15T14:45:40.429000,69.0,
122IAG,16113772,2026-08-15,2026-08-15T14:47:24.829000,68.0,
122IAG,16113772,2026-08-15,2026-08-15T14:51:10.849000,67.0,
122IAG,16113772,2026-08-15,2026-08-15T14:56:07.138000,,
122IAG,16113772,2026-08-15,2026-08-15T14:57:07.331000,67.0,
122IAG,16113772,2026-08-15,2026-08-15T14:57:21.445000,66.0,
122IAG,16113772,2026-08-15,2026-08-15T14:59:15.929000,65.0,
122IAG,16113772,2026-08-15,2026-08-15T15:00:58.329000,64.0,
122IAG,16113772,2026-08-15,2026-08-15T15:02:32.729000,,
122IAG,16113772,2026-08-15,2026-08-15T15:03:23.329000,64.0,
122IAG,16113772,2026-08-15,2026-08-15T15:05:25.029000,63.0,
122IAG,16113772,2026-08-15,2026-08-15T15:09:16.529000,,
122IAG,16113772,2026-08-15,2026-08-15T15:10:57.445000,63.0,
122IAG,16113772,2026-08-15,2026-08-15T15:12:06.637000,62.0,
122IAG,16113772,2026-08-15,2026-08-15T15:13:40.529000,,
122IAG,16113772,2026-08-15,2026-08-15T15:15:13.135000,62.0,
122IAG,16113772,2026-08-15,2026-08-15T15:17:26.729000,61.0,
122IAG,16113772,2026-08-15,2026-08-15T15:19:03.145000,,
122IAG,16113772,2026-08-15,2026-08-15T15:20:00.130000,61.0,
122IAG,16113772,2026-08-15,2026-08-15T15:22:01.629000,60.0,
122IAG,16113772,2026-08-15,2026-08-15T15:23:45.629000,,
122IAG,16113772,2026-08-15,2026-08-15T15:26:03.852000,60.0,
122IAG,16113772,2026-08-15,2026-08-15T15:29:28.641000,,
122IAG,16113772,2026-08-15,2026-08-15T15:29:32.730000,85.0,
122IAG,16113772,2026-08-15,2026-08-15T15:30:39.829000,,
122IAG,16113772,2026-08-15,2026-08-15T15:31:55.229000,85.0,
122IAG,16113772,2026-08-15,2026-08-15T15:32:45.229000,84.0,
122IAG,16113772,2026-08-15,2026-08-15T15:34:32.329000,83.0,
122IAG,16113772,2026-08-15,2026-08-15T15:35:47.943000,82.0,
122IAG,16113772,2026-08-15,2026-08-15T15:37:46.529000,,
122IAG,16113772,2026-08-15,2026-08-15T15:39:26.329000,82.0,
122IAG,16113772,2026-08-15,2026-08-15T15:40:28.331000,81.0,
122IAG,16113772,2026-08-15,2026-08-15T15:43:16.529000,80.0,
122IAG,16113772,2026-08-15,2026-08-15T15:44:44.629000,79.0,
122IAG,16113772,2026-08-15,2026-08-15T15:45:52.129000,78.0,
122IAG,16113772,2026-08-15,2026-08-15T15:47:45.736000,,
122IAG,16113772,2026-08-15,2026-08-15T15:49:22.029000,78.0,
122IAG,16113772,2026-08-15,2026-08-15T15:50:26.529000,77.0,
122IAG,16113772,2026-08-15,2026-08-15T15:52:17.129000,76.0,
122IAG,16113772,2026-08-15,2026-08-15T15:55:38.329000,75.0,
122IAG,16113772,2026-08-15,2026-08-15T20:20:37.912000,,
122IAG,16113772,2026-08-15,2026-08-15T20:20:38.570000,95.0,
122IAG,16113772,2026-08-15,2026-08-15T20:22:09.370000,94.0,
122IAG,16113772,2026-08-15,2026-08-15T20:24:39.270000,,
122IAG,16113772,2026-08-15,2026-08-15T20:26:16.170000,94.0,
122IAG,16113772,2026-08-15,2026-08-15T20:28:14.089000,,
122IAG,16113772,2026-08-15,2026-08-15T20:29:14.270000,94.0,
122IAG,16113772,2026-08-15,2026-08-15T20:30:06.370000,93.0,
122IAG,16113772,2026-08-15,2026-08-15T20:33:08.470000,,
122IAG,16113772,2026-08-15,2026-08-15T20:34:43.589000,93.0,
122IAG,16113772,2026-08-15,2026-08-15T20:35:35.170000,92.0,
122IAG,16113772,2026-08-15,2026-08-15T20:37:43.570000,91.0,
122IAG,16113772,2026-08-15,2026-08-15T20:39:40.970000,,
122IAG,16113772,2026-08-15,2026-08-15T20:40:30.677000,91.0,
122IAG,16113772,2026-08-15,2026-08-15T20:42:12.883000,90.0,
122IAG,16113772,2026-08-15,2026-08-15T20:43:44.687000,89.0,
122IAG,16113772,2026-08-15,2026-08-15T20:46:52.670000,,
122IAG,16113772,2026-08-15,2026-08-15T20:48:25.990000,89.0,
122IAG,16113772,2026-08-15,2026-08-15T20:48:57.070000,88.0,
122IAG,16113772,2026-08-15,2026-08-15T20:50:58.469000,87.0,
122IAG,16113772,2026-08-15,2026-08-15T20:53:37.470000,86.0,
122IAG,16113772,2026-08-15,2026-08-15T20:56:09.374000,,
122IAG,16113772,2026-08-15,2026-08-15T21:27:01.169000,86.0,
122IAG,16113772,2026-08-15,2026-08-15T21:27:49.269000,,
122IAG,16113772,2026-08-17,2026-08-17T04:28:11.029000,,
122IAG,16113772,2026-08-17,2026-08-17T15:27:29.183000,,100.0
122IAG,16113772,2026-08-17,2026-08-17T15:27:29.369000,100.0,100.0
122IAG,16113772,2026-08-17,2026-08-17T15:27:34.169000,100.0,
122IAG,16113772,2026-08-17,2026-08-17T15:28:36.461000,,
122IAG,16113772,2026-08-17,2026-08-17T16:04:35.218000,86.0,
122IAG,16113772,2026-08-17,2026-08-17T16:05:07.828000,85.0,
122IAG,16113772,2026-08-17,2026-08-17T16:06:23.629000,84.0,
122IAG,16113772,2026-08-17,2026-08-17T16:08:08.940000,,
122IAG,16113772,2026-08-17,2026-08-17T16:11:54.881000,84.0,
122IAG,16113772,2026-08-17,2026-08-17T16:12:27.566000,83.0,
122IAG,16113772,2026-08-17,2026-08-17T16:12:40.066000,,
122IAG,16113772,2026-08-17,2026-08-17T16:12:40.566000,83.0,
122IAG,16113772,2026-08-17,2026-08-17T16:13:24.166000,82.0,
122IAG,16113772,2026-08-17,2026-08-17T16:14:37.866000,81.0,
122IAG,16113772,2026-08-17,2026-08-17T16:16:05.174000,,
122IAG,16113772,2026-08-17,2026-08-17T16:16:05.676000,81.0,
122IAG,16113772,2026-08-17,2026-08-17T16:17:08.374000,80.0,
122IAG,16113772,2026-08-17,2026-08-17T16:20:51.166000,79.0,
122IAG,16113772,2026-08-17,2026-08-17T16:22:46.266000,,
122IAG,16113772,2026-08-17,2026-08-17T16:24:02.866000,79.0,
122IAG,16113772,2026-08-17,2026-08-17T16:24:39.366000,78.0,
122IAG,16113772,2026-08-17,2026-08-17T16:25:30.381000,,
122IAG,16113772,2026-08-17,2026-08-17T16:25:31.466000,77.0,
122IAG,16113772,2026-08-17,2026-08-17T16:27:02.166000,76.0,
122IAG,16113772,2026-08-17,2026-08-17T16:28:36.990000,,
122IAG,16113772,2026-08-17,2026-08-17T16:29:11.969000,76.0,
122IAG,16113772,2026-08-17,2026-08-17T16:29:59.766000,75.0,
122IAG,16113772,2026-08-17,2026-08-17T16:30:40.866000,74.0,
122IAG,16113772,2026-08-17,2026-08-17T16:32:16.166000,73.0,
122IAG,16113772,2026-08-17,2026-08-17T16:33:22.366000,72.0,
122IAG,16113772,2026-08-17,2026-08-17T16:35:01.666000,71.0,
122IAG,16113772,2026-08-17,2026-08-17T16:36:52.966000,,
122IAG,16113772,2026-08-17,2026-08-17T16:38:13.066000,71.0,
122IAG,16113772,2026-08-17,2026-08-17T16:38:19.566000,70.0,
122IAG,16113772,2026-08-17,2026-08-17T16:39:03.272000,69.0,
122IAG,16113772,2026-08-17,2026-08-17T16:41:00.566000,,
122IAG,16113772,2026-08-17,2026-08-17T16:43:15.166000,69.0,
122IAG,16113772,2026-08-17,2026-08-17T16:43:29.766000,68.0,
119IAG,16116688,2026-08-21,2026-08-21T05:00:27.886000,,
119IAG,16116688,2026-08-21,2026-08-21T08:01:02.282000,,100.0
119IAG,16116688,2026-08-21,2026-08-21T08:01:06.069000,,99.0
119IAG,16116688,2026-08-21,2026-08-21T08:01:06.182000,,100.0
119IAG,16116688,2026-08-21,2026-08-21T08:01:06.469000,99.0,100.0
119IAG,16116688,2026-08-21,2026-08-21T08:02:09.890000,99.0,
119IAG,16116688,2026-08-21,2026-08-21T08:02:13.790000,,
119IAG,16116688,2026-08-21,2026-08-21T08:05:28.374000,,100.0
119IAG,16116688,2026-08-21,2026-08-21T08:05:28.469000,99.0,100.0
119IAG,16116688,2026-08-21,2026-08-21T08:06:04.073000,98.0,100.0
119IAG,16116688,2026-08-21,2026-08-21T08:07:36.969000,97.0,100.0
119IAG,16116688,2026-08-21,2026-08-21T08:08:21.169000,96.0,100.0
119IAG,16116688,2026-08-21,2026-08-21T08:09:25.469000,95.0,100.0
119IAG,16116688,2026-08-21,2026-08-21T13:24:28.939000,,
119IAG,16116688,2026-08-21,2026-08-21T13:24:49.325000,100.0,91.0
119IAG,16116688,2026-08-21,2026-08-21T13:25:08.225000,100.0,90.0
119IAG,16116688,2026-08-21,2026-08-21T13:26:33.341000,100.0,89.0
119IAG,16116688,2026-08-21,2026-08-21T13:27:59.925000,100.0,88.0
119IAG,16116688,2026-08-21,2026-08-21T13:28:50.025000,100.0,87.0
119IAG,16116688,2026-08-21,2026-08-21T13:30:17.525000,100.0,
119IAG,16116688,2026-08-21,2026-08-21T13:30:17.725000,,
119IAG,16116688,2026-08-21,2026-08-21T13:31:52.525000,100.0,87.0
119IAG,16116688,2026-08-21,2026-08-21T13:32:30.041000,100.0,86.0
119IAG,16116688,2026-08-21,2026-08-21T13:33:09.028000,100.0,85.0
119IAG,16116688,2026-08-21,2026-08-21T13:34:03.125000,100.0,84.0
119IAG,16116688,2026-08-21,2026-08-21T13:36:08.747000,100.0,
119IAG,16116688,2026-08-21,2026-08-21T13:36:09.225000,,
119IAG,16116688,2026-08-21,2026-08-21T13:37:19.525000,100.0,
119IAG,16116688,2026-08-21,2026-08-21T13:37:19.625000,100.0,84.0
119IAG,16116688,2026-08-21,2026-08-21T13:37:25.625000,100.0,83.0
119IAG,16116688,2026-08-21,2026-08-21T13:38:17.625000,100.0,82.0
119IAG,16116688,2026-08-21,2026-08-21T13:39:02.725000,100.0,81.0
119IAG,16116688,2026-08-21,2026-08-21T13:40:29.645000,,81.0
119IAG,16116688,2026-08-21,2026-08-21T13:40:29.825000,,
119IAG,16116688,2026-08-21,2026-08-21T13:41:59.739000,100.0,81.0
119IAG,16116688,2026-08-21,2026-08-21T13:42:27.827000,100.0,80.0
119IAG,16116688,2026-08-21,2026-08-21T13:43:21.336000,100.0,79.0
119IAG,16116688,2026-08-21,2026-08-21T13:45:56.425000,100.0,
119IAG,16116688,2026-08-21,2026-08-21T13:45:56.925000,,
119IAG,16116688,2026-08-21,2026-08-21T13:46:17.325000,100.0,
119IAG,16116688,2026-08-21,2026-08-21T13:46:18.025000,100.0,79.0
119IAG,16116688,2026-08-21,2026-08-21T13:46:32.525000,100.0,78.0
119IAG,16116688,2026-08-21,2026-08-21T13:47:13.026000,100.0,77.0
119IAG,16116688,2026-08-21,2026-08-21T13:48:26.125000,100.0,76.0
119IAG,16116688,2026-08-21,2026-08-21T13:49:06.125000,100.0,75.0
119IAG,16116688,2026-08-21,2026-08-21T13:50:03.225000,100.0,74.0
119IAG,16116688,2026-08-22,2026-08-22T05:06:39.889000,,
119IAG,16116688,2026-08-22,2026-08-22T07:59:46.971000,,100.0
119IAG,16116688,2026-08-22,2026-08-22T07:59:49.489000,,86.0
119IAG,16116688,2026-08-22,2026-08-22T07:59:49.569000,86.0,86.0
119IAG,16116688,2026-08-22,2026-08-22T07:59:49.989000,86.0,100.0
119IAG,16116688,2026-08-22,2026-08-22T08:00:57.769000,,
119IAG,16116688,2026-08-22,2026-08-22T08:03:19.369000,86.0,100.0
119IAG,16116688,2026-08-22,2026-08-22T08:03:59.582000,85.0,100.0
119IAG,16116688,2026-08-22,2026-08-22T08:05:00.769000,84.0,100.0
119IAG,16116688,2026-08-22,2026-08-22T08:05:58.570000,83.0,100.0
119IAG,16116688,2026-08-22,2026-08-22T08:07:23.869000,,100.0
119IAG,16116688,2026-08-22,2026-08-22T08:07:23.969000,,
119IAG,16116688,2026-08-22,2026-08-22T08:07:26.369000,,100.0
119IAG,16116688,2026-08-22,2026-08-22T08:07:26.969000,83.0,100.0
119IAG,16116688,2026-08-22,2026-08-22T08:08:09.069000,82.0,100.0
119IAG,16116688,2026-08-22,2026-08-22T08:09:47.469000,81.0,100.0
119IAG,16116688,2026-08-22,2026-08-22T08:12:06.469000,,100.0
119IAG,16116688,2026-08-22,2026-08-22T08:12:06.770000,,
119IAG,16116688,2026-08-22,2026-08-22T08:12:17.669000,,100.0
119IAG,16116688,2026-08-22,2026-08-22T08:12:18.369000,81.0,100.0
119IAG,16116688,2026-08-22,2026-08-22T08:12:44.682000,80.0,100.0
119IAG,16116688,2026-08-22,2026-08-22T08:13:53.373000,79.0,100.0
119IAG,16116688,2026-08-22,2026-08-22T08:14:42.569000,78.0,100.0
119IAG,16116688,2026-08-22,2026-08-22T08:15:54.385000,77.0,100.0
119IAG,16116688,2026-08-22,2026-08-22T08:16:51.069000,76.0,100.0
119IAG,16116688,2026-08-22,2026-08-22T08:18:52.570000,75.0,100.0
119IAG,16116688,2026-08-22,2026-08-22T08:19:43.769000,74.0,100.0
119IAG,16116688,2026-08-22,2026-08-22T08:20:23.973000,73.0,100.0
119IAG,16116688,2026-08-22,2026-08-22T08:20:59.069000,72.0,100.0
119IAG,16116688,2026-08-22,2026-08-22T08:21:57.887000,71.0,100.0
119IAG,16116688,2026-08-22,2026-08-22T08:22:52.569000,70.0,100.0
119IAG,16116688,2026-08-22,2026-08-22T08:24:17.869000,,100.0
119IAG,16116688,2026-08-22,2026-08-22T08:24:18.069000,,
119IAG,16116688,2026-08-22,2026-08-22T08:25:47.869000,,100.0
119IAG,16116688,2026-08-22,2026-08-22T08:25:47.969000,70.0,100.0
119IAG,16116688,2026-08-22,2026-08-22T08:26:43.669000,69.0,100.0
119IAG,16116688,2026-08-22,2026-08-22T08:28:18.489000,68.0,100.0
119IAG,16116688,2026-08-22,2026-08-22T08:29:07.169000,67.0,100.0
119IAG,16116688,2026-08-22,2026-08-22T08:29:43.369000,66.0,100.0
119IAG,16116688,2026-08-22,2026-08-22T08:30:30.069000,65.0,100.0
119IAG,16116688,2026-08-22,2026-08-22T08:32:05.369000,,100.0
119IAG,16116688,2026-08-22,2026-08-22T08:32:05.576000,,
119IAG,16116688,2026-08-22,2026-08-22T08:32:14.769000,,100.0
119IAG,16116688,2026-08-22,2026-08-22T08:32:15.269000,65.0,100.0
119IAG,16116688,2026-08-22,2026-08-22T08:33:21.169000,64.0,100.0
119IAG,16116688,2026-08-22,2026-08-22T08:34:27.469000,63.0,100.0
119IAG,16116688,2026-08-22,2026-08-22T08:35:30.269000,62.0,100.0
119IAG,16116688,2026-08-22,2026-08-22T08:36:42.970000,61.0,100.0
119IAG,16116688,2026-08-22,2026-08-22T08:37:40.769000,60.0,100.0
119IAG,16116688,2026-08-22,2026-08-22T08:38:54.069000,59.0,100.0
119IAG,16116688,2026-08-22,2026-08-22T08:39:49.769000,58.0,100.0
119IAG,16116688,2026-08-22,2026-08-22T08:41:10.469000,58.0,
119IAG,16116688,2026-08-22,2026-08-22T08:41:10.569000,,
119IAG,16116688,2026-08-22,2026-08-22T08:44:00.471000,,100.0
119IAG,16116688,2026-08-22,2026-08-22T08:44:00.569000,58.0,100.0
119IAG,16116688,2026-08-22,2026-08-22T08:44:43.769000,57.0,100.0
119IAG,16116688,2026-08-22,2026-08-22T08:46:12.069000,56.0,100.0
119IAG,16116688,2026-08-22,2026-08-22T08:46:57.779000,55.0,100.0
119IAG,16116688,2026-08-22,2026-08-22T08:47:45.969000,54.0,100.0
119IAG,16116688,2026-08-22,2026-08-22T08:48:30.669000,53.0,100.0
119IAG,16116688,2026-08-22,2026-08-22T08:49:11.769000,52.0,100.0
119IAG,16116688,2026-08-22,2026-08-22T08:51:13.894000,52.0,
119IAG,16116688,2026-08-22,2026-08-22T08:51:14.269000,,
119IAG,16116688,2026-08-22,2026-08-22T08:53:00.969000,52.0,100.0
119IAG,16116688,2026-08-22,2026-08-22T08:53:12.075000,51.0,100.0
119IAG,16116688,2026-08-22,2026-08-22T08:56:11.769000,50.0,100.0
119IAG,16116688,2026-08-22,2026-08-22T08:57:09.480000,49.0,100.0
119IAG,16116688,2026-08-22,2026-08-22T08:59:04.384000,,100.0
119IAG,16116688,2026-08-22,2026-08-22T08:59:04.569000,,
119IAG,16116688,2026-08-22,2026-08-22T09:01:02.869000,,100.0
119IAG,16116688,2026-08-22,2026-08-22T09:01:02.974000,49.0,100.0
119IAG,16116688,2026-08-22,2026-08-22T09:01:11.969000,48.0,100.0
119IAG,16116688,2026-08-22,2026-08-22T09:02:05.169000,47.0,100.0
119IAG,16116688,2026-08-22,2026-08-22T09:02:42.769000,46.0,100.0
119IAG,16116688,2026-08-22,2026-08-22T09:04:03.569000,,100.0
119IAG,16116688,2026-08-22,2026-08-22T09:04:03.669000,,
119IAG,16116688,2026-08-22,2026-08-22T09:12:47.382000,46.0,100.0
119IAG,16116688,2026-08-22,2026-08-22T09:13:46.075000,45.0,100.0
119IAG,16116688,2026-08-22,2026-08-22T09:14:58.389000,44.0,100.0
119IAG,16116688,2026-08-22,2026-08-22T09:16:48.869000,43.0,100.0
119IAG,16116688,2026-08-22,2026-08-22T09:17:40.069000,42.0,100.0
119IAG,16116688,2026-08-22,2026-08-22T09:18:25.189000,41.0,100.0
119IAG,16116688,2026-08-22,2026-08-22T09:19:08.384000,40.0,100.0
119IAG,16116688,2026-08-22,2026-08-22T09:20:42.769000,,100.0
119IAG,16116688,2026-08-22,2026-08-22T09:20:42.969000,,
119IAG,16116688,2026-08-22,2026-08-22T09:23:38.669000,,100.0
119IAG,16116688,2026-08-22,2026-08-22T09:23:38.769000,40.0,100.0
119IAG,16116688,2026-08-22,2026-08-22T09:23:58.769000,39.0,100.0
119IAG,16116688,2026-08-22,2026-08-22T09:25:23.169000,38.0,100.0
119IAG,16116688,2026-08-22,2026-08-22T09:26:00.805000,37.0,100.0
119IAG,16116688,2026-08-22,2026-08-22T09:26:51.969000,36.0,100.0
119IAG,16116688,2026-08-22,2026-08-22T09:27:35.169000,35.0,100.0
119IAG,16116688,2026-08-22,2026-08-22T09:29:16.069000,34.0,100.0
119IAG,16116688,2026-08-22,2026-08-22T09:31:02.469000,,100.0
119IAG,16116688,2026-08-22,2026-08-22T09:31:02.669000,,
119IAG,16116688,2026-08-22,2026-08-22T09:35:23.969000,,100.0
119IAG,16116688,2026-08-22,2026-08-22T09:35:24.069000,34.0,100.0
119IAG,16116688,2026-08-22,2026-08-22T09:35:39.569000,33.0,100.0
119IAG,16116688,2026-08-22,2026-08-22T09:36:30.269000,32.0,100.0
119IAG,16116688,2026-08-22,2026-08-22T09:39:04.369000,,100.0
119IAG,16116688,2026-08-22,2026-08-22T09:39:04.469000,,
119IAG,16116688,2026-08-22,2026-08-22T09:40:52.669000,,100.0
119IAG,16116688,2026-08-22,2026-08-22T09:40:52.769000,32.0,100.0
119IAG,16116688,2026-08-22,2026-08-22T09:41:22.885000,31.0,100.0
119IAG,16116688,2026-08-22,2026-08-22T09:41:56.469000,30.0,100.0
119IAG,16116688,2026-08-22,2026-08-22T09:45:15.769000,,100.0
119IAG,16116688,2026-08-22,2026-08-22T09:45:15.883000,,
119IAG,16116688,2026-08-22,2026-08-22T09:45:16.269000,30.0,
119IAG,16116688,2026-08-22,2026-08-22T09:45:16.369000,30.0,100.0
119IAG,16116688,2026-08-22,2026-08-22T09:45:27.769000,29.0,100.0
119IAG,16116688,2026-08-22,2026-08-22T09:45:50.873000,,100.0
119IAG,16116688,2026-08-22,2026-08-22T09:45:50.970000,,
119IAG,16116688,2026-08-22,2026-08-22T09:45:51.371000,29.0,
119IAG,16116688,2026-08-22,2026-08-22T09:45:51.469000,29.0,100.0
119IAG,16116688,2026-08-22,2026-08-22T09:45:58.470000,28.0,100.0
119IAG,16116688,2026-08-22,2026-08-22T09:46:25.675000,28.0,
119IAG,16116688,2026-08-22,2026-08-22T09:46:26.069000,,
119IAG,16116688,2026-08-22,2026-08-22T09:46:26.169000,,100.0
119IAG,16116688,2026-08-22,2026-08-22T09:46:26.569000,28.0,100.0
119IAG,16116688,2026-08-22,2026-08-22T09:46:38.569000,27.0,100.0
119IAG,16116688,2026-08-22,2026-08-22T09:47:00.788000,27.0,
119IAG,16116688,2026-08-22,2026-08-22T09:47:01.169000,,
119IAG,16116688,2026-08-22,2026-08-22T09:47:01.284000,,100.0
119IAG,16116688,2026-08-22,2026-08-22T09:47:01.669000,27.0,100.0
119IAG,16116688,2026-08-22,2026-08-22T09:47:35.769000,,100.0
119IAG,16116688,2026-08-22,2026-08-22T09:47:35.969000,,
119IAG,16116688,2026-08-22,2026-08-22T09:47:36.370000,26.0,
119IAG,16116688,2026-08-22,2026-08-22T09:47:36.469000,26.0,100.0
119IAG,16116688,2026-08-22,2026-08-22T09:48:10.969000,,100.0
119IAG,16116688,2026-08-22,2026-08-22T09:48:11.076000,,
119IAG,16116688,2026-08-22,2026-08-22T09:48:11.469000,26.0,
119IAG,16116688,2026-08-22,2026-08-22T09:48:11.669000,26.0,100.0
119IAG,16116688,2026-08-22,2026-08-22T09:48:36.069000,25.0,100.0
119IAG,16116688,2026-08-22,2026-08-22T09:48:45.791000,25.0,
119IAG,16116688,2026-08-22,2026-08-22T09:48:46.070000,,
119IAG,16116688,2026-08-22,2026-08-22T09:48:46.280000,,100.0
119IAG,16116688,2026-08-22,2026-08-22T09:48:46.569000,25.0,100.0
119IAG,16116688,2026-08-22,2026-08-22T09:49:20.769000,,100.0
119IAG,16116688,2026-08-22,2026-08-22T09:49:20.992000,,
119IAG,16116688,2026-08-22,2026-08-22T09:49:21.169000,25.0,
119IAG,16116688,2026-08-22,2026-08-22T09:49:21.273000,24.0,
119IAG,16116688,2026-08-22,2026-08-22T09:49:21.483000,24.0,100.0
119IAG,16116688,2026-08-22,2026-08-22T09:49:55.870000,,100.0
119IAG,16116688,2026-08-22,2026-08-22T09:49:56.069000,,
119IAG,16116688,2026-08-22,2026-08-22T09:49:56.187000,,100.0
119IAG,16116688,2026-08-22,2026-08-22T09:49:56.369000,24.0,100.0
119IAG,16116688,2026-08-22,2026-08-22T09:51:19.969000,24.0,
119IAG,16116688,2026-08-22,2026-08-22T09:51:20.284000,,
119IAG,16116688,2026-08-22,2026-08-22T09:54:52.174000,,100.0
119IAG,16116688,2026-08-22,2026-08-22T09:56:11.069000,,99.0
119IAG,16116688,2026-08-22,2026-08-22T09:57:30.870000,,98.0
119IAG,16116688,2026-08-22,2026-08-22T09:58:49.269000,,97.0
119IAG,16116688,2026-08-22,2026-08-22T10:00:05.569000,,96.0
119IAG,16116688,2026-08-22,2026-08-22T10:01:40.469000,,
119IAG,16116688,2026-08-22,2026-08-22T10:03:20.092000,,96.0
119IAG,16116688,2026-08-22,2026-08-22T10:04:12.376000,,95.0
119IAG,16116688,2026-08-22,2026-08-22T10:05:19.169000,,94.0
119IAG,16116688,2026-08-22,2026-08-22T10:06:12.885000,,93.0
119IAG,16116688,2026-08-22,2026-08-22T10:07:44.269000,,92.0
119IAG,16116688,2026-08-22,2026-08-22T10:08:25.469000,,91.0
119IAG,16116688,2026-08-22,2026-08-22T10:09:23.289000,,90.0
119IAG,16116688,2026-08-22,2026-08-22T10:11:12.769000,,
119IAG,16116688,2026-08-22,2026-08-22T10:12:51.969000,,90.0
119IAG,16116688,2026-08-22,2026-08-22T10:13:31.569000,,89.0
119IAG,16116688,2026-08-22,2026-08-22T10:14:25.369000,,88.0
119IAG,16116688,2026-08-22,2026-08-22T10:15:05.488000,,87.0
119IAG,16116688,2026-08-22,2026-08-22T10:16:45.969000,,86.0
119IAG,16116688,2026-08-22,2026-08-22T10:18:11.784000,,
119IAG,16116688,2026-08-22,2026-08-22T10:22:42.269000,,86.0
119IAG,16116688,2026-08-22,2026-08-22T10:24:07.674000,,85.0
119IAG,16116688,2026-08-22,2026-08-22T10:25:13.981000,,84.0
119IAG,16116688,2026-08-22,2026-08-22T10:26:18.270000,,83.0
119IAG,16116688,2026-08-22,2026-08-22T10:27:21.969000,,82.0
119IAG,16116688,2026-08-22,2026-08-22T10:28:13.769000,,81.0
119IAG,16116688,2026-08-22,2026-08-22T10:29:11.569000,,80.0
119IAG,16116688,2026-08-22,2026-08-22T10:31:19.069000,,
119IAG,16116688,2026-08-22,2026-08-22T10:33:34.369000,,80.0
119IAG,16116688,2026-08-22,2026-08-22T10:34:27.069000,,79.0
119IAG,16116688,2026-08-22,2026-08-22T10:35:10.769000,,78.0
119IAG,16116688,2026-08-22,2026-08-22T10:36:10.073000,,77.0
119IAG,16116688,2026-08-22,2026-08-22T10:37:29.389000,,76.0
119IAG,16116688,2026-08-22,2026-08-22T10:38:21.669000,,75.0
119IAG,16116688,2026-08-22,2026-08-22T10:39:37.969000,,74.0
119IAG,16116688,2026-08-22,2026-08-22T10:41:34.469000,,
119IAG,16116688,2026-08-22,2026-08-22T10:43:57.387000,,74.0
119IAG,16116688,2026-08-22,2026-08-22T10:44:27.969000,,73.0
119IAG,16116688,2026-08-22,2026-08-22T10:45:13.671000,,72.0
119IAG,16116688,2026-08-22,2026-08-22T10:46:50.070000,,
119IAG,16116688,2026-08-22,2026-08-22T10:50:02.873000,,72.0
119IAG,16116688,2026-08-22,2026-08-22T10:50:33.970000,,
119IAG,16116688,2026-08-22,2026-08-22T10:50:34.574000,,72.0
119IAG,16116688,2026-08-22,2026-08-22T10:50:42.583000,,71.0
119IAG,16116688,2026-08-22,2026-08-22T10:51:35.969000,,70.0
119IAG,16116688,2026-08-22,2026-08-22T10:52:32.069000,,69.0
119IAG,16116688,2026-08-22,2026-08-22T10:52:52.169000,,
119IAG,16116688,2026-08-22,2026-08-22T10:52:54.169000,,69.0
119IAG,16116688,2026-08-22,2026-08-22T10:53:22.269000,,68.0
119IAG,16116688,2026-08-22,2026-08-22T10:54:33.569000,,67.0
119IAG,16116688,2026-08-22,2026-08-22T10:55:37.369000,,66.0
119IAG,16116688,2026-08-22,2026-08-22T10:57:07.294000,,65.0
119IAG,16116688,2026-08-22,2026-08-22T10:58:50.769000,,64.0
119IAG,16116688,2026-08-22,2026-08-22T11:00:13.679000,,63.0
119IAG,16116688,2026-08-22,2026-08-22T11:02:43.769000,,
119IAG,16116688,2026-08-22,2026-08-22T11:04:38.586000,,63.0
119IAG,16116688,2026-08-22,2026-08-22T11:04:52.669000,,62.0
119IAG,16116688,2026-08-22,2026-08-22T11:05:36.369000,,61.0
119IAG,16116688,2026-08-22,2026-08-22T11:06:21.569000,,60.0
119IAG,16116688,2026-08-22,2026-08-22T11:07:13.769000,,59.0
119IAG,16116688,2026-08-22,2026-08-22T11:08:25.669000,,58.0
119IAG,16116688,2026-08-22,2026-08-22T11:09:28.869000,,57.0
119IAG,16116688,2026-08-22,2026-08-22T11:11:11.869000,,
119IAG,16116688,2026-08-22,2026-08-22T11:12:45.070000,,57.0
119IAG,16116688,2026-08-22,2026-08-22T11:13:17.669000,,56.0
119IAG,16116688,2026-08-22,2026-08-22T11:14:27.469000,,55.0
119IAG,16116688,2026-08-22,2026-08-22T11:15:19.286000,,54.0
119IAG,16116688,2026-08-22,2026-08-22T11:16:53.669000,,53.0
119IAG,16116688,2026-08-22,2026-08-22T11:18:52.181000,,
119IAG,16116688,2026-08-22,2026-08-22T11:21:26.969000,,53.0
119IAG,16116688,2026-08-22,2026-08-22T11:21:54.769000,,52.0
119IAG,16116688,2026-08-22,2026-08-22T11:22:36.769000,,51.0
119IAG,16116688,2026-08-22,2026-08-22T11:23:29.970000,,50.0
119IAG,16116688,2026-08-22,2026-08-22T11:24:22.683000,,49.0
119IAG,16116688,2026-08-22,2026-08-22T11:25:13.484000,,48.0
119IAG,16116688,2026-08-22,2026-08-22T11:26:34.277000,,47.0
119IAG,16116688,2026-08-22,2026-08-22T11:27:58.669000,,
119IAG,16116688,2026-08-22,2026-08-22T11:29:11.669000,,47.0
119IAG,16116688,2026-08-22,2026-08-22T11:30:15.477000,,46.0
119IAG,16116688,2026-08-22,2026-08-22T11:31:15.169000,,45.0
119IAG,16116688,2026-08-22,2026-08-22T11:33:30.870000,,44.0
119IAG,16116688,2026-08-22,2026-08-22T11:35:48.969000,,
119IAG,16116688,2026-08-22,2026-08-22T11:36:35.269000,,44.0
119IAG,16116688,2026-08-22,2026-08-22T11:37:12.369000,74.0,44.0
119IAG,16116688,2026-08-22,2026-08-22T11:38:16.082000,74.0,43.0
119IAG,16116688,2026-08-22,2026-08-22T11:39:23.469000,74.0,42.0
119IAG,16116688,2026-08-22,2026-08-22T11:40:06.569000,74.0,41.0
119IAG,16116688,2026-08-22,2026-08-22T11:41:56.069000,74.0,40.0
119IAG,16116688,2026-08-22,2026-08-22T11:43:44.069000,74.0,
119IAG,16116688,2026-08-22,2026-08-22T11:43:44.286000,,
119IAG,16116688,2026-08-22,2026-08-22T11:44:47.069000,74.0,40.0
119IAG,16116688,2026-08-22,2026-08-22T11:46:04.978000,74.0,39.0
119IAG,16116688,2026-08-22,2026-08-22T11:47:09.269000,74.0,38.0
119IAG,16116688,2026-08-22,2026-08-22T11:49:15.787000,74.0,
119IAG,16116688,2026-08-22,2026-08-22T11:49:15.869000,,
119IAG,16116688,2026-08-22,2026-08-22T11:51:14.977000,74.0,
119IAG,16116688,2026-08-22,2026-08-22T11:51:15.069000,74.0,38.0
119IAG,16116688,2026-08-22,2026-08-22T11:51:46.669000,74.0,37.0
119IAG,16116688,2026-08-22,2026-08-22T11:53:08.573000,74.0,36.0
119IAG,16116688,2026-08-22,2026-08-22T11:54:05.369000,74.0,35.0
119IAG,16116688,2026-08-22,2026-08-22T11:55:08.069000,74.0,34.0
119IAG,16116688,2026-08-22,2026-08-22T11:57:13.085000,74.0,
119IAG,16116688,2026-08-22,2026-08-22T11:57:13.569000,74.0,34.0
119IAG,16116688,2026-08-22,2026-08-22T11:57:51.269000,74.0,33.0
119IAG,16116688,2026-08-22,2026-08-22T11:59:09.186000,74.0,32.0
119IAG,16116688,2026-08-22,2026-08-22T12:01:34.269000,74.0,
119IAG,16116688,2026-08-22,2026-08-22T12:01:34.389000,,
119IAG,16116688,2026-08-22,2026-08-22T12:03:51.688000,74.0,32.0
119IAG,16116688,2026-08-22,2026-08-22T12:04:12.269000,74.0,31.0
119IAG,16116688,2026-08-22,2026-08-22T12:06:11.782000,74.0,
119IAG,16116688,2026-08-22,2026-08-22T12:06:12.081000,,
119IAG,16116688,2026-08-22,2026-08-22T12:07:54.269000,74.0,
119IAG,16116688,2026-08-22,2026-08-22T12:07:54.369000,74.0,31.0
119IAG,16116688,2026-08-22,2026-08-22T12:08:22.986000,74.0,30.0
119IAG,16116688,2026-08-22,2026-08-22T12:09:29.784000,74.0,29.0
119IAG,16116688,2026-08-22,2026-08-22T12:13:32.369000,74.0,28.0
119IAG,16116688,2026-08-22,2026-08-22T12:14:28.069000,74.0,27.0
119IAG,16116688,2026-08-22,2026-08-22T12:16:01.269000,,27.0
119IAG,16116688,2026-08-22,2026-08-22T12:16:01.469000,,
119IAG,16116688,2026-08-22,2026-08-22T12:19:05.269000,74.0,
119IAG,16116688,2026-08-22,2026-08-22T12:19:05.369000,74.0,27.0
119IAG,16116688,2026-08-22,2026-08-22T12:19:55.069000,74.0,26.0
119IAG,16116688,2026-08-22,2026-08-22T12:21:56.569000,74.0,25.0
119IAG,16116688,2026-08-22,2026-08-22T12:22:42.269000,74.0,24.0
119IAG,16116688,2026-08-22,2026-08-22T12:23:41.069000,74.0,23.0
119IAG,16116688,2026-08-22,2026-08-22T12:24:58.869000,74.0,
119IAG,16116688,2026-08-22,2026-08-22T12:25:36.669000,100.0,100.0
119IAG,16116688,2026-08-22,2026-08-22T12:25:36.969000,74.0,100.0
119IAG,16116688,2026-08-22,2026-08-22T12:26:07.077000,,100.0
119IAG,16116688,2026-08-22,2026-08-22T12:26:44.371000,,
119IAG,16116688,2026-08-22,2026-08-22T12:29:17.569000,,100.0
119IAG,16116688,2026-08-22,2026-08-22T12:29:17.669000,74.0,100.0
119IAG,16116688,2026-08-22,2026-08-22T12:29:45.288000,73.0,100.0
119IAG,16116688,2026-08-22,2026-08-22T12:30:26.370000,72.0,100.0
119IAG,16116688,2026-08-22,2026-08-22T12:32:24.171000,,100.0
119IAG,16116688,2026-08-22,2026-08-22T12:32:24.270000,,
119IAG,16116688,2026-08-22,2026-08-22T13:18:51.937000,70.0,100.0
119IAG,16116688,2026-08-22,2026-08-22T13:18:52.770000,69.0,100.0
119IAG,16116688,2026-08-22,2026-08-22T13:19:48.470000,68.0,100.0
119IAG,16116688,2026-08-22,2026-08-22T13:20:38.170000,67.0,100.0
119IAG,16116688,2026-08-22,2026-08-22T13:22:12.870000,,100.0
119IAG,16116688,2026-08-22,2026-08-22T13:22:13.070000,,
119IAG,16116688,2026-08-22,2026-08-22T13:23:29.570000,67.0,100.0
119IAG,16116688,2026-08-22,2026-08-22T13:24:21.770000,66.0,100.0
119IAG,16116688,2026-08-22,2026-08-22T13:25:26.470000,65.0,100.0
119IAG,16116688,2026-08-22,2026-08-22T13:26:58.770000,,100.0
119IAG,16116688,2026-08-22,2026-08-22T13:26:58.870000,,
119IAG,16116688,2026-08-22,2026-08-22T13:31:58.270000,,100.0
119IAG,16116688,2026-08-22,2026-08-22T13:31:58.370000,65.0,100.0
119IAG,16116688,2026-08-22,2026-08-22T13:33:51.170000,64.0,100.0
119IAG,16116688,2026-08-22,2026-08-22T13:34:43.870000,63.0,100.0
119IAG,16116688,2026-08-22,2026-08-22T13:35:24.075000,63.0,
119IAG,16116688,2026-08-22,2026-08-22T13:35:26.170000,63.0,100.0
119IAG,16116688,2026-08-22,2026-08-22T13:35:51.578000,62.0,100.0
119IAG,16116688,2026-08-22,2026-08-22T13:36:47.270000,61.0,100.0
119IAG,16116688,2026-08-22,2026-08-22T13:37:48.475000,60.0,100.0
119IAG,16116688,2026-08-22,2026-08-22T13:39:50.270000,,100.0
119IAG,16116688,2026-08-22,2026-08-22T13:39:50.677000,,
119IAG,16116688,2026-08-22,2026-08-22T13:41:48.386000,,100.0
119IAG,16116688,2026-08-22,2026-08-22T13:41:48.470000,60.0,100.0
119IAG,16116688,2026-08-22,2026-08-22T13:42:10.570000,59.0,100.0
119IAG,16116688,2026-08-22,2026-08-22T13:43:00.170000,58.0,100.0
119IAG,16116688,2026-08-22,2026-08-22T13:43:52.379000,57.0,100.0
119IAG,16116688,2026-08-22,2026-08-22T13:44:35.481000,56.0,100.0
119IAG,16116688,2026-08-22,2026-08-22T13:45:27.670000,55.0,100.0
119IAG,16116688,2026-08-22,2026-08-22T13:47:26.970000,,100.0
119IAG,16116688,2026-08-22,2026-08-22T13:47:27.288000,,
119IAG,16116688,2026-08-22,2026-08-22T13:51:24.370000,55.0,100.0
119IAG,16116688,2026-08-22,2026-08-22T13:53:12.670000,54.0,100.0
119IAG,16116688,2026-08-22,2026-08-22T13:53:57.370000,53.0,100.0
119IAG,16116688,2026-08-22,2026-08-22T13:55:11.070000,52.0,100.0
119IAG,16116688,2026-08-22,2026-08-22T13:56:04.684000,51.0,100.0
119IAG,16116688,2026-08-22,2026-08-22T13:58:43.678000,50.0,100.0
119IAG,16116688,2026-08-22,2026-08-22T14:00:50.578000,,
119IAG,16116688,2026-08-22,2026-08-22T14:01:35.670000,,100.0
119IAG,16116688,2026-08-22,2026-08-22T14:01:36.270000,50.0,100.0
119IAG,16116688,2026-08-22,2026-08-22T14:01:48.770000,49.0,100.0
119IAG,16116688,2026-08-22,2026-08-22T14:02:40.470000,48.0,100.0
119IAG,16116688,2026-08-22,2026-08-22T14:03:32.070000,47.0,100.0
119IAG,16116688,2026-08-22,2026-08-22T14:04:21.781000,46.0,100.0
119IAG,16116688,2026-08-22,2026-08-22T14:05:55.470000,,100.0
119IAG,16116688,2026-08-22,2026-08-22T14:05:58.770000,,
119IAG,16116688,2026-08-22,2026-08-22T14:06:56.070000,,100.0
119IAG,16116688,2026-08-22,2026-08-22T14:06:56.186000,46.0,100.0
119IAG,16116688,2026-08-22,2026-08-22T14:07:24.283000,45.0,100.0
119IAG,16116688,2026-08-22,2026-08-22T14:08:18.872000,44.0,100.0
119IAG,16116688,2026-08-22,2026-08-22T14:11:03.370000,,100.0
119IAG,16116688,2026-08-22,2026-08-22T14:11:03.570000,,
119IAG,16116688,2026-08-22,2026-08-22T14:12:24.170000,,100.0
119IAG,16116688,2026-08-22,2026-08-22T14:12:24.270000,44.0,100.0
119IAG,16116688,2026-08-22,2026-08-22T14:12:37.770000,43.0,100.0
119IAG,16116688,2026-08-22,2026-08-22T14:13:13.370000,42.0,100.0
119IAG,16116688,2026-08-22,2026-08-22T14:14:53.670000,,100.0
119IAG,16116688,2026-08-22,2026-08-22T14:14:53.792000,,
119IAG,16116688,2026-08-22,2026-08-22T14:18:28.281000,,100.0
119IAG,16116688,2026-08-22,2026-08-22T14:18:29.270000,42.0,100.0
119IAG,16116688,2026-08-22,2026-08-22T14:18:56.885000,,100.0
119IAG,16116688,2026-08-22,2026-08-22T14:18:57.270000,,
119IAG,16116688,2026-08-22,2026-08-22T14:19:16.170000,42.0,
119IAG,16116688,2026-08-22,2026-08-22T14:19:21.190000,,
119IAG,16116688,2026-08-22,2026-08-22T14:19:21.370000,,100.0
119IAG,16116688,2026-08-22,2026-08-22T14:19:21.470000,41.0,100.0
119IAG,16116688,2026-08-22,2026-08-22T14:19:26.371000,41.0,
119IAG,16116688,2026-08-22,2026-08-22T14:19:26.470000,,
119IAG,16116688,2026-08-22,2026-08-22T14:19:36.470000,41.0,100.0
119IAG,16116688,2026-08-22,2026-08-22T14:19:41.471000,,
119IAG,16116688,2026-08-22,2026-08-22T14:20:01.070000,40.0,100.0
119IAG,16116688,2026-08-22,2026-08-22T14:20:06.072000,,
119IAG,16116688,2026-08-22,2026-08-22T14:20:21.570000,40.0,
119IAG,16116688,2026-08-22,2026-08-22T14:20:21.670000,40.0,100.0
119IAG,16116688,2026-08-22,2026-08-22T14:20:26.588000,,
119IAG,16116688,2026-08-22,2026-08-22T14:20:37.670000,39.0,100.0
119IAG,16116688,2026-08-22,2026-08-22T14:21:11.270000,38.0,100.0
119IAG,16116688,2026-08-22,2026-08-22T14:21:55.970000,38.0,
119IAG,16116688,2026-08-22,2026-08-22T14:21:56.271000,38.0,100.0
119IAG,16116688,2026-08-22,2026-08-22T14:21:56.383000,,100.0
119IAG,16116688,2026-08-22,2026-08-22T14:22:01.271000,,
119IAG,16116688,2026-08-22,2026-08-22T14:22:01.482000,,100.0
119IAG,16116688,2026-08-22,2026-08-22T14:22:06.470000,,
119IAG,16116688,2026-08-22,2026-08-22T14:22:41.670000,,100.0
119IAG,16116688,2026-08-22,2026-08-22T14:22:42.085000,37.0,100.0
119IAG,16116688,2026-08-22,2026-08-22T14:22:47.170000,37.0,
119IAG,16116688,2026-08-22,2026-08-22T14:22:49.670000,37.0,100.0
119IAG,16116688,2026-08-22,2026-08-22T14:22:50.570000,,100.0
119IAG,16116688,2026-08-22,2026-08-22T14:22:52.570000,37.0,100.0
119IAG,16116688,2026-08-22,2026-08-22T14:23:31.876000,37.0,
119IAG,16116688,2026-08-22,2026-08-22T14:23:37.370000,37.0,100.0
119IAG,16116688,2026-08-22,2026-08-22T14:23:45.170000,,100.0
119IAG,16116688,2026-08-22,2026-08-22T14:23:46.070000,,
119IAG,16116688,2026-08-22,2026-08-22T14:25:55.278000,37.0,100.0
119IAG,16116688,2026-08-22,2026-08-22T14:26:05.270000,,
119IAG,16116688,2026-08-22,2026-08-22T14:26:11.870000,37.0,100.0
119IAG,16116688,2026-08-22,2026-08-22T14:26:17.370000,,
119IAG,16116688,2026-08-22,2026-08-22T14:26:18.370000,36.0,100.0
119IAG,16116688,2026-08-22,2026-08-22T14:27:34.070000,35.0,100.0
119IAG,16116688,2026-08-22,2026-08-22T14:28:33.770000,34.0,100.0
119IAG,16116688,2026-08-22,2026-08-22T14:29:23.974000,33.0,100.0
119IAG,16116688,2026-08-22,2026-08-22T14:30:42.672000,32.0,100.0
119IAG,16116688,2026-08-22,2026-08-22T14:31:57.181000,32.0,
119IAG,16116688,2026-08-22,2026-08-22T14:31:57.370000,,
119IAG,16116688,2026-08-22,2026-08-22T14:35:24.281000,,100.0
119IAG,16116688,2026-08-22,2026-08-22T14:35:24.370000,32.0,100.0
119IAG,16116688,2026-08-22,2026-08-22T14:37:22.170000,31.0,100.0
119IAG,16116688,2026-08-22,2026-08-22T14:39:01.470000,30.0,100.0
119IAG,16116688,2026-08-22,2026-08-22T14:40:08.170000,29.0,100.0
119IAG,16116688,2026-08-22,2026-08-22T14:40:51.389000,28.0,100.0
119IAG,16116688,2026-08-22,2026-08-22T14:41:42.482000,27.0,100.0
119IAG,16116688,2026-08-22,2026-08-22T14:43:43.770000,27.0,
119IAG,16116688,2026-08-22,2026-08-22T14:43:43.870000,,
119IAG,16116688,2026-08-22,2026-08-22T14:46:48.770000,,100.0
119IAG,16116688,2026-08-22,2026-08-22T14:46:48.870000,27.0,100.0
119IAG,16116688,2026-08-22,2026-08-22T14:47:11.870000,26.0,100.0
119IAG,16116688,2026-08-22,2026-08-22T14:47:48.070000,25.0,100.0
119IAG,16116688,2026-08-22,2026-08-22T14:49:37.870000,24.0,100.0
119IAG,16116688,2026-08-22,2026-08-22T14:51:11.170000,23.0,100.0
119IAG,16116688,2026-08-22,2026-08-22T14:53:20.570000,22.0,100.0
119IAG,16116688,2026-08-22,2026-08-22T14:55:40.370000,22.0,
119IAG,16116688,2026-08-22,2026-08-22T14:55:40.480000,,
119IAG,16116688,2026-08-22,2026-08-22T14:57:54.570000,22.0,100.0
119IAG,16116688,2026-08-22,2026-08-22T14:58:01.682000,21.0,100.0
119IAG,16116688,2026-08-22,2026-08-22T14:59:14.389000,20.0,100.0
119IAG,16116688,2026-08-22,2026-08-22T15:00:34.676000,20.0,99.0
119IAG,16116688,2026-08-22,2026-08-22T15:02:14.870000,,99.0
119IAG,16116688,2026-08-22,2026-08-22T15:02:15.070000,,
119IAG,16116688,2026-08-22,2026-08-22T15:05:12.270000,20.0,99.0
119IAG,16116688,2026-08-22,2026-08-22T15:05:44.870000,20.0,98.0
119IAG,16116688,2026-08-22,2026-08-22T15:06:27.570000,20.0,97.0
119IAG,16116688,2026-08-22,2026-08-22T15:08:00.270000,,97.0
119IAG,16116688,2026-08-22,2026-08-22T15:08:00.370000,,
119IAG,16116688,2026-08-22,2026-08-22T15:11:00.270000,,97.0
119IAG,16116688,2026-08-22,2026-08-22T15:11:00.370000,20.0,97.0
119IAG,16116688,2026-08-22,2026-08-22T15:11:36.970000,20.0,96.0
119IAG,16116688,2026-08-22,2026-08-22T15:12:52.770000,20.0,95.0
119IAG,16116688,2026-08-22,2026-08-22T15:13:58.475000,20.0,94.0
119IAG,16116688,2026-08-22,2026-08-22T15:15:56.982000,20.0,
119IAG,16116688,2026-08-22,2026-08-22T15:15:57.270000,,
119IAG,16116688,2026-08-22,2026-08-22T15:16:54.076000,,94.0
119IAG,16116688,2026-08-22,2026-08-22T15:17:29.770000,,93.0
119IAG,16116688,2026-08-22,2026-08-22T15:18:16.482000,,92.0
119IAG,16116688,2026-08-22,2026-08-22T15:19:31.289000,,91.0
119IAG,16116688,2026-08-22,2026-08-22T15:20:40.970000,,90.0
119IAG,16116688,2026-08-22,2026-08-22T15:21:53.770000,,
119IAG,16116688,2026-08-22,2026-08-22T15:21:54.170000,,90.0
119IAG,16116688,2026-08-22,2026-08-22T15:22:28.870000,,
119IAG,16116688,2026-08-22,2026-08-22T15:22:29.170000,,90.0
119IAG,16116688,2026-08-22,2026-08-22T15:23:04.070000,,
119IAG,16116688,2026-08-22,2026-08-22T15:23:04.570000,,90.0
119IAG,16116688,2026-08-22,2026-08-22T15:24:13.770000,,
119IAG,16116688,2026-08-22,2026-08-22T15:24:14.179000,,90.0
119IAG,16116688,2026-08-22,2026-08-22T15:24:48.970000,,
119IAG,16116688,2026-08-22,2026-08-22T15:24:49.170000,,90.0
119IAG,16116688,2026-08-22,2026-08-22T15:25:24.088000,,
119IAG,16116688,2026-08-22,2026-08-22T15:25:24.582000,,90.0
119IAG,16116688,2026-08-22,2026-08-22T15:25:31.171000,,89.0
119IAG,16116688,2026-08-22,2026-08-22T15:26:51.470000,,88.0
119IAG,16116688,2026-08-22,2026-08-22T15:27:18.070000,,
119IAG,16116688,2026-08-22,2026-08-22T15:27:22.070000,,88.0
119IAG,16116688,2026-08-22,2026-08-22T15:28:17.270000,,87.0
119IAG,16116688,2026-08-22,2026-08-22T15:29:32.782000,,
119IAG,16116688,2026-08-22,2026-08-22T15:31:59.280000,,87.0
119IAG,16116688,2026-08-22,2026-08-22T15:32:05.771000,,86.0
119IAG,16116688,2026-08-22,2026-08-22T15:33:35.071000,,85.0
119IAG,16116688,2026-08-22,2026-08-22T15:34:38.380000,,84.0
119IAG,16116688,2026-08-22,2026-08-22T15:36:50.371000,,
119IAG,16116688,2026-08-22,2026-08-22T15:37:31.180000,,84.0
119IAG,16116688,2026-08-22,2026-08-22T15:37:51.186000,,83.0
119IAG,16116688,2026-08-22,2026-08-22T15:38:39.786000,,82.0
119IAG,16116688,2026-08-22,2026-08-22T15:39:20.471000,,81.0
119IAG,16116688,2026-08-22,2026-08-22T15:40:15.671000,,80.0
119IAG,16116688,2026-08-22,2026-08-22T15:40:56.374000,,79.0
119IAG,16116688,2026-08-22,2026-08-22T15:41:39.486000,,78.0
119IAG,16116688,2026-08-22,2026-08-22T15:42:36.271000,,77.0
119IAG,16116688,2026-08-22,2026-08-22T15:43:13.371000,,76.0
119IAG,16116688,2026-08-22,2026-08-22T15:44:17.171000,,75.0
119IAG,16116688,2026-08-22,2026-08-22T15:45:10.373000,,74.0
119IAG,16116688,2026-08-22,2026-08-22T15:47:10.773000,,
119IAG,16116688,2026-08-22,2026-08-22T15:48:55.091000,,74.0
119IAG,16116688,2026-08-22,2026-08-22T15:49:32.171000,,73.0
119IAG,16116688,2026-08-22,2026-08-22T15:50:34.991000,,72.0
119IAG,16116688,2026-08-22,2026-08-22T15:51:27.171000,,71.0
119IAG,16116688,2026-08-22,2026-08-22T15:53:06.581000,,70.0
119IAG,16116688,2026-08-22,2026-08-22T15:54:44.971000,,69.0
119IAG,16116688,2026-08-22,2026-08-22T15:55:57.678000,,68.0
119IAG,16116688,2026-08-22,2026-08-22T15:56:50.971000,,67.0
119IAG,16116688,2026-08-22,2026-08-22T15:58:13.780000,,
119IAG,16116688,2026-08-22,2026-08-22T16:00:05.771000,,67.0
119IAG,16116688,2026-08-22,2026-08-22T16:01:05.371000,,
119IAG,16116688,2026-08-22,2026-08-22T16:02:09.671000,,66.0
119IAG,16116688,2026-08-22,2026-08-22T16:03:09.382000,,65.0
119IAG,16116688,2026-08-22,2026-08-22T16:04:19.177000,,
119IAG,16116688,2026-08-22,2026-08-22T16:04:49.971000,,64.0
119IAG,16116688,2026-08-22,2026-08-22T16:06:18.071000,,63.0
119IAG,16116688,2026-08-22,2026-08-22T16:07:38.892000,,
119IAG,16116688,2026-08-22,2026-08-22T16:08:58.271000,,63.0
119IAG,16116688,2026-08-22,2026-08-22T16:10:11.077000,,62.0
119IAG,16116688,2026-08-22,2026-08-22T16:12:07.571000,,61.0
119IAG,16116688,2026-08-22,2026-08-22T16:12:59.184000,,60.0
119IAG,16116688,2026-08-22,2026-08-22T16:14:21.571000,,59.0
119IAG,16116688,2026-08-22,2026-08-22T16:15:30.875000,,58.0
119IAG,16116688,2026-08-22,2026-08-22T16:16:15.471000,,57.0
119IAG,16116688,2026-08-22,2026-08-22T16:17:00.179000,,56.0
119IAG,16116688,2026-08-22,2026-08-22T16:18:58.987000,,
119IAG,16116688,2026-08-24,2026-08-24T04:33:08.890000,,
119IAG,16116688,2026-08-24,2026-08-24T13:35:04.369000,,100.0
119IAG,16116688,2026-08-24,2026-08-24T13:35:04.471000,100.0,100.0
119IAG,16116688,2026-08-24,2026-08-24T13:35:09.394000,100.0,
119IAG,16116688,2026-08-24,2026-08-24T13:36:25.069000,,
119IAG,16116688,2026-08-24,2026-08-24T13:37:08.890000,100.0,
119IAG,16116688,2026-08-24,2026-08-24T13:40:54.590000,99.0,
119IAG,16116688,2026-08-24,2026-08-24T13:42:25.469000,98.0,
119IAG,16116688,2026-08-24,2026-08-24T13:44:07.369000,97.0,
119IAG,16116688,2026-08-24,2026-08-24T13:45:16.169000,96.0,
119IAG,16116688,2026-08-24,2026-08-24T13:46:37.969000,95.0,
119IAG,16116688,2026-08-24,2026-08-24T13:48:52.493000,,
119IAG,16116688,2026-08-24,2026-08-24T13:52:05.269000,95.0,
119IAG,16116688,2026-08-24,2026-08-24T13:52:55.980000,94.0,
119IAG,16116688,2026-08-24,2026-08-24T13:55:04.469000,93.0,
119IAG,16116688,2026-08-24,2026-08-24T13:55:58.679000,92.0,
119IAG,16116688,2026-08-24,2026-08-24T14:02:05.069000,91.0,
119IAG,16116688,2026-08-24,2026-08-24T14:05:49.469000,90.0,
119IAG,16116688,2026-08-24,2026-08-24T14:07:11.387000,89.0,
119IAG,16116688,2026-08-24,2026-08-24T14:09:37.369000,,
119IAG,16116688,2026-08-24,2026-08-24T14:09:47.369000,89.0,
119IAG,16116688,2026-08-24,2026-08-24T14:10:18.573000,88.0,
119IAG,16116688,2026-08-24,2026-08-24T14:11:40.869000,87.0,
119IAG,16116688,2026-08-24,2026-08-24T14:13:37.888000,86.0,
119IAG,16116688,2026-08-24,2026-08-24T14:15:34.369000,85.0,
119IAG,16116688,2026-08-24,2026-08-24T14:17:13.269000,84.0,
119IAG,16116688,2026-08-24,2026-08-24T14:20:01.869000,83.0,
119IAG,16116688,2026-08-24,2026-08-24T14:22:02.369000,82.0,
119IAG,16116688,2026-08-24,2026-08-24T14:22:46.069000,81.0,
119IAG,16116688,2026-08-24,2026-08-24T14:24:00.869000,80.0,
119IAG,16116688,2026-08-24,2026-08-24T14:26:19.869000,79.0,
119IAG,16116688,2026-08-24,2026-08-24T14:30:19.369000,78.0,
119IAG,16116688,2026-08-24,2026-08-24T14:32:21.785000,,
119IAG,16116688,2026-08-24,2026-08-24T14:33:31.469000,78.0,
119IAG,16116688,2026-08-24,2026-08-24T14:34:35.780000,77.0,
119IAG,16116688,2026-08-24,2026-08-24T14:35:39.469000,76.0,
119IAG,16116688,2026-08-24,2026-08-24T14:36:32.169000,75.0,
119IAG,16116688,2026-08-24,2026-08-24T14:38:09.084000,74.0,
119IAG,16116688,2026-08-24,2026-08-24T14:39:05.269000,73.0,
119IAG,16116688,2026-08-24,2026-08-24T14:40:06.087000,72.0,
119IAG,16116688,2026-08-24,2026-08-24T14:40:55.269000,71.0,
119IAG,16116688,2026-08-24,2026-08-24T14:42:03.489000,70.0,
119IAG,16116688,2026-08-24,2026-08-24T14:45:36.869000,69.0,
119IAG,16116688,2026-08-24,2026-08-24T14:47:46.869000,,
119IAG,16116688,2026-08-24,2026-08-24T14:48:39.679000,69.0,
119IAG,16116688,2026-08-24,2026-08-24T14:49:53.969000,68.0,
119IAG,16116688,2026-08-24,2026-08-24T14:52:17.469000,67.0,
119IAG,16116688,2026-08-24,2026-08-24T14:54:24.969000,66.0,
119IAG,16116688,2026-08-24,2026-08-24T14:55:46.274000,65.0,
119IAG,16116688,2026-08-24,2026-08-24T14:57:16.669000,64.0,
119IAG,16116688,2026-08-24,2026-08-24T14:58:47.469000,,
119IAG,16116688,2026-08-24,2026-08-24T14:59:14.469000,64.0,
119IAG,16116688,2026-08-24,2026-08-24T15:00:30.969000,63.0,
119IAG,16116688,2026-08-24,2026-08-24T15:03:35.669000,,
119IAG,16116688,2026-08-24,2026-08-24T15:05:20.769000,63.0,
119IAG,16116688,2026-08-24,2026-08-24T15:05:52.969000,62.0,
119IAG,16116688,2026-08-24,2026-08-24T15:07:21.269000,61.0,
119IAG,16116688,2026-08-24,2026-08-24T15:09:31.284000,,
119IAG,16116688,2026-08-24,2026-08-24T15:11:54.169000,61.0,
119IAG,16116688,2026-08-24,2026-08-24T15:12:43.869000,60.0,
119IAG,16116688,2026-08-24,2026-08-24T15:14:36.769000,59.0,
119IAG,16116688,2026-08-24,2026-08-24T15:15:33.989000,58.0,
119IAG,16116688,2026-08-24,2026-08-24T15:17:52.089000,,
119IAG,16116688,2026-08-24,2026-08-24T15:19:42.569000,58.0,
119IAG,16116688,2026-08-24,2026-08-24T15:21:49.069000,57.0,
119IAG,16116688,2026-08-24,2026-08-24T15:22:44.269000,56.0,
119IAG,16116688,2026-08-24,2026-08-24T15:24:17.669000,55.0,
119IAG,16116688,2026-08-24,2026-08-24T15:25:36.969000,54.0,
119IAG,16116688,2026-08-24,2026-08-24T15:27:08.869000,53.0,
119IAG,16116688,2026-08-24,2026-08-24T15:29:02.769000,52.0,
119IAG,16116688,2026-08-24,2026-08-24T15:30:52.669000,,
119IAG,16116688,2026-08-24,2026-08-24T15:32:11.369000,,100.0
119IAG,16116688,2026-08-24,2026-08-24T15:32:11.469000,100.0,100.0
119IAG,16116688,2026-08-24,2026-08-24T15:32:16.369000,100.0,
119IAG,16116688,2026-08-24,2026-08-24T15:33:34.969000,,
119IAG,16116688,2026-08-24,2026-08-24T15:34:12.869000,100.0,
119IAG,16116688,2026-08-24,2026-08-24T15:38:17.769000,99.0,
119IAG,16116688,2026-08-24,2026-08-24T15:39:20.905000,98.0,
119IAG,16116688,2026-08-24,2026-08-24T15:40:14.888000,97.0,
119IAG,16116688,2026-08-24,2026-08-24T15:41:41.469000,96.0,
119IAG,16116688,2026-08-24,2026-08-24T15:42:30.569000,95.0,
119IAG,16116688,2026-08-24,2026-08-24T15:43:31.569000,94.0,
119IAG,16116688,2026-08-24,2026-08-24T15:46:05.869000,,
119IAG,16116688,2026-08-24,2026-08-24T15:47:57.213000,93.0,
119IAG,16116688,2026-08-24,2026-08-24T15:49:31.275000,92.0,
119IAG,16116688,2026-08-24,2026-08-24T15:50:36.269000,91.0,
119IAG,16116688,2026-08-24,2026-08-24T15:51:35.369000,90.0,
119IAG,16116688,2026-08-24,2026-08-24T15:54:05.969000,89.0,
119IAG,16116688,2026-08-24,2026-08-24T15:57:17.769000,,
119IAG,16116688,2026-08-24,2026-08-24T15:57:19.669000,88.0,
119IAG,16116688,2026-08-24,2026-08-24T15:58:22.269000,87.0,
119IAG,16116688,2026-08-24,2026-08-24T15:59:05.772000,86.0,
119IAG,16116688,2026-08-24,2026-08-24T16:00:23.369000,85.0,
119IAG,16116688,2026-08-24,2026-08-24T16:04:42.669000,84.0,
119IAG,16116688,2026-08-24,2026-08-24T16:06:33.769000,83.0,
119IAG,16116688,2026-08-24,2026-08-24T16:09:04.870000,,
119IAG,16116688,2026-08-24,2026-08-24T16:11:59.485000,83.0,
119IAG,16116688,2026-08-24,2026-08-24T16:13:21.485000,82.0,
119IAG,16116688,2026-08-24,2026-08-24T16:15:07.690000,81.0,
119IAG,16116688,2026-08-24,2026-08-24T16:16:24.169000,80.0,
119IAG,16116688,2026-08-24,2026-08-24T16:17:47.286000,79.0,
119IAG,16116688,2026-08-24,2026-08-24T16:18:40.869000,78.0,
119IAG,16116688,2026-08-24,2026-08-24T16:21:13.887000,,
119IAG,16116688,2026-08-24,2026-08-24T16:23:08.569000,78.0,
119IAG,16116688,2026-08-24,2026-08-24T16:23:28.069000,77.0,
119IAG,16116688,2026-08-24,2026-08-24T16:24:45.170000,76.0,
119IAG,16116688,2026-08-24,2026-08-24T16:25:55.769000,75.0,
119IAG,16116688,2026-08-24,2026-08-24T16:28:17.369000,,
119IAG,16116688,2026-08-24,2026-08-24T16:29:41.569000,75.0,
119IAG,16116688,2026-08-24,2026-08-24T16:30:31.569000,74.0,
119IAG,16116688,2026-08-24,2026-08-24T16:32:44.169000,73.0,
119IAG,16116688,2026-08-24,2026-08-24T16:34:37.869000,,
119IAG,16116688,2026-08-24,2026-08-24T16:36:23.969000,73.0,
119IAG,16116688,2026-08-24,2026-08-24T16:37:19.969000,72.0,
119IAG,16116688,2026-08-24,2026-08-24T16:39:41.094000,71.0,
119IAG,16116688,2026-08-24,2026-08-24T16:41:25.779000,70.0,
119IAG,16116688,2026-08-24,2026-08-24T16:43:19.869000,,
119IAG,16116688,2026-08-24,2026-08-24T16:44:54.687000,70.0,
119IAG,16116688,2026-08-24,2026-08-24T16:46:13.769000,69.0,
119IAG,16116688,2026-08-24,2026-08-24T16:47:40.373000,68.0,
119IAG,16116688,2026-08-24,2026-08-24T16:49:44.469000,67.0,
119IAG,16116688,2026-08-24,2026-08-24T16:52:23.169000,,
119IAG,16116688,2026-08-24,2026-08-24T16:53:04.883000,67.0,
119IAG,16116688,2026-08-24,2026-08-24T16:53:26.669000,,
119IAG,16116688,2026-08-24,2026-08-24T16:53:27.289000,67.0,
119IAG,16116688,2026-08-24,2026-08-24T16:53:41.769000,66.0,
119IAG,16116688,2026-08-24,2026-08-24T16:54:01.769000,,
119IAG,16116688,2026-08-24,2026-08-24T16:54:02.269000,66.0,
119IAG,16116688,2026-08-24,2026-08-24T16:54:36.769000,,
119IAG,16116688,2026-08-24,2026-08-24T16:54:37.269000,66.0,
119IAG,16116688,2026-08-24,2026-08-24T16:55:11.769000,,
119IAG,16116688,2026-08-24,2026-08-24T16:55:12.374000,65.0,
119IAG,16116688,2026-08-24,2026-08-24T16:55:46.869000,,
119IAG,16116688,2026-08-24,2026-08-24T16:55:47.369000,65.0,
119IAG,16116688,2026-08-24,2026-08-24T16:56:05.389000,64.0,
119IAG,16116688,2026-08-24,2026-08-24T16:56:21.869000,,
119IAG,16116688,2026-08-24,2026-08-24T16:56:22.369000,64.0,
119IAG,16116688,2026-08-24,2026-08-24T16:56:56.869000,,
119IAG,16116688,2026-08-24,2026-08-24T16:56:57.480000,64.0,
119IAG,16116688,2026-08-24,2026-08-24T16:57:13.977000,63.0,
119IAG,16116688,2026-08-24,2026-08-24T16:57:31.969000,,
119IAG,16116688,2026-08-24,2026-08-24T16:57:32.469000,63.0,
119IAG,16116688,2026-08-24,2026-08-24T16:58:06.987000,,
119IAG,16116688,2026-08-24,2026-08-24T16:58:07.477000,62.0,
119IAG,16116688,2026-08-24,2026-08-24T16:58:41.969000,,
119IAG,16116688,2026-08-24,2026-08-24T16:58:42.581000,62.0,
119IAG,16116688,2026-08-24,2026-08-24T16:59:01.069000,61.0,
119IAG,16116688,2026-08-24,2026-08-24T16:59:17.069000,,
119IAG,16116688,2026-08-24,2026-08-24T16:59:17.569000,61.0,
119IAG,16116688,2026-08-24,2026-08-24T16:59:52.069000,,
119IAG,16116688,2026-08-24,2026-08-24T16:59:52.569000,61.0,
119IAG,16116688,2026-08-24,2026-08-24T17:00:27.169000,,
119IAG,16116688,2026-08-24,2026-08-24T17:00:27.669000,61.0,
119IAG,16116688,2026-08-24,2026-08-24T17:00:53.669000,,
119IAG,16116688,2026-08-24,2026-08-24T17:02:24.469000,61.0,
119IAG,16116688,2026-08-24,2026-08-24T17:02:47.069000,,
119IAG,16116688,2026-08-24,2026-08-24T17:02:47.569000,61.0,
119IAG,16116688,2026-08-24,2026-08-24T17:03:22.074000,,
119IAG,16116688,2026-08-24,2026-08-24T17:03:22.569000,61.0,
119IAG,16116688,2026-08-24,2026-08-24T17:03:24.569000,60.0,
119IAG,16116688,2026-08-24,2026-08-24T17:03:57.069000,,
119IAG,16116688,2026-08-24,2026-08-24T17:03:57.569000,60.0,
119IAG,16116688,2026-08-24,2026-08-24T17:04:32.179000,,
119IAG,16116688,2026-08-24,2026-08-24T17:04:32.679000,60.0,
119IAG,16116688,2026-08-24,2026-08-24T17:05:07.169000,59.0,
119IAG,16116688,2026-08-24,2026-08-24T17:06:40.985000,58.0,
119IAG,16116688,2026-08-24,2026-08-24T17:07:12.287000,,
119IAG,16116688,2026-08-24,2026-08-24T17:07:14.786000,58.0,
119IAG,16116688,2026-08-24,2026-08-24T17:08:18.869000,57.0,
119IAG,16116688,2026-08-24,2026-08-24T17:09:44.469000,,
119IAG,16116688,2026-08-24,2026-08-24T17:10:14.069000,57.0,
119IAG,16116688,2026-08-24,2026-08-24T17:12:52.069000,56.0,
119IAG,16116688,2026-08-24,2026-08-24T17:14:09.169000,55.0,
119IAG,16116688,2026-08-24,2026-08-24T17:16:36.874000,,
119IAG,16116688,2026-08-24,2026-08-24T17:16:56.169000,99.0,99.0
119IAG,16116688,2026-08-24,2026-08-24T17:17:01.169000,99.0,
119IAG,16116688,2026-08-24,2026-08-24T17:18:26.570000,,
119IAG,16116688,2026-08-24,2026-08-24T17:18:54.584000,99.0,
119IAG,16116688,2026-08-24,2026-08-24T17:20:14.582000,98.0,
119IAG,16116688,2026-08-24,2026-08-24T17:23:23.971000,97.0,
119IAG,16116688,2026-08-24,2026-08-24T17:26:16.189000,,
119IAG,16116688,2026-08-24,2026-08-24T17:29:30.680000,97.0,
119IAG,16116688,2026-08-24,2026-08-24T17:30:59.569000,96.0,
119IAG,16116688,2026-08-24,2026-08-24T17:33:49.269000,,
119IAG,16116688,2026-08-24,2026-08-24T17:37:44.069000,96.0,
119IAG,16116688,2026-08-24,2026-08-24T17:39:04.969000,95.0,
119IAG,16116688,2026-08-24,2026-08-24T17:40:51.381000,94.0,
119IAG,16116688,2026-08-24,2026-08-24T17:42:42.369000,93.0,
119IAG,16116688,2026-08-24,2026-08-24T17:44:47.477000,,
119IAG,16116688,2026-08-24,2026-08-24T17:47:45.927000,93.0,
119IAG,16116688,2026-08-24,2026-08-24T17:49:57.483000,92.0,
119IAG,16116688,2026-08-24,2026-08-24T17:51:13.266000,91.0,
119IAG,16116688,2026-08-24,2026-08-24T17:53:00.267000,90.0,
119IAG,16116688,2026-08-24,2026-08-24T17:55:25.978000,89.0,
119IAG,16116688,2026-08-24,2026-08-24T17:56:50.283000,,
119IAG,16116688,2026-08-24,2026-08-24T17:58:23.466000,89.0,
119IAG,16116688,2026-08-24,2026-08-24T18:00:09.466000,88.0,
119IAG,16116688,2026-08-24,2026-08-24T18:01:25.766000,87.0,
119IAG,16116688,2026-08-24,2026-08-24T18:02:28.066000,86.0,
119IAG,16116688,2026-08-24,2026-08-24T18:04:39.666000,,
119IAG,16116688,2026-08-24,2026-08-24T18:08:11.066000,86.0,
119IAG,16116688,2026-08-24,2026-08-24T18:08:59.766000,85.0,
119IAG,16116688,2026-08-24,2026-08-24T18:11:13.366000,84.0,
119IAG,16116688,2026-08-24,2026-08-24T18:12:10.670000,83.0,
119IAG,16116688,2026-08-24,2026-08-24T18:13:58.666000,82.0,
119IAG,16116688,2026-08-24,2026-08-24T18:16:32.781000,,
119IAG,16116688,2026-08-24,2026-08-24T18:17:53.677000,82.0,
119IAG,16116688,2026-08-24,2026-08-24T18:18:57.466000,81.0,
119IAG,16116688,2026-08-24,2026-08-24T18:19:44.166000,80.0,
119IAG,16116688,2026-08-24,2026-08-24T18:20:53.466000,79.0,
119IAG,16116688,2026-08-24,2026-08-24T18:22:46.966000,,
119IAG,16116688,2026-08-24,2026-08-24T18:24:19.366000,79.0,
119IAG,16116688,2026-08-24,2026-08-24T18:25:30.666000,78.0,
119IAG,16116688,2026-08-24,2026-08-24T18:26:46.066000,77.0,
119IAG,16116688,2026-08-24,2026-08-24T18:27:51.866000,76.0,
119IAG,16116688,2026-08-24,2026-08-24T18:29:23.266000,75.0,
119IAG,16116688,2026-08-24,2026-08-24T18:30:51.666000,74.0,
119IAG,16116688,2026-08-24,2026-08-24T18:32:10.966000,,
119IAG,16116688,2026-08-24,2026-08-24T19:08:15.669000,74.0,
119IAG,16116688,2026-08-24,2026-08-24T19:09:56.069000,73.0,
119IAG,16116688,2026-08-24,2026-08-24T19:12:44.269000,,
119IAG,16116688,2026-08-24,2026-08-24T19:15:06.377000,73.0,
119IAG,16116688,2026-08-24,2026-08-24T19:15:50.069000,72.0,
119IAG,16116688,2026-08-24,2026-08-24T19:18:27.774000,,
119IAG,16116688,2026-08-24,2026-08-24T19:20:32.169000,72.0,
119IAG,16116688,2026-08-24,2026-08-24T19:23:17.869000,,
119IAG,16116688,2026-08-24,2026-08-24T19:24:31.169000,72.0,
119IAG,16116688,2026-08-24,2026-08-24T19:24:46.769000,71.0,
119IAG,16116688,2026-08-24,2026-08-24T19:27:08.369000,70.0,
119IAG,16116688,2026-08-24,2026-08-24T19:29:05.469000,69.0,
119IAG,16116688,2026-08-24,2026-08-24T19:30:37.376000,68.0,
119IAG,16116688,2026-08-24,2026-08-24T19:32:13.269000,,
119IAG,16116688,2026-08-24,2026-08-24T19:33:05.669000,68.0,
119IAG,16116688,2026-08-24,2026-08-24T19:36:41.169000,67.0,
119IAG,16116688,2026-08-24,2026-08-24T19:38:42.669000,66.0,
119IAG,16116688,2026-08-24,2026-08-24T19:40:31.669000,,
119IAG,16116688,2026-08-24,2026-08-24T19:46:12.569000,66.0,
119IAG,16116688,2026-08-24,2026-08-24T19:47:53.069000,65.0,
119IAG,16116688,2026-08-24,2026-08-24T19:49:55.069000,64.0,
119IAG,16116688,2026-08-24,2026-08-24T19:52:01.169000,63.0,
119IAG,16116688,2026-08-24,2026-08-24T19:53:50.175000,,
119IAG,16116688,2026-08-24,2026-08-24T19:55:19.188000,63.0,
119IAG,16116688,2026-08-24,2026-08-24T19:58:21.069000,62.0,
119IAG,16116688,2026-08-24,2026-08-24T19:59:19.769000,61.0,
119IAG,16116688,2026-08-24,2026-08-24T20:01:49.485000,,
119IAG,16116688,2026-08-24,2026-08-24T20:02:00.482000,100.0,100.0
119IAG,16116688,2026-08-24,2026-08-24T20:02:05.469000,100.0,
119IAG,16116688,2026-08-24,2026-08-24T20:03:07.169000,,
119IAG,16116688,2026-08-24,2026-08-24T20:42:26.958000,100.0,
119IAG,16116688,2026-08-24,2026-08-24T20:45:21.569000,99.0,
119IAG,16116688,2026-08-24,2026-08-24T20:47:05.369000,98.0,
119IAG,16116688,2026-08-24,2026-08-24T20:49:19.769000,,
119IAG,16116688,2026-08-24,2026-08-24T20:53:52.469000,98.0,
119IAG,16116688,2026-08-24,2026-08-24T20:55:50.269000,97.0,
119IAG,16116688,2026-08-24,2026-08-24T20:57:49.669000,96.0,
119IAG,16116688,2026-08-24,2026-08-24T20:59:08.369000,95.0,
119IAG,16116688,2026-08-24,2026-08-24T21:01:08.773000,,
119IAG,16116688,2026-08-24,2026-08-24T21:02:41.069000,95.0,
119IAG,16116688,2026-08-24,2026-08-24T21:03:30.669000,94.0,
119IAG,16116688,2026-08-24,2026-08-24T21:05:11.579000,93.0,
119IAG,16116688,2026-08-24,2026-08-24T21:06:43.769000,92.0,
119IAG,16116688,2026-08-24,2026-08-24T21:08:51.169000,,
119IAG,16116688,2026-08-24,2026-08-24T21:10:18.269000,92.0,
119IAG,16116688,2026-08-24,2026-08-24T21:11:23.969000,91.0,
119IAG,16116688,2026-08-24,2026-08-24T21:12:52.278000,90.0,
119IAG,16116688,2026-08-24,2026-08-24T21:14:38.083000,89.0,
119IAG,16116688,2026-08-24,2026-08-24T21:16:56.987000,,
119IAG,16116688,2026-08-24,2026-08-24T21:19:50.169000,89.0,
119IAG,16116688,2026-08-24,2026-08-24T21:20:24.288000,,
119IAG,16116688,2026-08-25,2026-08-25T05:15:16.889000,,
119IAG,16116688,2026-08-26,2026-08-26T04:47:16.888000,,
119IAG,16116688,2026-08-27,2026-08-27T05:10:46.963000,,
119IAG,16116688,2026-08-28,2026-08-28T04:51:37.910000,,
119IAG,16116688,2026-08-28,2026-08-28T13:58:59.369000,100.0,
119IAG,16116688,2026-08-28,2026-08-28T13:58:59.473000,100.0,100.0
119IAG,16116688,2026-08-28,2026-08-28T14:00:52.069000,100.0,
119IAG,16116688,2026-08-28,2026-08-28T14:00:52.369000,,
119IAG,16116688,2026-08-29,2026-08-29T05:09:13.811000,,
119IAG,16116688,2026-08-31,2026-08-31T09:05:28.977000,100.0,100.0
119IAG,16116688,2026-08-31,2026-08-31T09:08:07.135000,100.0,99.0
119IAG,16116688,2026-08-31,2026-08-31T09:09:04.135000,100.0,98.0
119IAG,16116688,2026-08-31,2026-08-31T09:09:58.735000,100.0,97.0
119IAG,16116688,2026-08-31,2026-08-31T09:11:02.235000,100.0,96.0
119IAG,16116688,2026-08-31,2026-08-31T09:14:15.734000,100.0,95.0
119IAG,16116688,2026-08-31,2026-08-31T09:19:10.245000,100.0,94.0
119IAG,16116688,2026-08-31,2026-08-31T09:20:11.845000,100.0,93.0
119IAG,16116688,2026-08-31,2026-08-31T09:21:11.858000,100.0,92.0
119IAG,16116688,2026-08-31,2026-08-31T09:23:07.962000,100.0,91.0
119IAG,16116688,2026-08-31,2026-08-31T09:24:35.045000,100.0,90.0
119IAG,16116688,2026-08-31,2026-08-31T09:28:01.858000,100.0,89.0
119IAG,16116688,2026-08-31,2026-08-31T09:28:30.058000,,89.0
119IAG,16116688,2026-08-31,2026-08-31T09:28:32.074000,100.0,89.0
119IAG,16116688,2026-08-31,2026-08-31T09:28:49.558000,100.0,88.0
119IAG,16116688,2026-08-31,2026-08-31T09:29:15.369000,,88.0
119IAG,16116688,2026-08-31,2026-08-31T09:29:16.258000,100.0,88.0
119IAG,16116688,2026-08-31,2026-08-31T09:29:21.277000,,88.0
119IAG,16116688,2026-08-31,2026-08-31T09:29:22.358000,100.0,88.0
119IAG,16116688,2026-08-31,2026-08-31T09:29:32.958000,100.0,
119IAG,16116688,2026-08-31,2026-08-31T09:29:33.358000,100.0,88.0
119IAG,16116688,2026-08-31,2026-08-31T09:29:35.058000,100.0,87.0
119IAG,16116688,2026-08-31,2026-08-31T09:29:47.958000,100.0,
119IAG,16116688,2026-08-31,2026-08-31T09:29:51.067000,100.0,87.0
119IAG,16116688,2026-08-31,2026-08-31T09:29:59.658000,100.0,
119IAG,16116688,2026-08-31,2026-08-31T09:30:01.665000,100.0,87.0
119IAG,16116688,2026-08-31,2026-08-31T09:30:03.058000,,87.0
119IAG,16116688,2026-08-31,2026-08-31T09:30:07.072000,100.0,87.0
119IAG,16116688,2026-08-31,2026-08-31T09:30:18.978000,,87.0
119IAG,16116688,2026-08-31,2026-08-31T09:30:21.558000,100.0,87.0
119IAG,16116688,2026-08-31,2026-08-31T09:30:26.558000,,87.0
119IAG,16116688,2026-08-31,2026-08-31T09:30:27.558000,100.0,87.0
119IAG,16116688,2026-08-31,2026-08-31T09:32:56.236000,100.0,86.0
119IAG,16116688,2026-08-31,2026-08-31T09:36:51.953000,100.0,85.0
119IAG,16116688,2026-08-31,2026-08-31T09:37:46.735000,100.0,84.0
119IAG,16116688,2026-08-31,2026-08-31T09:41:00.635000,100.0,83.0
119IAG,16116688,2026-08-31,2026-08-31T09:41:18.135000,,
119IAG,16116688,2026-08-31,2026-08-31T09:41:24.639000,,83.0
119IAG,16116688,2026-08-31,2026-08-31T09:41:25.669000,100.0,83.0
119IAG,16116688,2026-08-31,2026-08-31T09:43:49.445000,100.0,82.0
119IAG,16116688,2026-08-31,2026-08-31T09:45:04.045000,100.0,81.0
119IAG,16116688,2026-08-31,2026-08-31T09:48:26.169000,100.0,80.0
119IAG,16116688,2026-08-31,2026-08-31T09:49:05.769000,100.0,79.0
119IAG,16116688,2026-08-31,2026-08-31T09:49:43.769000,100.0,78.0
119IAG,16116688,2026-08-31,2026-08-31T09:50:41.377000,100.0,77.0
119IAG,16116688,2026-08-31,2026-08-31T09:51:22.869000,100.0,76.0
119IAG,16116688,2026-08-31,2026-08-31T09:52:08.969000,100.0,75.0
119IAG,16116688,2026-08-31,2026-08-31T09:56:53.334000,100.0,74.0
119IAG,16116688,2026-08-31,2026-08-31T10:01:42.344000,100.0,73.0
119IAG,16116688,2026-08-31,2026-08-31T10:03:47.934000,100.0,72.0
119IAG,16116688,2026-08-31,2026-08-31T10:04:25.434000,100.0,71.0
119IAG,16116688,2026-08-31,2026-08-31T10:05:14.034000,100.0,70.0
119IAG,16116688,2026-08-31,2026-08-31T10:06:00.534000,100.0,69.0
119IAG,16116688,2026-08-31,2026-08-31T10:09:41.187000,100.0,68.0
119IAG,16116688,2026-08-31,2026-08-31T10:11:11.787000,100.0,67.0
119IAG,16116688,2026-08-31,2026-08-31T10:12:19.906000,100.0,66.0
119IAG,16116688,2026-08-31,2026-08-31T10:13:02.387000,100.0,65.0
119IAG,16116688,2026-08-31,2026-08-31T10:14:03.987000,100.0,64.0
119IAG,16116688,2026-08-31,2026-08-31T10:17:54.200000,100.0,63.0
119IAG,16116688,2026-08-31,2026-08-31T10:18:36.113000,100.0,62.0
119IAG,16116688,2026-08-31,2026-08-31T10:20:18.717000,100.0,61.0
119IAG,16116688,2026-08-31,2026-08-31T10:21:40.819000,100.0,60.0
119IAG,16116688,2026-08-31,2026-08-31T10:22:41.500000,100.0,59.0
119IAG,16116688,2026-08-31,2026-08-31T10:23:39.514000,100.0,58.0
119IAG,16116688,2026-08-31,2026-08-31T10:31:02.333000,100.0,57.0
119IAG,16116688,2026-08-31,2026-08-31T10:31:37.333000,100.0,56.0
119IAG,16116688,2026-08-31,2026-08-31T10:32:27.839000,100.0,55.0
119IAG,16116688,2026-08-31,2026-08-31T10:33:30.433000,100.0,54.0
119IAG,16116688,2026-08-31,2026-08-31T10:34:12.933000,100.0,53.0
119IAG,16116688,2026-08-31,2026-08-31T10:38:48.333000,100.0,52.0
119IAG,16116688,2026-08-31,2026-08-31T10:39:45.634000,100.0,51.0
119IAG,16116688,2026-08-31,2026-08-31T10:40:22.934000,100.0,
119IAG,16116688,2026-08-31,2026-08-31T10:40:23.434000,100.0,51.0
119IAG,16116688,2026-08-31,2026-08-31T10:40:51.534000,100.0,50.0
119IAG,16116688,2026-08-31,2026-08-31T10:41:44.534000,100.0,49.0
119IAG,16116688,2026-08-31,2026-08-31T10:42:57.647000,100.0,48.0
119IAG,16116688,2026-08-31,2026-08-31T10:47:29.958000,100.0,100.0
119IAG,16116688,2026-08-31,2026-08-31T10:54:14.334000,100.0,99.0
119IAG,16116688,2026-08-31,2026-08-31T10:56:41.557000,,99.0
119IAG,16116688,2026-08-31,2026-08-31T10:56:41.957000,100.0,99.0
119IAG,16116688,2026-08-31,2026-08-31T10:57:01.557000,100.0,98.0
119IAG,16116688,2026-08-31,2026-08-31T10:57:57.175000,100.0,97.0
119IAG,16116688,2026-08-31,2026-08-31T10:58:47.357000,100.0,96.0
119IAG,16116688,2026-08-31,2026-08-31T10:59:20.457000,100.0,95.0
119IAG,16116688,2026-08-31,2026-08-31T11:04:58.156000,100.0,94.0
119IAG,16116688,2026-08-31,2026-08-31T11:05:30.844000,100.0,93.0
119IAG,16116688,2026-08-31,2026-08-31T11:06:41.044000,100.0,92.0
119IAG,16116688,2026-08-31,2026-08-31T11:07:34.752000,100.0,91.0
119IAG,16116688,2026-08-31,2026-08-31T11:12:19.044000,100.0,90.0
119IAG,16116688,2026-08-31,2026-08-31T11:13:43.844000,100.0,89.0
119IAG,16116688,2026-08-31,2026-08-31T11:14:28.053000,100.0,88.0
119IAG,16116688,2026-08-31,2026-08-31T11:15:18.755000,100.0,87.0
119IAG,16116688,2026-08-31,2026-08-31T11:16:01.344000,100.0,86.0
119IAG,16116688,2026-08-31,2026-08-31T11:16:40.045000,100.0,85.0
119IAG,16116688,2026-08-31,2026-08-31T11:17:25.744000,100.0,84.0
119IAG,16116688,2026-08-31,2026-08-31T11:20:12.175000,100.0,83.0
119IAG,16116688,2026-08-31,2026-08-31T11:20:43.358000,100.0,82.0
119IAG,16116688,2026-08-31,2026-08-31T11:21:22.374000,100.0,
119IAG,16116688,2026-08-31,2026-08-31T11:21:22.458000,100.0,82.0
119IAG,16116688,2026-08-31,2026-08-31T11:21:27.458000,100.0,81.0
119IAG,16116688,2026-08-31,2026-08-31T11:22:50.261000,100.0,80.0
119IAG,16116688,2026-08-31,2026-08-31T11:23:31.458000,100.0,79.0
119IAG,16116688,2026-08-31,2026-08-31T11:24:24.258000,100.0,78.0
119IAG,16116688,2026-08-31,2026-08-31T11:25:00.758000,100.0,77.0
119IAG,16116688,2026-08-31,2026-08-31T11:26:51.758000,100.0,76.0
119IAG,16116688,2026-08-31,2026-08-31T11:29:42.474000,100.0,75.0
119IAG,16116688,2026-08-31,2026-08-31T11:30:26.157000,100.0,74.0
119IAG,16116688,2026-08-31,2026-08-31T11:30:40.157000,,74.0
119IAG,16116688,2026-08-31,2026-08-31T11:30:41.257000,100.0,74.0
119IAG,16116688,2026-08-31,2026-08-31T11:31:18.878000,100.0,73.0
119IAG,16116688,2026-08-31,2026-08-31T11:34:19.758000,100.0,72.0
119IAG,16116688,2026-08-31,2026-08-31T11:35:18.558000,100.0,71.0
119IAG,16116688,2026-08-31,2026-08-31T11:35:55.258000,100.0,70.0
119IAG,16116688,2026-08-31,2026-08-31T11:36:35.258000,100.0,69.0
119IAG,16116688,2026-08-31,2026-08-31T11:37:18.558000,100.0,68.0
119IAG,16116688,2026-08-31,2026-08-31T11:42:02.529000,100.0,67.0
119IAG,16116688,2026-08-31,2026-08-31T11:43:02.329000,100.0,66.0
119IAG,16116688,2026-08-31,2026-08-31T11:44:25.629000,100.0,65.0
119IAG,16116688,2026-08-31,2026-08-31T11:45:01.232000,100.0,64.0
119IAG,16116688,2026-08-31,2026-08-31T11:49:49.346000,100.0,63.0
119IAG,16116688,2026-08-31,2026-08-31T11:50:30.454000,100.0,62.0
119IAG,16116688,2026-08-31,2026-08-31T11:51:18.146000,100.0,61.0
119IAG,16116688,2026-08-31,2026-08-31T11:54:46.343000,100.0,60.0
119IAG,16116688,2026-08-31,2026-08-31T11:58:43.233000,100.0,59.0
119IAG,16116688,2026-08-31,2026-08-31T11:59:23.933000,100.0,58.0
119IAG,16116688,2026-08-31,2026-08-31T12:00:04.533000,100.0,57.0
119IAG,16116688,2026-08-31,2026-08-31T12:01:40.433000,100.0,56.0
119IAG,16116688,2026-08-31,2026-08-31T12:08:29.633000,100.0,55.0
119IAG,16116688,2026-08-31,2026-08-31T12:09:21.333000,100.0,54.0
119IAG,16116688,2026-08-31,2026-08-31T12:09:56.433000,100.0,53.0
119IAG,16116688,2026-08-31,2026-08-31T12:11:08.236000,100.0,52.0
119IAG,16116688,2026-08-31,2026-08-31T12:11:49.934000,100.0,51.0
119IAG,16116688,2026-08-31,2026-08-31T12:12:35.644000,100.0,50.0
119IAG,16116688,2026-08-31,2026-08-31T12:16:58.726000,100.0,49.0
119IAG,16116688,2026-08-31,2026-08-31T12:18:03.524000,100.0,48.0
119IAG,16116688,2026-08-31,2026-08-31T12:18:44.724000,100.0,47.0
119IAG,16116688,2026-08-31,2026-08-31T12:19:58.924000,100.0,46.0
119IAG,16116688,2026-08-31,2026-08-31T12:20:52.224000,100.0,45.0
119IAG,16116688,2026-08-31,2026-08-31T12:21:41.824000,100.0,44.0
119IAG,16116688,2026-08-31,2026-08-31T12:22:26.524000,100.0,43.0
119IAG,16116688,2026-08-31,2026-08-31T12:23:17.231000,100.0,42.0
119IAG,16116688,2026-08-31,2026-08-31T12:23:57.924000,100.0,41.0
119IAG,16116688,2026-08-31,2026-08-31T12:27:37.758000,100.0,40.0
119IAG,16116688,2026-08-31,2026-08-31T12:28:17.958000,100.0,39.0
119IAG,16116688,2026-08-31,2026-08-31T12:28:27.958000,,
119IAG,16116688,2026-08-31,2026-08-31T12:28:37.558000,100.0,39.0
119IAG,16116688,2026-08-31,2026-08-31T12:29:00.558000,100.0,38.0
119IAG,16116688,2026-08-31,2026-08-31T12:29:47.766000,100.0,37.0
119IAG,16116688,2026-08-31,2026-08-31T12:30:38.458000,100.0,36.0
119IAG,16116688,2026-08-31,2026-08-31T12:31:38.758000,100.0,35.0
119IAG,16116688,2026-08-31,2026-08-31T12:32:20.869000,100.0,34.0
119IAG,16116688,2026-08-31,2026-08-31T12:33:12.064000,100.0,33.0
119IAG,16116688,2026-08-31,2026-08-31T12:34:20.878000,100.0,32.0
119IAG,16116688,2026-08-31,2026-08-31T12:35:02.573000,100.0,31.0
119IAG,16116688,2026-08-31,2026-08-31T12:35:48.169000,100.0,30.0
119IAG,16116688,2026-08-31,2026-08-31T12:36:36.858000,100.0,29.0
119IAG,16116688,2026-09-01,2026-09-01T07:32:26.966000,84.0,100.0
119IAG,16116688,2026-09-01,2026-09-01T07:37:13.945000,83.0,100.0
119IAG,16116688,2026-09-01,2026-09-01T07:37:47.945000,82.0,100.0
119IAG,16116688,2026-09-01,2026-09-01T07:40:06.645000,81.0,100.0
119IAG,16116688,2026-09-01,2026-09-01T07:40:45.645000,80.0,100.0
119IAG,16116688,2026-09-01,2026-09-01T07:41:45.745000,79.0,100.0
119IAG,16116688,2026-09-01,2026-09-01T07:42:56.251000,78.0,100.0
119IAG,16116688,2026-09-01,2026-09-01T07:43:51.345000,77.0,100.0
119IAG,16116688,2026-09-01,2026-09-01T07:44:46.945000,76.0,100.0
119IAG,16116688,2026-09-01,2026-09-01T07:49:41.238000,75.0,100.0
119IAG,16116688,2026-09-01,2026-09-01T07:51:03.834000,74.0,100.0
119IAG,16116688,2026-09-01,2026-09-01T07:51:59.934000,73.0,100.0
119IAG,16116688,2026-09-01,2026-09-01T07:52:34.934000,72.0,100.0
119IAG,16116688,2026-09-01,2026-09-01T07:53:29.534000,71.0,100.0
119IAG,16116688,2026-09-01,2026-09-01T07:54:24.034000,70.0,100.0
119IAG,16116688,2026-09-01,2026-09-01T07:58:05.965000,69.0,100.0
119IAG,16116688,2026-09-01,2026-09-01T07:58:41.762000,68.0,100.0
119IAG,16116688,2026-09-01,2026-09-01T07:59:20.744000,67.0,100.0
119IAG,16116688,2026-09-01,2026-09-01T08:00:01.844000,66.0,100.0
119IAG,16116688,2026-09-01,2026-09-01T08:00:49.344000,65.0,100.0
119IAG,16116688,2026-09-01,2026-09-01T08:01:32.444000,64.0,100.0
119IAG,16116688,2026-09-01,2026-09-01T08:03:03.044000,63.0,100.0
119IAG,16116688,2026-09-01,2026-09-01T08:03:40.044000,62.0,100.0
119IAG,16116688,2026-09-01,2026-09-01T08:04:35.544000,61.0,100.0
119IAG,16116688,2026-09-01,2026-09-01T08:07:40.057000,60.0,100.0
119IAG,16116688,2026-09-01,2026-09-01T08:08:21.557000,59.0,100.0
119IAG,16116688,2026-09-01,2026-09-01T08:09:04.557000,58.0,100.0
119IAG,16116688,2026-09-01,2026-09-01T08:09:46.157000,57.0,100.0
119IAG,16116688,2026-09-01,2026-09-01T08:10:37.157000,56.0,100.0
119IAG,16116688,2026-09-01,2026-09-01T08:11:24.757000,55.0,100.0
119IAG,16116688,2026-09-01,2026-09-01T08:17:52.038000,54.0,100.0
119IAG,16116688,2026-09-01,2026-09-01T08:18:35.634000,53.0,100.0
119IAG,16116688,2026-09-01,2026-09-01T08:19:24.634000,52.0,100.0
119IAG,16116688,2026-09-01,2026-09-01T08:20:05.747000,51.0,100.0
119IAG,16116688,2026-09-01,2026-09-01T08:20:58.734000,50.0,100.0
119IAG,16116688,2026-09-01,2026-09-01T08:22:07.834000,49.0,100.0
119IAG,16116688,2026-09-01,2026-09-01T08:22:48.334000,48.0,100.0
119IAG,16116688,2026-09-01,2026-09-01T08:23:30.946000,47.0,100.0
119IAG,16116688,2026-09-01,2026-09-01T08:26:47.768000,46.0,100.0
119IAG,16116688,2026-09-01,2026-09-01T08:27:40.757000,45.0,100.0
119IAG,16116688,2026-09-01,2026-09-01T08:28:18.257000,44.0,100.0
119IAG,16116688,2026-09-01,2026-09-01T08:29:02.859000,43.0,100.0
119IAG,16116688,2026-09-01,2026-09-01T08:30:01.857000,42.0,100.0
119IAG,16116688,2026-09-01,2026-09-01T08:32:22.789000,41.0,100.0
119IAG,16116688,2026-09-01,2026-09-01T08:33:05.174000,40.0,100.0
119IAG,16116688,2026-09-01,2026-09-01T08:33:52.657000,39.0,100.0
119IAG,16116688,2026-09-01,2026-09-01T08:38:30.506000,38.0,100.0
119IAG,16116688,2026-09-01,2026-09-01T08:40:37.557000,37.0,100.0
119IAG,16116688,2026-09-01,2026-09-01T08:43:05.857000,36.0,100.0
119IAG,16116688,2026-09-01,2026-09-01T08:43:43.964000,35.0,100.0
119IAG,16116688,2026-09-01,2026-09-01T08:44:18.957000,34.0,100.0
119IAG,16116688,2026-09-01,2026-09-01T08:47:03.471000,33.0,100.0
119IAG,16116688,2026-09-01,2026-09-01T08:47:47.976000,,100.0
119IAG,16116688,2026-09-01,2026-09-01T08:47:48.757000,,
119IAG,16116688,2026-09-01,2026-09-01T08:47:58.257000,32.0,100.0
119IAG,16116688,2026-09-01,2026-09-01T08:50:36.950000,31.0,100.0
119IAG,16116688,2026-09-01,2026-09-01T08:51:28.034000,30.0,100.0
119IAG,16116688,2026-09-01,2026-09-01T08:52:09.534000,29.0,100.0
119IAG,16116688,2026-09-01,2026-09-01T08:53:05.643000,28.0,100.0
119IAG,16116688,2026-09-01,2026-09-01T08:54:26.651000,27.0,100.0
119IAG,16116688,2026-09-01,2026-09-01T08:58:53.672000,26.0,100.0
119IAG,16116688,2026-09-01,2026-09-01T08:59:55.275000,25.0,100.0
119IAG,16116688,2026-09-01,2026-09-01T09:00:31.777000,24.0,100.0
119IAG,16116688,2026-09-01,2026-09-01T09:01:22.857000,23.0,100.0
119IAG,16116688,2026-09-01,2026-09-01T09:02:12.857000,22.0,100.0
119IAG,16116688,2026-09-01,2026-09-01T09:03:21.457000,21.0,100.0
119IAG,16116688,2026-09-01,2026-09-01T09:06:54.257000,20.0,100.0
119IAG,16116688,2026-09-01,2026-09-01T09:07:57.668000,20.0,99.0
119IAG,16116688,2026-09-01,2026-09-01T09:08:35.258000,20.0,98.0
119IAG,16116688,2026-09-01,2026-09-01T09:09:12.958000,20.0,97.0
119IAG,16116688,2026-09-01,2026-09-01T09:09:19.976000,,
119IAG,16116688,2026-09-01,2026-09-01T09:09:31.758000,,97.0
119IAG,16116688,2026-09-01,2026-09-01T09:09:31.958000,20.0,97.0
119IAG,16116688,2026-09-01,2026-09-01T09:14:59.634000,20.0,96.0
119IAG,16116688,2026-09-01,2026-09-01T09:15:29.234000,20.0,95.0
119IAG,16116688,2026-09-01,2026-09-01T09:16:16.434000,20.0,94.0
119IAG,16116688,2026-09-01,2026-09-01T09:16:50.034000,20.0,93.0
119IAG,16116688,2026-09-01,2026-09-01T09:17:32.734000,20.0,92.0
119IAG,16116688,2026-09-01,2026-09-01T09:21:45.833000,20.0,91.0
119IAG,16116688,2026-09-01,2026-09-01T09:22:24.433000,20.0,90.0
119IAG,16116688,2026-09-01,2026-09-01T09:27:16.958000,20.0,89.0
119IAG,16116688,2026-09-01,2026-09-01T09:28:03.433000,20.0,88.0
119IAG,16116688,2026-09-01,2026-09-01T09:28:50.533000,20.0,87.0
119IAG,16116688,2026-09-01,2026-09-01T09:29:39.244000,20.0,86.0
119IAG,16116688,2026-09-01,2026-09-01T09:30:43.053000,20.0,85.0
119IAG,16116688,2026-09-01,2026-09-01T09:31:45.733000,20.0,84.0
119IAG,16116688,2026-09-01,2026-09-01T09:32:40.048000,20.0,83.0
119IAG,16116688,2026-09-01,2026-09-01T09:37:44.024000,100.0,83.0
119IAG,16116688,2026-09-01,2026-09-01T09:38:16.701000,100.0,82.0
119IAG,16116688,2026-09-01,2026-09-01T09:39:13.401000,100.0,81.0
119IAG,16116688,2026-09-01,2026-09-01T09:39:55.005000,100.0,80.0
119IAG,16116688,2026-09-01,2026-09-01T09:47:50.959000,100.0,77.0
119IAG,16116688,2026-09-01,2026-09-01T09:48:14.450000,100.0,76.0
119IAG,16116688,2026-09-01,2026-09-01T09:48:55.034000,100.0,75.0
119IAG,16116688,2026-09-01,2026-09-01T09:49:56.336000,100.0,74.0
119IAG,16116688,2026-09-01,2026-09-01T09:52:39.662000,99.0,
119IAG,16116688,2026-09-01,2026-09-01T09:53:06.477000,98.0,
119IAG,16116688,2026-09-01,2026-09-01T09:56:41.257000,97.0,
119IAG,16116688,2026-09-01,2026-09-01T09:57:31.457000,96.0,
119IAG,16116688,2026-09-01,2026-09-01T09:58:22.057000,95.0,
119IAG,16116688,2026-09-01,2026-09-01T09:59:24.276000,94.0,
119IAG,16116688,2026-09-01,2026-09-01T10:01:08.557000,93.0,
119IAG,16116688,2026-09-01,2026-09-01T10:05:48.257000,92.0,
119IAG,16116688,2026-09-01,2026-09-01T10:06:45.457000,91.0,
119IAG,16116688,2026-09-01,2026-09-01T10:07:59.165000,90.0,
119IAG,16116688,2026-09-01,2026-09-01T10:08:44.857000,89.0,
119IAG,16116688,2026-09-01,2026-09-01T10:09:35.957000,88.0,
119IAG,16116688,2026-09-01,2026-09-01T10:10:26.657000,87.0,
119IAG,16116688,2026-09-01,2026-09-01T10:11:04.757000,86.0,
119IAG,16116688,2026-09-01,2026-09-01T10:12:17.457000,85.0,
119IAG,16116688,2026-09-01,2026-09-01T10:13:04.160000,84.0,
119IAG,16116688,2026-09-01,2026-09-01T10:14:17.867000,83.0,
119IAG,16116688,2026-09-01,2026-09-01T10:15:21.057000,82.0,
119IAG,16116688,2026-09-01,2026-09-01T10:16:08.163000,81.0,
119IAG,16116688,2026-09-01,2026-09-01T10:17:06.857000,80.0,
119IAG,16116688,2026-09-01,2026-09-01T10:18:22.057000,79.0,
119IAG,16116688,2026-09-02,2026-09-02T09:04:13.975000,100.0,99.0
119IAG,16116688,2026-09-02,2026-09-02T09:04:45.533000,100.0,98.0
119IAG,16116688,2026-09-02,2026-09-02T09:05:38.746000,100.0,97.0
119IAG,16116688,2026-09-02,2026-09-02T09:06:45.033000,100.0,96.0
119IAG,16116688,2026-09-02,2026-09-02T09:09:10.834000,100.0,95.0
119IAG,16116688,2026-09-02,2026-09-02T09:10:20.047000,100.0,94.0
119IAG,16116688,2026-09-02,2026-09-02T09:11:11.234000,100.0,93.0
119IAG,16116688,2026-09-02,2026-09-02T09:14:48.449000,100.0,92.0
119IAG,16116688,2026-09-02,2026-09-02T09:15:39.550000,100.0,91.0
119IAG,16116688,2026-09-02,2026-09-02T09:19:10.933000,100.0,90.0
119IAG,16116688,2026-09-02,2026-09-02T09:22:12.199000,100.0,89.0
119IAG,16116688,2026-09-02,2026-09-02T09:23:16.899000,100.0,88.0
119IAG,16116688,2026-09-02,2026-09-02T09:24:08.121000,100.0,87.0
119IAG,16116688,2026-09-02,2026-09-02T09:25:10.907000,100.0,86.0
119IAG,16116688,2026-09-02,2026-09-02T09:28:50.033000,100.0,85.0
119IAG,16116688,2026-09-02,2026-09-02T09:29:07.544000,,
119IAG,16116688,2026-09-02,2026-09-02T09:29:12.142000,100.0,85.0
119IAG,16116688,2026-09-02,2026-09-02T09:29:43.242000,100.0,84.0
119IAG,16116688,2026-09-02,2026-09-02T09:30:32.436000,100.0,83.0
119IAG,16116688,2026-09-02,2026-09-02T09:32:15.333000,100.0,82.0
119IAG,16116688,2026-09-02,2026-09-02T09:35:13.433000,100.0,81.0
119IAG,16116688,2026-09-02,2026-09-02T09:36:01.133000,100.0,80.0
119IAG,16116688,2026-09-02,2026-09-02T09:36:56.933000,100.0,79.0
119IAG,16116688,2026-09-02,2026-09-02T09:43:08.443000,100.0,78.0
119IAG,16116688,2026-09-02,2026-09-02T09:46:46.761000,100.0,77.0
119IAG,16116688,2026-09-02,2026-09-02T09:47:51.544000,100.0,76.0
119IAG,16116688,2026-09-02,2026-09-02T09:51:56.333000,100.0,75.0
119IAG,16116688,2026-09-02,2026-09-02T09:52:49.538000,100.0,74.0
119IAG,16116688,2026-09-02,2026-09-02T09:54:43.033000,100.0,73.0
119IAG,16116688,2026-09-02,2026-09-02T09:55:43.249000,100.0,72.0
119IAG,16116688,2026-09-02,2026-09-02T09:56:22.933000,100.0,71.0
119IAG,16116688,2026-09-02,2026-09-02T09:57:42.233000,100.0,70.0
119IAG,16116688,2026-09-02,2026-09-02T09:58:35.933000,100.0,69.0
119IAG,16116688,2026-09-02,2026-09-02T10:02:27.573000,100.0,68.0
119IAG,16116688,2026-09-02,2026-09-02T10:03:17.772000,100.0,67.0
119IAG,16116688,2026-09-02,2026-09-02T10:08:50.934000,100.0,66.0
119IAG,16116688,2026-09-02,2026-09-02T10:10:32.834000,100.0,65.0
119IAG,16116688,2026-09-02,2026-09-02T10:11:13.034000,100.0,64.0
119IAG,16116688,2026-09-02,2026-09-02T10:12:33.834000,100.0,63.0
119IAG,16116688,2026-09-02,2026-09-02T10:13:29.544000,100.0,62.0
119IAG,16116688,2026-09-02,2026-09-02T10:14:14.234000,100.0,61.0
119IAG,16116688,2026-09-02,2026-09-02T10:14:54.445000,100.0,60.0
119IAG,16116688,2026-09-02,2026-09-02T10:18:22.858000,100.0,59.0
119IAG,16116688,2026-09-02,2026-09-02T10:18:50.978000,100.0,
119IAG,16116688,2026-09-02,2026-09-02T10:18:51.770000,,
119IAG,16116688,2026-09-02,2026-09-02T10:18:58.758000,100.0,
119IAG,16116688,2026-09-02,2026-09-02T10:18:59.258000,100.0,58.0
119IAG,16116688,2026-09-02,2026-09-02T10:19:31.162000,100.0,57.0
119IAG,16116688,2026-09-02,2026-09-02T10:24:34.046000,100.0,56.0
119IAG,16116688,2026-09-02,2026-09-02T10:25:22.261000,100.0,55.0
119IAG,16116688,2026-09-02,2026-09-02T10:29:15.133000,100.0,54.0
119IAG,16116688,2026-09-02,2026-09-02T10:30:16.833000,100.0,53.0
119IAG,16116688,2026-09-02,2026-09-02T10:30:51.052000,100.0,52.0
119IAG,16116688,2026-09-02,2026-09-02T10:35:15.955000,100.0,51.0
119IAG,16116688,2026-09-02,2026-09-02T10:36:19.534000,,51.0
119IAG,16116688,2026-09-02,2026-09-02T10:36:19.634000,,
119IAG,16116688,2026-09-02,2026-09-02T10:36:21.534000,100.0,50.0
119IAG,16116688,2026-09-02,2026-09-02T10:36:26.534000,,
119IAG,16116688,2026-09-02,2026-09-02T10:36:33.550000,100.0,50.0
119IAG,16116688,2026-09-02,2026-09-02T10:37:08.240000,100.0,49.0
119IAG,16116688,2026-09-02,2026-09-02T10:43:35.899000,100.0,48.0
119IAG,16116688,2026-09-02,2026-09-02T10:44:00.499000,,48.0
119IAG,16116688,2026-09-02,2026-09-02T10:44:08.699000,100.0,48.0
119IAG,16116688,2026-09-02,2026-09-02T10:44:14.099000,100.0,
119IAG,16116688,2026-09-02,2026-09-02T10:44:14.708000,100.0,48.0
119IAG,16116688,2026-09-02,2026-09-02T10:44:21.999000,,48.0
119IAG,16116688,2026-09-02,2026-09-02T10:44:26.199000,,47.0
119IAG,16116688,2026-09-02,2026-09-02T10:44:30.199000,100.0,47.0
119IAG,16116688,2026-09-02,2026-09-02T10:44:43.700000,,47.0
119IAG,16116688,2026-09-02,2026-09-02T10:44:48.699000,100.0,47.0
119IAG,16116688,2026-09-02,2026-09-02T10:44:59.799000,100.0,46.0
119IAG,16116688,2026-09-02,2026-09-02T10:45:41.899000,100.0,45.0
119IAG,16116688,2026-09-02,2026-09-02T10:46:29.099000,100.0,44.0
119IAG,16116688,2026-09-02,2026-09-02T10:47:21.299000,100.0,43.0
119IAG,16116688,2026-09-02,2026-09-02T10:48:00.899000,100.0,42.0
119IAG,16116688,2026-09-02,2026-09-02T10:48:35.099000,,
119IAG,16116688,2026-09-02,2026-09-02T10:49:41.790000,100.0,41.0
116IAG,16116760,2026-08-07,2026-08-07T14:08:49.157000,,
116IAG,16116760,2026-08-07,2026-08-07T14:18:04.109000,99.0,
116IAG,16116760,2026-08-07,2026-08-07T14:18:04.370000,99.0,99.0
116IAG,16116760,2026-08-07,2026-08-07T14:18:09.070000,,99.0
116IAG,16116760,2026-08-07,2026-08-07T14:26:28.670000,,
116IAG,16116760,2026-08-11,2026-08-11T11:55:53.845000,,
116IAG,16116760,2026-08-12,2026-08-12T09:32:33.844000,,
116IAG,16116760,2026-08-21,2026-08-21T15:15:29.840000,,
116IAG,16116760,2026-08-21,2026-08-21T15:13:49.318000,,97.0
116IAG,16116760,2026-08-21,2026-08-21T15:13:49.541000,,96.0
116IAG,16116760,2026-08-21,2026-08-21T15:14:38.615000,83.0,83.0
116IAG,16116760,2026-08-21,2026-08-21T15:14:38.821000,83.0,96.0
116IAG,16116760,2026-08-21,2026-08-21T15:15:02.915000,83.0,
116IAG,16116760,2026-08-21,2026-08-21T15:15:46.415000,,
116IAG,16116760,2026-08-21,2026-08-21T15:15:55.631000,,96.0
116IAG,16116760,2026-08-21,2026-08-21T15:15:56.515000,83.0,96.0
116IAG,16116760,2026-08-21,2026-08-21T15:20:10.725000,83.0,
116IAG,16116760,2026-08-21,2026-08-21T15:20:11.015000,,
116IAG,16116760,2026-08-21,2026-08-21T15:20:14.315000,,96.0
116IAG,16116760,2026-08-21,2026-08-21T15:20:14.415000,83.0,96.0
116IAG,16116760,2026-08-21,2026-08-21T15:22:54.215000,,
116IAG,16116760,2026-08-21,2026-08-21T15:22:55.215000,83.0,
116IAG,16116760,2026-08-21,2026-08-21T15:22:55.515000,83.0,96.0
116IAG,16116760,2026-08-21,2026-08-21T15:23:08.215000,,96.0
116IAG,16116760,2026-08-21,2026-08-21T15:23:08.315000,,
116IAG,16116760,2026-08-21,2026-08-21T18:29:38.866000,83.0,96.0
116IAG,16116760,2026-08-21,2026-08-21T18:31:27.370000,,
116IAG,16116760,2026-08-22,2026-08-22T04:40:27.874000,,
116IAG,16116760,2026-08-22,2026-08-22T14:42:30.668000,,98.0
116IAG,16116760,2026-08-22,2026-08-22T14:43:14.268000,,
116IAG,16116760,2026-08-22,2026-08-22T14:43:14.781000,,98.0
116IAG,16116760,2026-08-22,2026-08-22T14:43:55.468000,,
116IAG,16116760,2026-08-22,2026-08-22T14:43:57.668000,,98.0
116IAG,16116760,2026-08-22,2026-08-22T14:44:06.568000,,
116IAG,16116760,2026-08-22,2026-08-22T14:44:15.568000,,98.0
116IAG,16116760,2026-08-22,2026-08-22T14:44:20.570000,,
116IAG,16116760,2026-08-22,2026-08-22T14:44:37.468000,,98.0
116IAG,16116760,2026-08-22,2026-08-22T14:44:57.679000,,
116IAG,16116760,2026-08-22,2026-08-22T15:04:49.872000,,98.0
116IAG,16116760,2026-08-22,2026-08-22T15:04:55.669000,,97.0
116IAG,16116760,2026-08-22,2026-08-22T15:10:16.469000,,96.0
116IAG,16116760,2026-08-22,2026-08-22T15:11:31.269000,,95.0
116IAG,16116760,2026-08-22,2026-08-22T15:12:35.469000,,94.0
116IAG,16116760,2026-08-22,2026-08-22T15:13:53.769000,,93.0
116IAG,16116760,2026-08-22,2026-08-22T15:18:33.569000,,92.0
116IAG,16116760,2026-08-22,2026-08-22T15:20:03.769000,,91.0
116IAG,16116760,2026-08-22,2026-08-22T15:21:05.469000,,90.0
116IAG,16116760,2026-08-22,2026-08-22T15:22:13.285000,,89.0
116IAG,16116760,2026-08-22,2026-08-22T15:27:01.872000,,88.0
116IAG,16116760,2026-08-22,2026-08-22T15:27:30.377000,,
116IAG,16116760,2026-08-22,2026-08-22T15:27:48.366000,,88.0
116IAG,16116760,2026-08-22,2026-08-22T15:29:50.366000,,87.0
116IAG,16116760,2026-08-22,2026-08-22T15:34:13.184000,,86.0
116IAG,16116760,2026-08-22,2026-08-22T15:39:07.290000,,85.0
116IAG,16116760,2026-08-22,2026-08-22T15:40:04.366000,,84.0
116IAG,16116760,2026-08-22,2026-08-22T15:51:39.266000,,83.0
116IAG,16116760,2026-08-22,2026-08-22T15:52:42.475000,,82.0
116IAG,16116760,2026-08-22,2026-08-22T15:54:06.266000,,81.0
116IAG,16116760,2026-08-22,2026-08-22T15:57:15.866000,,80.0
116IAG,16116760,2026-08-22,2026-08-22T16:04:50.466000,,79.0
116IAG,16116760,2026-08-22,2026-08-22T16:06:01.670000,,78.0
116IAG,16116760,2026-08-22,2026-08-22T16:07:13.966000,,77.0
116IAG,16116760,2026-08-22,2026-08-22T16:08:45.680000,,76.0
116IAG,16116760,2026-08-22,2026-08-22T16:10:30.066000,,75.0
116IAG,16116760,2026-08-22,2026-08-22T16:13:13.166000,,74.0
116IAG,16116760,2026-08-22,2026-08-22T16:14:45.466000,,73.0
116IAG,16116760,2026-08-22,2026-08-22T16:16:06.167000,,72.0
116IAG,16116760,2026-08-22,2026-08-22T16:17:47.566000,,71.0
116IAG,16116760,2026-08-22,2026-08-22T16:19:02.767000,,70.0
116IAG,16116760,2026-08-22,2026-08-22T16:23:25.166000,,69.0
116IAG,16116760,2026-08-22,2026-08-22T16:24:40.966000,,68.0
116IAG,16116760,2026-08-22,2026-08-22T16:26:07.766000,,67.0
116IAG,16116760,2026-08-22,2026-08-22T16:28:12.166000,,66.0
116IAG,16116760,2026-08-22,2026-08-22T16:32:05.466000,,65.0
116IAG,16116760,2026-08-22,2026-08-22T16:33:14.667000,,64.0
116IAG,16116760,2026-08-22,2026-08-22T16:36:33.866000,,63.0
116IAG,16116760,2026-08-22,2026-08-22T16:41:19.266000,,62.0
116IAG,16116760,2026-08-22,2026-08-22T16:42:35.068000,,61.0
116IAG,16116760,2026-08-22,2026-08-22T16:45:39.667000,,60.0
116IAG,16116760,2026-08-22,2026-08-22T16:47:07.966000,,59.0
116IAG,16116760,2026-08-22,2026-08-22T16:48:09.667000,,58.0
116IAG,16116760,2026-08-22,2026-08-22T16:51:24.366000,,57.0
116IAG,16116760,2026-08-22,2026-08-22T16:53:02.666000,,56.0
116IAG,16116760,2026-08-22,2026-08-22T16:58:11.666000,,55.0
116IAG,16116760,2026-08-22,2026-08-22T16:59:25.967000,,54.0
116IAG,16116760,2026-08-22,2026-08-22T17:00:33.687000,,53.0
116IAG,16116760,2026-08-22,2026-08-22T17:01:49.966000,,52.0
116IAG,16116760,2026-08-22,2026-08-22T17:06:06.266000,,51.0
116IAG,16116760,2026-08-22,2026-08-22T17:07:19.566000,,50.0
116IAG,16116760,2026-08-22,2026-08-22T17:08:32.767000,,49.0
116IAG,16116760,2026-08-22,2026-08-22T17:11:43.375000,,
116IAG,16116760,2026-08-22,2026-08-22T17:11:54.666000,,83.0
116IAG,16116760,2026-08-22,2026-08-22T17:14:15.984000,,82.0
116IAG,16116760,2026-08-22,2026-08-22T17:15:18.767000,,81.0
116IAG,16116760,2026-08-22,2026-08-22T17:16:49.766000,,80.0
116IAG,16116760,2026-08-22,2026-08-22T17:17:41.966000,,
116IAG,16116760,2026-08-22,2026-08-22T17:17:42.580000,,80.0
116IAG,16116760,2026-08-22,2026-08-22T17:17:47.567000,,79.0
116IAG,16116760,2026-08-22,2026-08-22T17:18:17.167000,,
116IAG,16116760,2026-08-22,2026-08-22T17:18:17.267000,,79.0
116IAG,16116760,2026-08-22,2026-08-22T17:18:51.867000,,
116IAG,16116760,2026-08-22,2026-08-22T17:18:52.366000,,79.0
116IAG,16116760,2026-08-22,2026-08-22T17:19:27.067000,,
116IAG,16116760,2026-08-22,2026-08-22T17:19:27.566000,,79.0
116IAG,16116760,2026-08-22,2026-08-22T17:20:01.766000,,
116IAG,16116760,2026-08-22,2026-08-22T17:20:02.267000,,79.0
116IAG,16116760,2026-08-22,2026-08-22T17:20:36.966000,,
116IAG,16116760,2026-08-22,2026-08-22T17:20:37.466000,,79.0
116IAG,16116760,2026-08-22,2026-08-22T17:21:12.166000,,
116IAG,16116760,2026-08-22,2026-08-22T17:21:12.680000,,79.0
116IAG,16116760,2026-08-22,2026-08-22T17:21:46.766000,,
116IAG,16116760,2026-08-22,2026-08-22T17:21:47.285000,,79.0
116IAG,16116760,2026-08-22,2026-08-22T17:22:21.967000,,
116IAG,16116760,2026-08-22,2026-08-22T17:22:22.566000,,79.0
116IAG,16116760,2026-08-22,2026-08-22T17:22:57.166000,,
116IAG,16116760,2026-08-22,2026-08-22T17:22:57.666000,,79.0
116IAG,16116760,2026-08-22,2026-08-22T17:23:04.266000,,78.0
116IAG,16116760,2026-08-22,2026-08-22T17:23:31.867000,,
116IAG,16116760,2026-08-22,2026-08-22T17:23:32.366000,,78.0
116IAG,16116760,2026-08-22,2026-08-22T17:24:07.067000,,
116IAG,16116760,2026-08-22,2026-08-22T17:24:07.585000,,78.0
116IAG,16116760,2026-08-22,2026-08-22T17:24:22.166000,,77.0
116IAG,16116760,2026-08-22,2026-08-22T17:25:27.966000,,
116IAG,16116760,2026-08-22,2026-08-22T17:25:31.466000,,77.0
116IAG,16116760,2026-08-22,2026-08-22T17:25:34.566000,,76.0
116IAG,16116760,2026-08-22,2026-08-22T17:29:38.867000,,75.0
116IAG,16116760,2026-08-22,2026-08-22T17:30:50.185000,,74.0
116IAG,16116760,2026-08-22,2026-08-22T17:32:16.683000,,73.0
116IAG,16116760,2026-08-22,2026-08-22T17:33:16.966000,,72.0
116IAG,16116760,2026-08-22,2026-08-22T17:34:31.367000,,71.0
116IAG,16116760,2026-08-22,2026-08-22T17:37:39.866000,,70.0
116IAG,16116760,2026-08-22,2026-08-22T17:38:39.166000,,69.0
116IAG,16116760,2026-08-22,2026-08-22T17:40:32.266000,,68.0
116IAG,16116760,2026-08-22,2026-08-22T17:41:57.166000,,67.0
116IAG,16116760,2026-08-22,2026-08-22T17:43:04.566000,,66.0
116IAG,16116760,2026-08-22,2026-08-22T17:46:44.781000,,65.0
116IAG,16116760,2026-08-22,2026-08-22T17:49:31.067000,,64.0
116IAG,16116760,2026-08-22,2026-08-22T17:50:40.974000,,63.0
116IAG,16116760,2026-08-22,2026-08-22T17:52:19.466000,,62.0
116IAG,16116760,2026-08-22,2026-08-22T17:57:02.966000,,61.0
116IAG,16116760,2026-08-22,2026-08-22T17:58:29.366000,,60.0
116IAG,16116760,2026-08-22,2026-08-22T17:59:30.180000,,59.0
116IAG,16116760,2026-08-22,2026-08-22T18:00:42.578000,,58.0
116IAG,16116760,2026-08-22,2026-08-22T18:02:01.466000,,57.0
116IAG,16116760,2026-08-22,2026-08-22T18:04:51.866000,,56.0
116IAG,16116760,2026-08-22,2026-08-22T18:05:59.766000,,55.0
116IAG,16116760,2026-08-22,2026-08-22T18:07:15.667000,,54.0
116IAG,16116760,2026-08-22,2026-08-22T18:08:14.966000,,53.0
116IAG,16116760,2026-08-22,2026-08-22T18:12:10.169000,,52.0
116IAG,16116760,2026-08-22,2026-08-22T18:13:05.467000,,51.0
116IAG,16116760,2026-08-22,2026-08-22T18:14:51.980000,,50.0
116IAG,16116760,2026-08-22,2026-08-22T18:15:52.366000,,49.0
116IAG,16116760,2026-08-22,2026-08-22T18:17:23.266000,,48.0
116IAG,16116760,2026-08-22,2026-08-22T18:20:40.866000,,47.0
116IAG,16116760,2026-08-22,2026-08-22T18:22:45.469000,,46.0
116IAG,16116760,2026-08-22,2026-08-22T18:23:56.366000,,45.0
116IAG,16116760,2026-08-22,2026-08-22T18:25:19.270000,,44.0
116IAG,16116760,2026-08-22,2026-08-22T18:27:47.066000,,
116IAG,16116760,2026-08-22,2026-08-22T18:27:50.566000,,44.0
116IAG,16116760,2026-08-22,2026-08-22T18:30:23.366000,,43.0
116IAG,16116760,2026-08-22,2026-08-22T18:31:43.766000,,42.0
116IAG,16116760,2026-08-22,2026-08-22T18:32:54.667000,,41.0
116IAG,16116760,2026-08-22,2026-08-22T18:36:19.166000,,40.0
116IAG,16116760,2026-08-22,2026-08-22T18:39:02.567000,,39.0
116IAG,16116760,2026-08-22,2026-08-22T18:40:25.466000,,38.0
116IAG,16116760,2026-08-22,2026-08-22T18:41:39.866000,,37.0
116IAG,16116760,2026-08-22,2026-08-22T18:42:42.673000,,36.0
116IAG,16116760,2026-08-22,2026-08-22T18:44:39.278000,,35.0
116IAG,16116760,2026-08-22,2026-08-22T18:51:19.879000,,34.0
116IAG,16116760,2026-08-22,2026-08-22T18:53:05.967000,,33.0
116IAG,16116760,2026-08-22,2026-08-22T18:57:01.166000,,
116IAG,16116760,2026-08-22,2026-08-22T18:57:06.266000,,33.0
116IAG,16116760,2026-08-22,2026-08-22T18:57:06.667000,33.0,33.0
116IAG,16116760,2026-08-22,2026-08-22T18:57:11.266000,33.0,
116IAG,16116760,2026-08-22,2026-08-22T18:57:18.766000,32.0,
116IAG,16116760,2026-08-22,2026-08-22T19:00:09.166000,,
116IAG,16116760,2026-08-22,2026-08-22T19:03:00.767000,,32.0
116IAG,16116760,2026-08-22,2026-08-22T19:04:16.066000,,
116IAG,16116760,2026-08-22,2026-08-22T19:06:53.566000,,32.0
116IAG,16116760,2026-08-22,2026-08-22T19:11:24.866000,,
116IAG,16116760,2026-08-22,2026-08-22T19:11:38.168000,,32.0
116IAG,16116760,2026-08-22,2026-08-22T19:14:01.766000,,
116IAG,16116760,2026-08-22,2026-08-22T19:16:33.466000,,32.0
116IAG,16116760,2026-08-22,2026-08-22T19:17:40.766000,,
116IAG,16116760,2026-08-22,2026-08-22T19:17:49.966000,,32.0
116IAG,16116760,2026-08-22,2026-08-22T19:19:06.183000,,
116IAG,16116760,2026-08-22,2026-08-22T19:20:55.681000,,32.0
116IAG,16116760,2026-08-22,2026-08-22T19:22:41.667000,,
116IAG,16116760,2026-08-22,2026-08-22T19:25:50.266000,,96.0
116IAG,16116760,2026-08-22,2026-08-22T19:25:50.667000,96.0,96.0
116IAG,16116760,2026-08-22,2026-08-22T19:25:55.266000,96.0,
116IAG,16116760,2026-08-22,2026-08-22T19:26:05.666000,96.0,96.0
116IAG,16116760,2026-08-22,2026-08-22T19:30:48.774000,96.0,95.0
116IAG,16116760,2026-08-22,2026-08-22T19:31:37.480000,96.0,94.0
116IAG,16116760,2026-08-22,2026-08-22T19:33:27.366000,96.0,93.0
116IAG,16116760,2026-08-22,2026-08-22T19:34:08.577000,96.0,92.0
116IAG,16116760,2026-08-22,2026-08-22T19:35:06.771000,96.0,91.0
116IAG,16116760,2026-08-22,2026-08-22T19:38:02.966000,96.0,90.0
116IAG,16116760,2026-08-22,2026-08-22T19:42:06.966000,96.0,89.0
116IAG,16116760,2026-08-22,2026-08-22T19:43:04.166000,96.0,88.0
116IAG,16116760,2026-08-22,2026-08-22T19:43:57.866000,96.0,87.0
116IAG,16116760,2026-08-22,2026-08-22T19:45:02.166000,96.0,86.0
116IAG,16116760,2026-08-22,2026-08-22T19:50:37.975000,96.0,
116IAG,16116760,2026-08-22,2026-08-22T19:50:38.685000,,
116IAG,16116760,2026-08-22,2026-08-22T21:33:29.922000,96.0,86.0
116IAG,16116760,2026-08-22,2026-08-22T21:34:54.685000,96.0,
116IAG,16116760,2026-08-22,2026-08-22T21:34:54.969000,,
116IAG,16116760,2026-08-24,2026-08-24T04:30:22.886000,96.0,86.0
116IAG,16116760,2026-08-24,2026-08-24T04:31:42.360000,96.0,
116IAG,16116760,2026-08-24,2026-08-24T04:31:42.568000,,
116IAG,16116760,2026-08-24,2026-08-24T04:31:43.360000,96.0,
116IAG,16116760,2026-08-24,2026-08-24T04:31:43.478000,96.0,86.0
116IAG,16116760,2026-08-24,2026-08-24T04:31:59.971000,96.0,
116IAG,16116760,2026-08-24,2026-08-24T04:32:00.160000,,
116IAG,16116760,2026-08-24,2026-08-24T04:32:00.860000,,86.0
116IAG,16116760,2026-08-24,2026-08-24T04:32:01.681000,96.0,86.0
116IAG,16116760,2026-08-24,2026-08-24T04:32:09.960000,96.0,
116IAG,16116760,2026-08-24,2026-08-24T04:32:10.260000,,
116IAG,16116760,2026-08-24,2026-08-24T04:32:14.960000,,86.0
116IAG,16116760,2026-08-24,2026-08-24T04:32:20.064000,,
116IAG,16116760,2026-08-24,2026-08-24T04:32:22.460000,96.0,
116IAG,16116760,2026-08-24,2026-08-24T04:32:25.860000,96.0,86.0
116IAG,16116760,2026-08-24,2026-08-24T04:32:27.460000,,86.0
116IAG,16116760,2026-08-24,2026-08-24T04:32:39.960000,96.0,86.0
116IAG,16116760,2026-08-24,2026-08-24T04:32:44.960000,,86.0
116IAG,16116760,2026-08-24,2026-08-24T04:32:48.560000,,
116IAG,16116760,2026-08-24,2026-08-24T09:50:03.257000,,86.0
116IAG,16116760,2026-08-24,2026-08-24T09:50:04.257000,96.0,86.0
116IAG,16116760,2026-08-24,2026-08-24T09:50:26.369000,96.0,
116IAG,16116760,2026-08-24,2026-08-24T09:50:26.757000,96.0,86.0
116IAG,16116760,2026-08-24,2026-08-24T09:55:37.957000,,86.0
116IAG,16116760,2026-08-24,2026-08-24T09:55:38.267000,,
116IAG,16116760,2026-08-24,2026-08-24T10:14:15.657000,,86.0
116IAG,16116760,2026-08-24,2026-08-24T10:14:15.757000,96.0,86.0
116IAG,16116760,2026-08-24,2026-08-24T10:15:16.957000,96.0,85.0
116IAG,16116760,2026-08-24,2026-08-24T10:17:47.057000,96.0,84.0
116IAG,16116760,2026-08-24,2026-08-24T10:19:23.364000,96.0,83.0
116IAG,16116760,2026-08-24,2026-08-24T10:20:51.563000,,83.0
116IAG,16116760,2026-08-24,2026-08-24T10:20:52.557000,96.0,83.0
116IAG,16116760,2026-08-24,2026-08-24T10:21:09.172000,,83.0
116IAG,16116760,2026-08-24,2026-08-24T10:21:09.257000,,
116IAG,16116760,2026-08-24,2026-08-24T10:21:13.872000,96.0,
116IAG,16116760,2026-08-24,2026-08-24T10:21:18.857000,,
116IAG,16116760,2026-08-24,2026-08-24T10:21:20.957000,96.0,
116IAG,16116760,2026-08-24,2026-08-24T10:21:25.971000,,
116IAG,16116760,2026-08-24,2026-08-24T10:21:28.057000,96.0,
116IAG,16116760,2026-08-24,2026-08-24T10:21:33.057000,,
116IAG,16116760,2026-08-24,2026-08-24T10:21:38.960000,,83.0
116IAG,16116760,2026-08-24,2026-08-24T10:21:43.957000,,
116IAG,16116760,2026-08-24,2026-08-24T10:21:45.957000,,83.0
116IAG,16116760,2026-08-24,2026-08-24T10:21:50.957000,,
116IAG,16116760,2026-08-24,2026-08-24T10:24:02.367000,96.0,
116IAG,16116760,2026-08-24,2026-08-24T10:24:02.457000,96.0,83.0
116IAG,16116760,2026-08-24,2026-08-24T10:25:00.377000,96.0,82.0
116IAG,16116760,2026-08-24,2026-08-24T10:26:43.757000,96.0,81.0
116IAG,16116760,2026-08-24,2026-08-24T10:28:32.669000,96.0,80.0
116IAG,16116760,2026-08-24,2026-08-24T10:30:38.467000,,80.0
116IAG,16116760,2026-08-24,2026-08-24T10:30:39.977000,96.0,80.0
116IAG,16116760,2026-08-24,2026-08-24T10:30:45.463000,,80.0
116IAG,16116760,2026-08-24,2026-08-24T10:30:48.083000,,
116IAG,16116760,2026-08-24,2026-08-24T10:30:50.557000,96.0,80.0
116IAG,16116760,2026-08-24,2026-08-24T10:30:55.566000,96.0,
116IAG,16116760,2026-08-24,2026-08-24T10:30:57.157000,96.0,80.0
116IAG,16116760,2026-08-24,2026-08-24T10:30:59.057000,,80.0
116IAG,16116760,2026-08-24,2026-08-24T10:31:04.657000,96.0,80.0
116IAG,16116760,2026-08-24,2026-08-24T10:31:05.757000,96.0,
116IAG,16116760,2026-08-24,2026-08-24T10:31:08.057000,96.0,80.0
116IAG,16116760,2026-08-24,2026-08-24T10:31:09.586000,,80.0
116IAG,16116760,2026-08-24,2026-08-24T10:31:11.657000,96.0,80.0
116IAG,16116760,2026-08-24,2026-08-24T10:31:16.675000,,80.0
116IAG,16116760,2026-08-24,2026-08-24T10:31:20.057000,,
116IAG,16116760,2026-08-24,2026-08-24T11:04:29.669000,96.0,80.0
116IAG,16116760,2026-08-24,2026-08-24T11:05:03.258000,96.0,79.0
116IAG,16116760,2026-08-24,2026-08-24T11:06:30.658000,96.0,78.0
116IAG,16116760,2026-08-24,2026-08-24T11:07:31.358000,96.0,77.0
116IAG,16116760,2026-08-24,2026-08-24T11:08:20.558000,96.0,76.0
116IAG,16116760,2026-08-24,2026-08-24T11:09:27.858000,96.0,75.0
116IAG,16116760,2026-08-24,2026-08-24T11:11:28.758000,96.0,74.0
116IAG,16116760,2026-08-24,2026-08-24T11:13:05.158000,96.0,
116IAG,16116760,2026-08-24,2026-08-24T11:13:05.661000,,
116IAG,16116760,2026-08-24,2026-08-24T11:17:54.767000,96.0,74.0
116IAG,16116760,2026-08-24,2026-08-24T11:19:47.175000,96.0,73.0
116IAG,16116760,2026-08-24,2026-08-24T11:20:31.272000,96.0,72.0
116IAG,16116760,2026-08-24,2026-08-24T11:21:40.082000,96.0,71.0
116IAG,16116760,2026-08-24,2026-08-24T11:22:46.857000,96.0,70.0
116IAG,16116760,2026-08-24,2026-08-24T11:23:45.057000,96.0,69.0
116IAG,16116760,2026-08-24,2026-08-24T11:25:29.357000,,69.0
116IAG,16116760,2026-08-24,2026-08-24T11:25:30.857000,96.0,69.0
116IAG,16116760,2026-08-24,2026-08-24T11:25:31.981000,96.0,
116IAG,16116760,2026-08-24,2026-08-24T11:25:35.871000,,
116IAG,16116760,2026-08-24,2026-08-24T11:25:42.657000,,69.0
116IAG,16116760,2026-08-24,2026-08-24T11:25:43.457000,96.0,69.0
116IAG,16116760,2026-08-24,2026-08-24T11:25:50.959000,,69.0
116IAG,16116760,2026-08-24,2026-08-24T11:25:52.758000,96.0,69.0
116IAG,16116760,2026-08-24,2026-08-24T11:26:09.077000,,
116IAG,16116760,2026-08-24,2026-08-24T11:27:24.358000,96.0,
116IAG,16116760,2026-08-24,2026-08-24T11:27:24.458000,96.0,69.0
116IAG,16116760,2026-08-24,2026-08-24T11:27:58.558000,96.0,68.0
116IAG,16116760,2026-08-24,2026-08-24T11:29:04.858000,96.0,67.0
116IAG,16116760,2026-08-24,2026-08-24T11:30:41.258000,96.0,66.0
116IAG,16116760,2026-08-24,2026-08-24T11:31:47.958000,96.0,65.0
116IAG,16116760,2026-08-24,2026-08-24T11:32:34.158000,96.0,64.0
116IAG,16116760,2026-08-24,2026-08-24T11:35:23.758000,,
116IAG,16116760,2026-08-24,2026-08-24T11:37:55.158000,96.0,
116IAG,16116760,2026-08-24,2026-08-24T11:37:55.258000,96.0,64.0
116IAG,16116760,2026-08-24,2026-08-24T11:38:48.458000,,
116IAG,16116760,2026-08-24,2026-08-24T11:38:50.458000,,64.0
116IAG,16116760,2026-08-24,2026-08-24T11:38:50.558000,96.0,64.0
116IAG,16116760,2026-08-24,2026-08-24T11:39:31.166000,96.0,63.0
116IAG,16116760,2026-08-24,2026-08-24T11:40:54.958000,96.0,62.0
116IAG,16116760,2026-08-24,2026-08-24T11:43:04.977000,96.0,61.0
116IAG,16116760,2026-08-24,2026-08-24T11:44:15.258000,96.0,60.0
116IAG,16116760,2026-08-24,2026-08-24T11:45:04.758000,,60.0
116IAG,16116760,2026-08-24,2026-08-24T11:45:04.858000,,
116IAG,16116760,2026-08-24,2026-08-24T11:45:06.258000,96.0,
116IAG,16116760,2026-08-24,2026-08-24T11:45:06.458000,96.0,60.0
116IAG,16116760,2026-08-24,2026-08-24T11:45:11.758000,,60.0
116IAG,16116760,2026-08-24,2026-08-24T11:45:11.958000,,
116IAG,16116760,2026-08-24,2026-08-24T11:45:13.275000,96.0,
116IAG,16116760,2026-08-24,2026-08-24T11:45:13.458000,96.0,60.0
116IAG,16116760,2026-08-24,2026-08-24T11:45:43.958000,,60.0
116IAG,16116760,2026-08-24,2026-08-24T11:45:46.458000,,
116IAG,16116760,2026-08-24,2026-08-24T11:47:36.366000,96.0,60.0
116IAG,16116760,2026-08-24,2026-08-24T11:48:55.672000,96.0,59.0
116IAG,16116760,2026-08-24,2026-08-24T11:50:12.959000,96.0,58.0
116IAG,16116760,2026-08-24,2026-08-24T11:51:37.359000,96.0,57.0
116IAG,16116760,2026-08-24,2026-08-24T11:52:54.159000,96.0,56.0
116IAG,16116760,2026-08-24,2026-08-24T11:54:32.459000,96.0,
116IAG,16116760,2026-08-24,2026-08-24T11:54:32.878000,,
116IAG,16116760,2026-08-24,2026-08-24T11:57:05.774000,96.0,56.0
116IAG,16116760,2026-08-24,2026-08-24T11:57:54.957000,96.0,55.0
116IAG,16116760,2026-08-24,2026-08-24T11:59:22.763000,96.0,54.0
116IAG,16116760,2026-08-24,2026-08-24T12:00:58.676000,96.0,53.0
116IAG,16116760,2026-08-24,2026-08-24T12:03:30.974000,,53.0
116IAG,16116760,2026-08-24,2026-08-24T12:03:31.264000,,
116IAG,16116760,2026-08-24,2026-08-24T12:16:06.528000,96.0,53.0
116IAG,16116760,2026-08-24,2026-08-24T12:17:04.129000,96.0,52.0
116IAG,16116760,2026-08-24,2026-08-24T12:21:17.128000,96.0,51.0
116IAG,16116760,2026-08-24,2026-08-24T12:24:29.329000,,
116IAG,16116760,2026-08-24,2026-08-24T12:26:10.887000,96.0,51.0
116IAG,16116760,2026-08-24,2026-08-24T12:26:35.166000,96.0,50.0
116IAG,16116760,2026-08-24,2026-08-24T12:28:28.566000,96.0,
116IAG,16116760,2026-08-24,2026-08-24T12:28:28.866000,,
116IAG,16116760,2026-08-24,2026-08-24T12:28:29.266000,96.0,
116IAG,16116760,2026-08-24,2026-08-24T12:28:33.067000,96.0,50.0
116IAG,16116760,2026-08-24,2026-08-24T12:28:49.966000,,50.0
116IAG,16116760,2026-08-24,2026-08-24T12:28:51.566000,96.0,50.0
116IAG,16116760,2026-08-24,2026-08-24T12:29:22.266000,96.0,
116IAG,16116760,2026-08-24,2026-08-24T12:29:22.766000,96.0,50.0
116IAG,16116760,2026-08-24,2026-08-24T12:29:30.186000,,50.0
116IAG,16116760,2026-08-24,2026-08-24T12:29:30.366000,,
116IAG,16116760,2026-08-24,2026-08-24T15:45:48.858000,,98.0
116IAG,16116760,2026-08-24,2026-08-24T15:45:49.358000,98.0,98.0
116IAG,16116760,2026-08-24,2026-08-24T15:45:53.858000,98.0,
116IAG,16116760,2026-08-24,2026-08-24T15:45:59.258000,98.0,99.0
116IAG,16116760,2026-08-24,2026-08-24T15:59:45.569000,,99.0
116IAG,16116760,2026-08-24,2026-08-24T15:59:48.169000,98.0,99.0
116IAG,16116760,2026-08-24,2026-08-24T16:00:28.688000,,
116IAG,16116760,2026-08-24,2026-08-24T16:00:35.569000,,99.0
116IAG,16116760,2026-08-24,2026-08-24T16:00:36.269000,98.0,99.0
116IAG,16116760,2026-08-24,2026-08-24T16:03:22.295000,97.0,99.0
116IAG,16116760,2026-08-24,2026-08-24T16:04:22.569000,96.0,99.0
116IAG,16116760,2026-08-24,2026-08-24T16:05:27.771000,95.0,99.0
116IAG,16116760,2026-08-24,2026-08-24T16:06:28.469000,94.0,99.0
116IAG,16116760,2026-08-24,2026-08-24T16:08:06.277000,93.0,99.0
116IAG,16116760,2026-08-24,2026-08-24T16:09:10.469000,92.0,99.0
116IAG,16116760,2026-08-24,2026-08-24T16:11:52.687000,91.0,99.0
116IAG,16116760,2026-08-24,2026-08-24T16:13:17.366000,90.0,99.0
116IAG,16116760,2026-08-24,2026-08-24T16:16:37.566000,89.0,99.0
116IAG,16116760,2026-08-24,2026-08-24T16:17:43.266000,88.0,99.0
116IAG,16116760,2026-08-24,2026-08-24T16:18:57.566000,87.0,99.0
116IAG,16116760,2026-08-24,2026-08-24T16:20:10.266000,86.0,99.0
116IAG,16116760,2026-08-24,2026-08-24T16:21:37.566000,85.0,99.0
116IAG,16116760,2026-08-24,2026-08-24T16:25:44.868000,84.0,99.0
116IAG,16116760,2026-08-24,2026-08-24T16:26:36.567000,83.0,99.0
116IAG,16116760,2026-08-24,2026-08-24T16:27:34.768000,82.0,99.0
116IAG,16116760,2026-08-24,2026-08-24T16:28:32.966000,81.0,99.0
116IAG,16116760,2026-08-24,2026-08-24T16:30:03.766000,80.0,99.0
116IAG,16116760,2026-08-24,2026-08-24T16:32:56.366000,79.0,99.0
116IAG,16116760,2026-08-24,2026-08-24T16:34:02.076000,78.0,99.0
116IAG,16116760,2026-08-24,2026-08-24T16:37:46.774000,77.0,99.0
116IAG,16116760,2026-08-24,2026-08-24T16:49:05.566000,76.0,99.0
116IAG,16116760,2026-08-24,2026-08-24T16:50:46.466000,75.0,99.0
116IAG,16116760,2026-08-24,2026-08-24T16:51:51.166000,74.0,99.0
116IAG,16116760,2026-08-24,2026-08-24T16:53:26.966000,73.0,99.0
116IAG,16116760,2026-08-24,2026-08-24T16:54:22.670000,72.0,99.0
116IAG,16116760,2026-08-24,2026-08-24T16:56:55.666000,71.0,99.0
116IAG,16116760,2026-08-24,2026-08-24T16:58:00.890000,70.0,99.0
116IAG,16116760,2026-08-24,2026-08-24T16:59:15.666000,69.0,99.0
116IAG,16116760,2026-08-24,2026-08-24T17:00:24.380000,68.0,99.0
116IAG,16116760,2026-08-24,2026-08-24T17:02:59.866000,67.0,99.0
116IAG,16116760,2026-08-24,2026-08-24T17:04:05.066000,66.0,99.0
116IAG,16116760,2026-08-24,2026-08-24T17:05:11.266000,65.0,99.0
116IAG,16116760,2026-08-24,2026-08-24T17:06:14.566000,64.0,99.0
116IAG,16116760,2026-08-24,2026-08-24T17:08:50.580000,63.0,99.0
116IAG,16116760,2026-08-24,2026-08-24T17:09:52.275000,62.0,99.0
116IAG,16116760,2026-08-24,2026-08-24T17:11:03.966000,61.0,99.0
116IAG,16116760,2026-08-24,2026-08-24T17:12:26.784000,60.0,99.0
116IAG,16116760,2026-08-24,2026-08-24T17:22:56.866000,59.0,99.0
116IAG,16116760,2026-08-24,2026-08-24T17:23:55.584000,58.0,99.0
116IAG,16116760,2026-08-24,2026-08-24T17:24:54.273000,57.0,99.0
116IAG,16116760,2026-08-24,2026-08-24T17:25:53.966000,56.0,99.0
116IAG,16116760,2026-08-24,2026-08-24T17:29:31.166000,55.0,99.0
116IAG,16116760,2026-08-24,2026-08-24T17:34:08.566000,54.0,99.0
116IAG,16116760,2026-08-24,2026-08-24T17:35:27.366000,53.0,99.0
116IAG,16116760,2026-08-24,2026-08-24T17:36:29.566000,52.0,99.0
116IAG,16116760,2026-08-24,2026-08-24T17:38:00.366000,51.0,99.0
116IAG,16116760,2026-08-24,2026-08-24T17:41:01.466000,50.0,99.0
116IAG,16116760,2026-08-24,2026-08-24T17:42:13.166000,49.0,99.0
116IAG,16116760,2026-08-24,2026-08-24T17:47:07.666000,48.0,99.0
116IAG,16116760,2026-08-24,2026-08-24T17:48:12.866000,47.0,99.0
116IAG,16116760,2026-08-24,2026-08-24T17:49:26.177000,46.0,99.0
116IAG,16116760,2026-08-24,2026-08-24T17:50:39.366000,45.0,99.0
116IAG,16116760,2026-08-24,2026-08-24T17:52:16.166000,44.0,99.0
116IAG,16116760,2026-08-24,2026-08-24T17:55:18.772000,43.0,99.0
116IAG,16116760,2026-08-24,2026-08-24T17:56:37.066000,42.0,99.0
116IAG,16116760,2026-08-24,2026-08-24T17:57:58.778000,41.0,99.0
116IAG,16116760,2026-08-24,2026-08-24T17:59:10.572000,40.0,99.0
116IAG,16116760,2026-08-24,2026-08-24T18:00:23.766000,39.0,99.0
116IAG,16116760,2026-08-24,2026-08-24T18:01:54.066000,38.0,99.0
116IAG,16116760,2026-08-24,2026-08-24T18:02:57.266000,37.0,99.0
116IAG,16116760,2026-08-24,2026-08-24T18:07:44.266000,36.0,99.0
116IAG,16116760,2026-08-24,2026-08-24T18:09:11.085000,35.0,99.0
116IAG,16116760,2026-08-24,2026-08-24T18:10:14.766000,34.0,99.0
116IAG,16116760,2026-08-24,2026-08-24T18:11:13.466000,33.0,99.0
116IAG,16116760,2026-08-24,2026-08-24T18:16:24.966000,32.0,99.0
116IAG,16116760,2026-08-24,2026-08-24T18:17:36.266000,31.0,99.0
116IAG,16116760,2026-08-24,2026-08-24T18:20:38.866000,30.0,99.0
116IAG,16116760,2026-08-24,2026-08-24T18:21:33.466000,29.0,99.0
116IAG,16116760,2026-08-24,2026-08-24T18:22:49.266000,28.0,99.0
116IAG,16116760,2026-08-24,2026-08-24T18:24:39.081000,27.0,99.0
116IAG,16116760,2026-08-24,2026-08-24T18:28:31.881000,26.0,99.0
116IAG,16116760,2026-08-24,2026-08-24T18:29:45.682000,25.0,99.0
116IAG,16116760,2026-08-24,2026-08-24T18:31:09.897000,24.0,99.0
116IAG,16116760,2026-08-24,2026-08-24T18:35:38.883000,23.0,99.0
116IAG,16116760,2026-08-24,2026-08-24T18:36:48.084000,22.0,99.0
116IAG,16116760,2026-08-24,2026-08-24T18:40:38.781000,21.0,99.0
116IAG,16116760,2026-08-24,2026-08-24T18:42:32.666000,20.0,99.0
116IAG,16116760,2026-08-24,2026-08-24T18:43:22.678000,20.0,98.0
116IAG,16116760,2026-08-24,2026-08-24T18:45:02.566000,20.0,97.0
116IAG,16116760,2026-08-24,2026-08-24T18:49:03.366000,20.0,96.0
116IAG,16116760,2026-08-24,2026-08-24T18:50:04.088000,20.0,95.0
116IAG,16116760,2026-08-24,2026-08-24T18:55:06.566000,20.0,94.0
116IAG,16116760,2026-08-24,2026-08-24T18:56:09.766000,20.0,93.0
116IAG,16116760,2026-08-24,2026-08-24T18:57:22.566000,20.0,92.0
116IAG,16116760,2026-08-24,2026-08-24T18:59:00.383000,20.0,91.0
116IAG,16116760,2026-08-24,2026-08-24T19:07:21.066000,20.0,90.0
116IAG,16116760,2026-08-24,2026-08-24T19:11:47.466000,20.0,89.0
116IAG,16116760,2026-08-24,2026-08-24T19:12:46.666000,20.0,88.0
116IAG,16116760,2026-08-24,2026-08-24T19:13:49.866000,20.0,87.0
116IAG,16116760,2026-08-24,2026-08-24T19:17:07.568000,20.0,86.0
116IAG,16116760,2026-08-24,2026-08-24T19:18:05.680000,20.0,85.0
116IAG,16116760,2026-08-24,2026-08-24T19:19:16.966000,20.0,84.0
116IAG,16116760,2026-08-24,2026-08-24T19:20:20.666000,20.0,83.0
116IAG,16116760,2026-08-24,2026-08-24T19:25:44.273000,20.0,82.0
116IAG,16116760,2026-08-24,2026-08-24T19:26:41.482000,20.0,81.0
116IAG,16116760,2026-08-24,2026-08-24T19:27:58.279000,20.0,80.0
116IAG,16116760,2026-08-24,2026-08-24T19:29:19.966000,20.0,79.0
116IAG,16116760,2026-08-24,2026-08-24T19:30:19.666000,20.0,78.0
116IAG,16116760,2026-08-24,2026-08-24T19:31:35.466000,20.0,77.0
116IAG,16116760,2026-08-24,2026-08-24T19:32:47.666000,20.0,76.0
116IAG,16116760,2026-08-24,2026-08-24T19:38:55.466000,20.0,75.0
116IAG,16116760,2026-08-24,2026-08-24T19:40:05.166000,20.0,74.0
116IAG,16116760,2026-08-24,2026-08-24T19:41:28.485000,20.0,73.0
116IAG,16116760,2026-08-24,2026-08-24T19:43:06.266000,20.0,72.0
116IAG,16116760,2026-08-24,2026-08-24T19:44:14.466000,20.0,71.0
116IAG,16116760,2026-08-24,2026-08-24T19:45:27.780000,20.0,70.0
116IAG,16116760,2026-08-24,2026-08-24T19:48:08.274000,20.0,69.0
116IAG,16116760,2026-08-24,2026-08-24T19:49:13.466000,20.0,68.0
116IAG,16116760,2026-08-24,2026-08-24T19:50:21.766000,20.0,67.0
116IAG,16116760,2026-08-24,2026-08-24T19:51:39.466000,20.0,66.0
116IAG,16116760,2026-08-24,2026-08-24T19:55:10.166000,20.0,65.0
116IAG,16116760,2026-08-24,2026-08-24T19:56:14.866000,20.0,64.0
116IAG,16116760,2026-08-24,2026-08-24T19:57:51.684000,20.0,63.0
116IAG,16116760,2026-08-24,2026-08-24T19:59:01.988000,20.0,62.0
116IAG,16116760,2026-08-24,2026-08-24T20:00:49.766000,20.0,
116IAG,16116760,2026-08-24,2026-08-24T20:00:51.766000,,
