vehicle_id,device_id,ride_date,minute_offset,max_vibration_magnitude,above_threshold
122IAG,16113772,2026-08-05,0,4628.7,True
122IAG,16113772,2026-08-05,1,3893.0,True
122IAG,16113772,2026-08-05,2,3880.0,True
122IAG,16113772,2026-08-05,3,3876.0,True
122IAG,16113772,2026-08-05,4,3876.0,True
122IAG,16113772,2026-08-05,5,3873.0,True
122IAG,16113772,2026-08-05,6,3872.0,True
122IAG,16113772,2026-08-05,7,3868.0,True
122IAG,16113772,2026-08-05,8,3865.0,True
122IAG,16113772,2026-08-05,9,3863.0,True
122IAG,16113772,2026-08-05,10,3865.0,True
122IAG,16113772,2026-08-05,11,3860.0,True
122IAG,16113772,2026-08-05,12,3862.0,True
122IAG,16113772,2026-08-05,13,3857.0,True
122IAG,16113772,2026-08-05,14,3867.0,True
122IAG,16113772,2026-08-05,15,3860.0,True
122IAG,16113772,2026-08-05,991,5244.1,True
122IAG,16113772,2026-08-05,992,3986.8,True
122IAG,16113772,2026-08-05,993,3812.0,True
122IAG,16113772,2026-08-05,994,3812.0,True
122IAG,16113772,2026-08-05,995,3808.0,True
122IAG,16113772,2026-08-05,996,3799.0,True
122IAG,16113772,2026-08-05,997,3800.0,True
122IAG,16113772,2026-08-05,998,3801.0,True
122IAG,16113772,2026-08-05,999,3796.0,True
122IAG,16113772,2026-08-05,1000,3792.0,True
122IAG,16113772,2026-08-05,1001,3791.1,True
122IAG,16113772,2026-08-05,1002,3789.0,True
122IAG,16113772,2026-08-05,1003,3787.0,True
122IAG,16113772,2026-08-06,0,5074.9,True
122IAG,16113772,2026-08-06,1,3843.0,True
122IAG,16113772,2026-08-06,2,3833.0,True
122IAG,16113772,2026-08-06,3,3844.0,True
122IAG,16113772,2026-08-06,4,3828.0,True
122IAG,16113772,2026-08-06,5,3827.0,True
122IAG,16113772,2026-08-06,6,3829.1,True
122IAG,16113772,2026-08-06,7,3828.0,True
122IAG,16113772,2026-08-06,8,3821.0,True
122IAG,16113772,2026-08-06,9,3821.0,True
122IAG,16113772,2026-08-06,10,3822.1,True
122IAG,16113772,2026-08-06,11,3817.0,True
122IAG,16113772,2026-08-06,12,3812.0,True
122IAG,16113772,2026-08-06,13,3815.0,True
122IAG,16113772,2026-08-06,14,3808.0,True
122IAG,16113772,2026-08-06,15,3810.0,True
122IAG,16113772,2026-08-06,83,4773.0,True
122IAG,16113772,2026-08-06,84,3799.0,True
122IAG,16113772,2026-08-06,85,3791.0,True
122IAG,16113772,2026-08-06,86,3783.0,True
122IAG,16113772,2026-08-06,87,3787.0,True
122IAG,16113772,2026-08-06,88,4773.9,True
122IAG,16113772,2026-08-06,89,3803.0,True
122IAG,16113772,2026-08-06,90,3801.0,True
122IAG,16113772,2026-08-06,91,3798.0,True
122IAG,16113772,2026-08-06,92,3793.0,True
122IAG,16113772,2026-08-06,93,3796.0,True
122IAG,16113772,2026-08-06,94,3794.0,True
122IAG,16113772,2026-08-06,95,3793.0,True
122IAG,16113772,2026-08-06,96,3785.0,True
122IAG,16113772,2026-08-06,481,4743.9,True
122IAG,16113772,2026-08-06,482,4458.6,True
122IAG,16113772,2026-08-06,483,6086.8,True
122IAG,16113772,2026-08-06,484,6821.9,True
122IAG,16113772,2026-08-06,485,5739.6,True
122IAG,16113772,2026-08-06,486,5492.5,True
122IAG,16113772,2026-08-06,487,6296.3,True
122IAG,16113772,2026-08-06,488,8246.2,True
122IAG,16113772,2026-08-06,489,5838.1,True
122IAG,16113772,2026-08-06,490,6746.1,True
122IAG,16113772,2026-08-06,491,5106.2,True
122IAG,16113772,2026-08-06,492,5998.4,True
122IAG,16113772,2026-08-06,493,5917.9,True
122IAG,16113772,2026-08-06,494,6523.3,True
122IAG,16113772,2026-08-06,495,5891.5,True
122IAG,16113772,2026-08-06,496,6416.7,True
122IAG,16113772,2026-08-06,497,5293.8,True
122IAG,16113772,2026-08-06,498,8144.2,True
122IAG,16113772,2026-08-06,499,6049.5,True
122IAG,16113772,2026-08-06,500,3791.0,True
122IAG,16113772,2026-08-06,501,3890.3,True
122IAG,16113772,2026-08-06,502,7205.8,True
122IAG,16113772,2026-08-06,503,6634.1,True
122IAG,16113772,2026-08-06,504,5193.7,True
122IAG,16113772,2026-08-06,505,5503.6,True
122IAG,16113772,2026-08-06,506,5720.9,True
122IAG,16113772,2026-08-06,507,8755.2,True
122IAG,16113772,2026-08-06,508,5704.4,True
122IAG,16113772,2026-08-06,509,6308.2,True
122IAG,16113772,2026-08-06,510,9380.3,True
122IAG,16113772,2026-08-06,511,5679.4,True
122IAG,16113772,2026-08-06,512,7697.0,True
122IAG,16113772,2026-08-06,513,4121.7,True
122IAG,16113772,2026-08-06,514,3753.0,True
122IAG,16113772,2026-08-06,515,3756.0,True
122IAG,16113772,2026-08-06,516,6937.2,True
122IAG,16113772,2026-08-06,517,7965.4,True
122IAG,16113772,2026-08-06,518,7119.7,True
122IAG,16113772,2026-08-06,519,6013.9,True
122IAG,16113772,2026-08-06,520,5253.9,True
122IAG,16113772,2026-08-06,521,5451.1,True
122IAG,16113772,2026-08-06,522,6149.9,True
122IAG,16113772,2026-08-06,523,4910.9,True
122IAG,16113772,2026-08-06,524,6701.3,True
122IAG,16113772,2026-08-06,525,5560.9,True
122IAG,16113772,2026-08-06,526,5223.8,True
122IAG,16113772,2026-08-06,527,5307.3,True
122IAG,16113772,2026-08-06,528,6262.8,True
122IAG,16113772,2026-08-06,529,6498.5,True
122IAG,16113772,2026-08-06,530,5034.9,True
122IAG,16113772,2026-08-06,531,5418.3,True
122IAG,16113772,2026-08-06,532,6320.1,True
122IAG,16113772,2026-08-06,533,3987.5,True
122IAG,16113772,2026-08-06,534,5910.5,True
122IAG,16113772,2026-08-06,535,6130.0,True
122IAG,16113772,2026-08-06,536,6897.1,True
122IAG,16113772,2026-08-06,537,6711.3,True
122IAG,16113772,2026-08-06,538,7050.5,True
122IAG,16113772,2026-08-06,539,5284.4,True
122IAG,16113772,2026-08-06,540,6925.5,True
122IAG,16113772,2026-08-06,541,8203.3,True
122IAG,16113772,2026-08-06,542,8434.0,True
122IAG,16113772,2026-08-06,543,3729.5,True
122IAG,16113772,2026-08-06,544,3762.1,True
122IAG,16113772,2026-08-06,545,8048.6,True
122IAG,16113772,2026-08-06,546,5901.0,True
122IAG,16113772,2026-08-06,547,5528.8,True
122IAG,16113772,2026-08-06,548,7973.7,True
122IAG,16113772,2026-08-06,549,7251.9,True
122IAG,16113772,2026-08-06,550,6102.6,True
122IAG,16113772,2026-08-06,551,3571.1,True
122IAG,16113772,2026-08-06,552,3572.0,True
122IAG,16113772,2026-08-06,553,5148.1,True
122IAG,16113772,2026-08-06,554,6679.1,True
122IAG,16113772,2026-08-06,555,5752.0,True
122IAG,16113772,2026-08-06,556,6526.4,True
122IAG,16113772,2026-08-06,557,7089.8,True
122IAG,16113772,2026-08-06,558,5635.9,True
122IAG,16113772,2026-08-06,559,5942.7,True
122IAG,16113772,2026-08-06,560,5256.9,True
122IAG,16113772,2026-08-06,561,5333.7,True
122IAG,16113772,2026-08-06,562,5787.0,True
122IAG,16113772,2026-08-06,563,5853.8,True
122IAG,16113772,2026-08-06,564,7656.6,True
122IAG,16113772,2026-08-06,565,7178.0,True
122IAG,16113772,2026-08-06,566,6106.9,True
122IAG,16113772,2026-08-06,567,3802.0,True
122IAG,16113772,2026-08-06,568,3807.0,True
122IAG,16113772,2026-08-06,569,5555.8,True
122IAG,16113772,2026-08-06,570,6597.5,True
122IAG,16113772,2026-08-06,571,5928.1,True
122IAG,16113772,2026-08-06,572,7460.1,True
122IAG,16113772,2026-08-06,573,8451.9,True
122IAG,16113772,2026-08-06,574,3839.5,True
122IAG,16113772,2026-08-06,575,3742.0,True
122IAG,16113772,2026-08-06,576,3832.9,True
122IAG,16113772,2026-08-06,577,6440.9,True
122IAG,16113772,2026-08-06,578,6704.7,True
122IAG,16113772,2026-08-06,579,8043.2,True
122IAG,16113772,2026-08-06,580,3817.8,True
122IAG,16113772,2026-08-06,581,3799.0,True
122IAG,16113772,2026-08-06,582,3801.0,True
122IAG,16113772,2026-08-06,583,3803.0,True
122IAG,16113772,2026-08-06,584,3807.0,True
122IAG,16113772,2026-08-06,585,3810.0,True
122IAG,16113772,2026-08-06,586,3812.0,True
122IAG,16113772,2026-08-06,587,4180.0,True
122IAG,16113772,2026-08-06,588,9004.2,True
122IAG,16113772,2026-08-06,589,8157.9,True
122IAG,16113772,2026-08-06,590,5317.7,True
122IAG,16113772,2026-08-06,591,5488.8,True
122IAG,16113772,2026-08-06,592,5234.3,True
122IAG,16113772,2026-08-06,593,6025.8,True
122IAG,16113772,2026-08-06,594,5905.6,True
122IAG,16113772,2026-08-06,595,6555.5,True
122IAG,16113772,2026-08-06,596,4751.1,True
122IAG,16113772,2026-08-06,597,3701.0,True
122IAG,16113772,2026-08-06,598,3709.0,True
122IAG,16113772,2026-08-06,599,6441.9,True
122IAG,16113772,2026-08-06,600,6468.6,True
122IAG,16113772,2026-08-06,601,5365.4,True
122IAG,16113772,2026-08-06,602,6989.1,True
122IAG,16113772,2026-08-06,603,8030.7,True
122IAG,16113772,2026-08-06,604,5976.2,True
122IAG,16113772,2026-08-06,605,3720.0,True
122IAG,16113772,2026-08-06,606,7457.0,True
122IAG,16113772,2026-08-06,607,6506.1,True
122IAG,16113772,2026-08-06,608,6215.0,True
122IAG,16113772,2026-08-06,609,5193.7,True
122IAG,16113772,2026-08-06,610,3746.0,True
122IAG,16113772,2026-08-06,611,3773.2,True
122IAG,16113772,2026-08-06,612,6457.7,True
122IAG,16113772,2026-08-06,613,6833.9,True
122IAG,16113772,2026-08-06,614,9129.9,True
122IAG,16113772,2026-08-06,615,7487.2,True
122IAG,16113772,2026-08-06,616,6452.7,True
122IAG,16113772,2026-08-06,617,5385.4,True
122IAG,16113772,2026-08-06,618,6290.1,True
122IAG,16113772,2026-08-06,619,7655.2,True
122IAG,16113772,2026-08-06,620,6822.6,True
122IAG,16113772,2026-08-06,621,6374.0,True
122IAG,16113772,2026-08-06,622,3899.7,True
122IAG,16113772,2026-08-06,623,4402.5,True
122IAG,16113772,2026-08-06,624,3831.0,True
122IAG,16113772,2026-08-06,625,3834.0,True
122IAG,16113772,2026-08-06,626,3839.0,True
122IAG,16113772,2026-08-06,627,3843.0,True
122IAG,16113772,2026-08-06,628,4166.9,True
122IAG,16113772,2026-08-06,629,7104.7,True
122IAG,16113772,2026-08-06,630,8907.1,True
122IAG,16113772,2026-08-06,631,5611.1,True
122IAG,16113772,2026-08-06,632,9335.9,True
122IAG,16113772,2026-08-06,633,6689.3,True
122IAG,16113772,2026-08-06,634,3713.0,True
122IAG,16113772,2026-08-06,635,3720.0,True
122IAG,16113772,2026-08-06,636,7483.4,True
122IAG,16113772,2026-08-06,637,5418.5,True
122IAG,16113772,2026-08-06,638,6251.8,True
122IAG,16113772,2026-08-06,639,5840.6,True
122IAG,16113772,2026-08-06,640,6831.2,True
122IAG,16113772,2026-08-06,641,6522.6,True
122IAG,16113772,2026-08-06,642,6650.3,True
122IAG,16113772,2026-08-06,643,6433.2,True
122IAG,16113772,2026-08-06,644,3775.1,True
122IAG,16113772,2026-08-06,645,6923.6,True
122IAG,16113772,2026-08-06,646,6210.7,True
122IAG,16113772,2026-08-06,647,6349.8,True
122IAG,16113772,2026-08-06,648,6696.1,True
122IAG,16113772,2026-08-06,649,5447.2,True
122IAG,16113772,2026-08-06,650,5550.6,True
122IAG,16113772,2026-08-06,651,5858.0,True
122IAG,16113772,2026-08-06,652,9133.6,True
122IAG,16113772,2026-08-06,653,6468.6,True
122IAG,16113772,2026-08-06,654,3561.0,True
122IAG,16113772,2026-08-06,655,3568.0,True
122IAG,16113772,2026-08-06,656,3570.0,True
122IAG,16113772,2026-08-06,657,7163.1,True
122IAG,16113772,2026-08-06,658,5654.1,True
122IAG,16113772,2026-08-06,659,6053.7,True
122IAG,16113772,2026-08-06,660,6749.4,True
122IAG,16113772,2026-08-06,661,6545.9,True
122IAG,16113772,2026-08-06,662,3720.0,True
122IAG,16113772,2026-08-06,663,4836.4,True
122IAG,16113772,2026-08-06,664,6545.8,True
122IAG,16113772,2026-08-06,665,6671.3,True
122IAG,16113772,2026-08-06,666,6377.2,True
122IAG,16113772,2026-08-06,667,6006.0,True
122IAG,16113772,2026-08-06,668,5894.9,True
122IAG,16113772,2026-08-06,669,6230.5,True
122IAG,16113772,2026-08-06,670,5597.9,True
122IAG,16113772,2026-08-06,671,7954.8,True
122IAG,16113772,2026-08-06,672,5606.3,True
122IAG,16113772,2026-08-06,673,7933.3,True
122IAG,16113772,2026-08-06,674,3839.0,True
122IAG,16113772,2026-08-06,675,5309.4,True
122IAG,16113772,2026-08-06,676,6717.4,True
122IAG,16113772,2026-08-06,677,7619.6,True
122IAG,16113772,2026-08-06,678,8541.2,True
122IAG,16113772,2026-08-06,679,5989.7,True
122IAG,16113772,2026-08-06,680,3747.0,True
122IAG,16113772,2026-08-06,681,7822.3,True
122IAG,16113772,2026-08-06,682,6754.1,True
122IAG,16113772,2026-08-06,683,5325.5,True
122IAG,16113772,2026-08-06,684,7040.9,True
122IAG,16113772,2026-08-06,685,3811.0,True
122IAG,16113772,2026-08-06,686,4992.4,True
122IAG,16113772,2026-08-06,687,6705.6,True
122IAG,16113772,2026-08-06,688,8291.1,True
122IAG,16113772,2026-08-06,689,3724.0,True
122IAG,16113772,2026-08-06,690,3728.0,True
122IAG,16113772,2026-08-06,691,4061.0,True
122IAG,16113772,2026-08-06,692,7823.0,True
122IAG,16113772,2026-08-06,693,7820.2,True
122IAG,16113772,2026-08-06,694,5893.8,True
122IAG,16113772,2026-08-06,695,4272.6,True
122IAG,16113772,2026-08-06,696,7961.1,True
122IAG,16113772,2026-08-06,697,5556.2,True
122IAG,16113772,2026-08-06,698,5722.0,True
122IAG,16113772,2026-08-06,699,5650.9,True
122IAG,16113772,2026-08-06,700,3943.6,True
122IAG,16113772,2026-08-06,701,3910.5,True
122IAG,16113772,2026-08-06,702,6932.8,True
122IAG,16113772,2026-08-06,703,5084.5,True
122IAG,16113772,2026-08-06,704,6163.2,True
122IAG,16113772,2026-08-06,705,5296.4,True
122IAG,16113772,2026-08-06,706,6376.1,True
122IAG,16113772,2026-08-06,707,5597.6,True
122IAG,16113772,2026-08-06,708,4981.1,True
122IAG,16113772,2026-08-06,709,3839.2,True
122IAG,16113772,2026-08-06,710,5887.9,True
122IAG,16113772,2026-08-06,711,5823.1,True
122IAG,16113772,2026-08-06,712,6265.3,True
122IAG,16113772,2026-08-06,713,8039.4,True
122IAG,16113772,2026-08-06,714,3962.6,True
122IAG,16113772,2026-08-06,715,5934.6,True
122IAG,16113772,2026-08-06,716,7516.3,True
122IAG,16113772,2026-08-06,717,6445.1,True
122IAG,16113772,2026-08-06,718,3838.8,True
122IAG,16113772,2026-08-06,719,7144.1,True
122IAG,16113772,2026-08-06,720,5357.5,True
122IAG,16113772,2026-08-06,721,6111.7,True
122IAG,16113772,2026-08-06,722,3726.8,True
122IAG,16113772,2026-08-06,723,3714.0,True
122IAG,16113772,2026-08-06,724,7122.3,True
122IAG,16113772,2026-08-06,725,5262.8,True
122IAG,16113772,2026-08-06,726,5367.3,True
122IAG,16113772,2026-08-06,727,10247.6,True
122IAG,16113772,2026-08-06,728,3833.0,True
122IAG,16113772,2026-08-06,729,3839.0,True
122IAG,16113772,2026-08-06,730,3840.0,True
122IAG,16113772,2026-08-06,731,3843.0,True
122IAG,16113772,2026-08-06,732,4066.4,True
122IAG,16113772,2026-08-06,733,7252.2,True
122IAG,16113772,2026-08-06,734,7696.0,True
122IAG,16113772,2026-08-06,735,5719.8,True
122IAG,16113772,2026-08-06,736,5432.9,True
122IAG,16113772,2026-08-06,737,6052.6,True
122IAG,16113772,2026-08-06,738,4015.7,True
122IAG,16113772,2026-08-06,739,8157.3,True
122IAG,16113772,2026-08-06,740,3867.3,True
122IAG,16113772,2026-08-06,741,7824.1,True
122IAG,16113772,2026-08-06,742,6594.2,True
122IAG,16113772,2026-08-06,743,6354.0,True
122IAG,16113772,2026-08-06,744,4993.6,True
122IAG,16113772,2026-08-06,745,6757.2,True
122IAG,16113772,2026-08-06,746,5047.2,True
122IAG,16113772,2026-08-06,747,6642.5,True
122IAG,16113772,2026-08-06,748,3672.4,True
122IAG,16113772,2026-08-06,749,8057.9,True
122IAG,16113772,2026-08-06,750,5809.2,True
122IAG,16113772,2026-08-06,751,5437.7,True
122IAG,16113772,2026-08-06,752,6328.6,True
122IAG,16113772,2026-08-06,753,6167.1,True
122IAG,16113772,2026-08-06,754,5241.9,True
122IAG,16113772,2026-08-06,755,6697.0,True
122IAG,16113772,2026-08-06,756,5092.9,True
122IAG,16113772,2026-08-06,757,3840.0,True
122IAG,16113772,2026-08-06,758,7192.4,True
122IAG,16113772,2026-08-06,759,9696.7,True
122IAG,16113772,2026-08-06,760,5907.6,True
122IAG,16113772,2026-08-06,761,5657.8,True
122IAG,16113772,2026-08-06,762,5899.5,True
122IAG,16113772,2026-08-06,763,5904.5,True
122IAG,16113772,2026-08-06,764,6207.5,True
122IAG,16113772,2026-08-06,765,6817.5,True
122IAG,16113772,2026-08-06,766,5055.7,True
122IAG,16113772,2026-08-06,767,6563.6,True
122IAG,16113772,2026-08-06,768,3840.7,True
122IAG,16113772,2026-08-06,769,3842.0,True
122IAG,16113772,2026-08-06,770,4128.7,True
122IAG,16113772,2026-08-06,771,4168.3,True
122IAG,16113772,2026-08-06,772,6555.2,True
122IAG,16113772,2026-08-06,773,5967.5,True
122IAG,16113772,2026-08-06,774,8208.9,True
122IAG,16113772,2026-08-06,775,3910.6,True
122IAG,16113772,2026-08-06,776,3897.0,True
122IAG,16113772,2026-08-06,777,5798.3,True
122IAG,16113772,2026-08-06,778,7575.1,True
122IAG,16113772,2026-08-06,779,6372.2,True
122IAG,16113772,2026-08-06,780,7279.9,True
122IAG,16113772,2026-08-06,781,8411.2,True
122IAG,16113772,2026-08-06,782,5402.2,True
122IAG,16113772,2026-08-06,783,3792.0,True
122IAG,16113772,2026-08-06,784,3863.6,True
122IAG,16113772,2026-08-06,785,6365.2,True
122IAG,16113772,2026-08-06,786,7510.5,True
122IAG,16113772,2026-08-06,787,7232.6,True
122IAG,16113772,2026-08-06,788,8087.2,True
122IAG,16113772,2026-08-06,789,8731.9,True
122IAG,16113772,2026-08-06,790,3736.0,True
122IAG,16113772,2026-08-06,791,6827.0,True
122IAG,16113772,2026-08-06,792,5664.4,True
122IAG,16113772,2026-08-06,793,7669.9,True
122IAG,16113772,2026-08-06,794,10495.9,True
122IAG,16113772,2026-08-06,795,3724.0,True
122IAG,16113772,2026-08-06,796,7391.3,True
122IAG,16113772,2026-08-06,797,7871.0,True
122IAG,16113772,2026-08-06,798,6188.3,True
122IAG,16113772,2026-08-06,799,5680.2,True
122IAG,16113772,2026-08-06,800,3928.4,True
122IAG,16113772,2026-08-06,801,3845.0,True
122IAG,16113772,2026-08-06,802,3852.0,True
122IAG,16113772,2026-08-06,803,3860.0,True
122IAG,16113772,2026-08-06,804,3856.0,True
122IAG,16113772,2026-08-06,805,3860.0,True
122IAG,16113772,2026-08-06,806,3863.0,True
122IAG,16113772,2026-08-06,807,3863.0,True
122IAG,16113772,2026-08-06,808,3862.0,True
122IAG,16113772,2026-08-06,809,3866.0,True
122IAG,16113772,2026-08-06,810,3864.0,True
122IAG,16113772,2026-08-06,811,3864.0,True
122IAG,16113772,2026-08-06,812,3864.0,True
122IAG,16113772,2026-08-06,813,3869.0,True
122IAG,16113772,2026-08-06,814,3863.0,True
122IAG,16113772,2026-08-06,846,5247.5,True
122IAG,16113772,2026-08-06,847,6644.1,True
122IAG,16113772,2026-08-06,848,6255.0,True
122IAG,16113772,2026-08-06,849,5144.5,True
122IAG,16113772,2026-08-06,850,3754.0,True
122IAG,16113772,2026-08-06,851,3752.0,True
122IAG,16113772,2026-08-06,852,3749.0,True
122IAG,16113772,2026-08-06,853,6419.9,True
122IAG,16113772,2026-08-06,854,5153.3,True
122IAG,16113772,2026-08-06,855,6976.5,True
122IAG,16113772,2026-08-06,856,4098.2,True
122IAG,16113772,2026-08-06,857,3872.0,True
122IAG,16113772,2026-08-06,858,3872.0,True
122IAG,16113772,2026-08-06,859,3871.0,True
122IAG,16113772,2026-08-06,860,3875.0,True
122IAG,16113772,2026-08-06,861,3874.0,True
122IAG,16113772,2026-08-06,862,3873.0,True
122IAG,16113772,2026-08-06,863,5661.7,True
122IAG,16113772,2026-08-06,864,6285.1,True
122IAG,16113772,2026-08-06,865,6261.3,True
122IAG,16113772,2026-08-06,866,5703.3,True
122IAG,16113772,2026-08-06,867,5578.7,True
122IAG,16113772,2026-08-06,868,7114.1,True
122IAG,16113772,2026-08-06,869,3907.3,True
122IAG,16113772,2026-08-06,870,7055.9,True
122IAG,16113772,2026-08-06,871,7669.8,True
122IAG,16113772,2026-08-06,872,6398.0,True
122IAG,16113772,2026-08-06,873,7177.5,True
122IAG,16113772,2026-08-06,874,8127.6,True
122IAG,16113772,2026-08-06,875,7596.6,True
122IAG,16113772,2026-08-06,876,7200.6,True
122IAG,16113772,2026-08-06,877,3873.2,True
122IAG,16113772,2026-08-06,878,9541.7,True
122IAG,16113772,2026-08-06,879,5854.6,True
122IAG,16113772,2026-08-06,880,6208.6,True
122IAG,16113772,2026-08-06,881,6398.0,True
122IAG,16113772,2026-08-06,882,5767.8,True
122IAG,16113772,2026-08-06,883,8821.2,True
122IAG,16113772,2026-08-06,884,5871.6,True
122IAG,16113772,2026-08-06,885,7369.2,True
122IAG,16113772,2026-08-06,886,5456.4,True
122IAG,16113772,2026-08-06,887,6130.5,True
122IAG,16113772,2026-08-06,888,6913.9,True
122IAG,16113772,2026-08-06,889,7014.0,True
122IAG,16113772,2026-08-06,890,6619.8,True
122IAG,16113772,2026-08-06,891,7410.7,True
122IAG,16113772,2026-08-06,892,7014.9,True
122IAG,16113772,2026-08-06,893,6718.2,True
122IAG,16113772,2026-08-06,894,3773.0,True
122IAG,16113772,2026-08-06,895,6712.1,True
122IAG,16113772,2026-08-06,896,7205.6,True
122IAG,16113772,2026-08-06,897,6499.3,True
122IAG,16113772,2026-08-06,898,6416.8,True
122IAG,16113772,2026-08-06,899,8609.4,True
122IAG,16113772,2026-08-06,900,3829.3,True
122IAG,16113772,2026-08-06,901,3838.0,True
122IAG,16113772,2026-08-06,902,3842.0,True
122IAG,16113772,2026-08-06,903,3845.0,True
122IAG,16113772,2026-08-06,904,3847.0,True
122IAG,16113772,2026-08-06,905,4242.3,True
122IAG,16113772,2026-08-06,906,9160.9,True
122IAG,16113772,2026-08-06,907,7254.4,True
122IAG,16113772,2026-08-06,908,6825.0,True
122IAG,16113772,2026-08-06,909,3875.7,True
122IAG,16113772,2026-08-06,910,3807.0,True
122IAG,16113772,2026-08-06,911,5327.3,True
122IAG,16113772,2026-08-06,912,6504.4,True
122IAG,16113772,2026-08-06,913,7107.8,True
122IAG,16113772,2026-08-06,914,9939.8,True
122IAG,16113772,2026-08-06,915,6531.4,True
122IAG,16113772,2026-08-06,916,9089.8,True
122IAG,16113772,2026-08-06,917,3822.0,True
122IAG,16113772,2026-08-06,918,3836.0,True
122IAG,16113772,2026-08-06,919,3833.0,True
122IAG,16113772,2026-08-06,920,3844.0,True
122IAG,16113772,2026-08-06,921,4042.1,True
122IAG,16113772,2026-08-06,922,6948.7,True
122IAG,16113772,2026-08-06,923,6429.3,True
122IAG,16113772,2026-08-06,924,6169.7,True
122IAG,16113772,2026-08-06,925,6122.1,True
122IAG,16113772,2026-08-06,926,7508.9,True
122IAG,16113772,2026-08-06,927,8024.2,True
122IAG,16113772,2026-08-06,928,5960.9,True
122IAG,16113772,2026-08-06,929,6250.4,True
122IAG,16113772,2026-08-06,930,3765.0,True
122IAG,16113772,2026-08-06,931,3768.0,True
122IAG,16113772,2026-08-06,932,3770.0,True
122IAG,16113772,2026-08-06,933,3771.0,True
122IAG,16113772,2026-08-06,934,3776.0,True
122IAG,16113772,2026-08-06,935,3781.0,True
122IAG,16113772,2026-08-06,936,3777.0,True
122IAG,16113772,2026-08-06,937,3777.0,True
122IAG,16113772,2026-08-06,938,3777.0,True
122IAG,16113772,2026-08-06,939,3797.4,True
122IAG,16113772,2026-08-06,940,6992.0,True
122IAG,16113772,2026-08-06,941,8145.7,True
122IAG,16113772,2026-08-06,942,5119.7,True
122IAG,16113772,2026-08-06,943,7117.0,True
122IAG,16113772,2026-08-06,944,6938.2,True
122IAG,16113772,2026-08-06,945,3873.6,True
122IAG,16113772,2026-08-06,946,3764.0,True
122IAG,16113772,2026-08-06,947,6496.0,True
122IAG,16113772,2026-08-06,948,7198.7,True
122IAG,16113772,2026-08-06,949,6487.5,True
122IAG,16113772,2026-08-06,950,7714.9,True
122IAG,16113772,2026-08-06,951,7447.1,True
122IAG,16113772,2026-08-06,952,6158.5,True
122IAG,16113772,2026-08-06,953,6293.4,True
122IAG,16113772,2026-08-06,954,8200.1,True
122IAG,16113772,2026-08-06,955,8033.5,True
122IAG,16113772,2026-08-06,956,4266.6,True
122IAG,16113772,2026-08-06,957,5415.9,True
122IAG,16113772,2026-08-06,958,6075.6,True
122IAG,16113772,2026-08-06,959,6055.0,True
122IAG,16113772,2026-08-06,960,5942.1,True
122IAG,16113772,2026-08-06,961,8581.1,True
122IAG,16113772,2026-08-06,962,5860.3,True
122IAG,16113772,2026-08-06,963,7812.3,True
122IAG,16113772,2026-08-06,964,6394.5,True
122IAG,16113772,2026-08-06,965,6549.0,True
122IAG,16113772,2026-08-06,966,5812.4,True
122IAG,16113772,2026-08-06,967,6194.6,True
122IAG,16113772,2026-08-06,968,3986.1,True
122IAG,16113772,2026-08-06,969,3752.0,True
122IAG,16113772,2026-08-06,970,3752.0,True
122IAG,16113772,2026-08-06,971,3754.0,True
122IAG,16113772,2026-08-06,972,3758.0,True
122IAG,16113772,2026-08-06,973,3765.0,True
122IAG,16113772,2026-08-06,974,3764.0,True
122IAG,16113772,2026-08-06,975,3764.0,True
122IAG,16113772,2026-08-06,976,3765.0,True
122IAG,16113772,2026-08-06,977,3766.0,True
122IAG,16113772,2026-08-06,978,3766.0,True
122IAG,16113772,2026-08-06,979,3766.0,True
122IAG,16113772,2026-08-06,980,3768.0,True
122IAG,16113772,2026-08-06,981,3765.0,True
122IAG,16113772,2026-08-06,982,3767.0,True
122IAG,16113772,2026-08-06,983,3768.0,True
122IAG,16113772,2026-08-06,984,3774.0,True
122IAG,16113772,2026-08-06,985,3770.0,True
122IAG,16113772,2026-08-06,986,3772.0,True
122IAG,16113772,2026-08-07,0,4924.0,True
122IAG,16113772,2026-08-07,1,3843.0,True
122IAG,16113772,2026-08-07,2,3842.0,True
122IAG,16113772,2026-08-07,3,3839.0,True
122IAG,16113772,2026-08-07,4,3838.0,True
122IAG,16113772,2026-08-07,5,3835.0,True
122IAG,16113772,2026-08-07,6,3834.0,True
122IAG,16113772,2026-08-07,7,3829.0,True
122IAG,16113772,2026-08-07,8,3829.0,True
122IAG,16113772,2026-08-07,9,3827.0,True
122IAG,16113772,2026-08-07,10,3822.0,True
122IAG,16113772,2026-08-07,11,3824.0,True
122IAG,16113772,2026-08-07,12,3820.0,True
122IAG,16113772,2026-08-07,13,3825.0,True
122IAG,16113772,2026-08-07,14,3818.0,True
122IAG,16113772,2026-08-07,15,3820.0,True
122IAG,16113772,2026-08-07,16,3818.0,True
122IAG,16113772,2026-08-08,0,4850.5,True
122IAG,16113772,2026-08-08,1,3831.0,True
122IAG,16113772,2026-08-08,2,3824.0,True
122IAG,16113772,2026-08-08,3,3816.0,True
122IAG,16113772,2026-08-08,4,3813.0,True
122IAG,16113772,2026-08-08,5,3811.0,True
122IAG,16113772,2026-08-08,6,3810.0,True
122IAG,16113772,2026-08-08,7,3811.0,True
122IAG,16113772,2026-08-08,8,3807.0,True
122IAG,16113772,2026-08-08,9,3803.0,True
122IAG,16113772,2026-08-08,10,3803.0,True
122IAG,16113772,2026-08-08,11,3801.0,True
122IAG,16113772,2026-08-08,12,3798.0,True
122IAG,16113772,2026-08-08,13,3799.0,True
122IAG,16113772,2026-08-08,14,3796.0,True
122IAG,16113772,2026-08-08,15,3797.0,True
122IAG,16113772,2026-08-08,529,4984.4,True
122IAG,16113772,2026-08-08,530,4927.5,True
122IAG,16113772,2026-08-08,531,4217.2,True
122IAG,16113772,2026-08-08,532,5079.9,True
122IAG,16113772,2026-08-08,533,4047.8,True
122IAG,16113772,2026-08-08,534,3802.1,True
122IAG,16113772,2026-08-08,535,3942.9,True
122IAG,16113772,2026-08-08,536,3742.0,True
122IAG,16113772,2026-08-08,537,3744.0,True
122IAG,16113772,2026-08-08,538,3742.0,True
122IAG,16113772,2026-08-08,539,4395.8,True
122IAG,16113772,2026-08-08,540,4177.8,True
122IAG,16113772,2026-08-08,541,3843.8,True
122IAG,16113772,2026-08-08,542,3763.3,True
122IAG,16113772,2026-08-08,543,3869.0,True
122IAG,16113772,2026-08-08,544,4215.9,True
122IAG,16113772,2026-08-08,545,7288.3,True
122IAG,16113772,2026-08-08,546,6011.7,True
122IAG,16113772,2026-08-08,547,3763.8,True
122IAG,16113772,2026-08-08,548,6629.2,True
122IAG,16113772,2026-08-08,549,4695.3,True
122IAG,16113772,2026-08-08,550,3742.3,True
122IAG,16113772,2026-08-08,551,5461.7,True
122IAG,16113772,2026-08-08,552,7647.7,True
122IAG,16113772,2026-08-08,553,7714.8,True
122IAG,16113772,2026-08-08,554,3797.0,True
122IAG,16113772,2026-08-08,555,3803.0,True
122IAG,16113772,2026-08-08,556,3800.0,True
122IAG,16113772,2026-08-08,557,3801.0,True
122IAG,16113772,2026-08-08,558,3801.0,True
122IAG,16113772,2026-08-08,559,3806.0,True
122IAG,16113772,2026-08-08,560,3800.0,True
122IAG,16113772,2026-08-08,561,3801.0,True
122IAG,16113772,2026-08-08,562,3803.0,True
122IAG,16113772,2026-08-08,563,4005.9,True
122IAG,16113772,2026-08-08,564,3800.0,True
122IAG,16113772,2026-08-08,565,3798.0,True
122IAG,16113772,2026-08-08,566,5011.5,True
122IAG,16113772,2026-08-08,567,7937.4,True
122IAG,16113772,2026-08-08,568,5954.8,True
122IAG,16113772,2026-08-08,569,5867.0,True
122IAG,16113772,2026-08-08,570,7750.4,True
122IAG,16113772,2026-08-08,571,3867.0,True
122IAG,16113772,2026-08-08,572,4497.7,True
122IAG,16113772,2026-08-08,573,6414.3,True
122IAG,16113772,2026-08-08,574,6138.5,True
122IAG,16113772,2026-08-08,575,5964.9,True
122IAG,16113772,2026-08-08,576,7094.7,True
122IAG,16113772,2026-08-08,577,3911.8,True
122IAG,16113772,2026-08-08,578,4246.7,True
122IAG,16113772,2026-08-08,579,3798.0,True
122IAG,16113772,2026-08-08,580,3814.3,True
122IAG,16113772,2026-08-08,581,3808.0,True
122IAG,16113772,2026-08-08,582,3812.1,True
122IAG,16113772,2026-08-08,583,3914.4,True
122IAG,16113772,2026-08-08,584,3822.0,True
122IAG,16113772,2026-08-08,585,3824.3,True
122IAG,16113772,2026-08-08,586,3824.1,True
122IAG,16113772,2026-08-08,587,3846.8,True
122IAG,16113772,2026-08-08,588,3870.2,True
122IAG,16113772,2026-08-08,589,3840.3,True
122IAG,16113772,2026-08-08,590,3826.8,True
122IAG,16113772,2026-08-08,591,3884.7,True
122IAG,16113772,2026-08-08,592,3805.0,True
122IAG,16113772,2026-08-08,594,6516.6,True
122IAG,16113772,2026-08-08,595,6429.3,True
122IAG,16113772,2026-08-08,596,8601.6,True
122IAG,16113772,2026-08-08,597,6311.8,True
122IAG,16113772,2026-08-08,598,6955.9,True
122IAG,16113772,2026-08-08,599,3813.0,True
122IAG,16113772,2026-08-08,600,5359.9,True
122IAG,16113772,2026-08-08,601,7851.6,True
122IAG,16113772,2026-08-08,602,11256.4,True
122IAG,16113772,2026-08-08,603,7121.1,True
122IAG,16113772,2026-08-08,604,3738.0,True
122IAG,16113772,2026-08-08,605,3742.0,True
122IAG,16113772,2026-08-08,606,5648.2,True
122IAG,16113772,2026-08-08,607,7117.0,True
122IAG,16113772,2026-08-08,608,6225.6,True
122IAG,16113772,2026-08-08,609,7052.5,True
122IAG,16113772,2026-08-08,610,6160.9,True
122IAG,16113772,2026-08-08,611,7230.4,True
122IAG,16113772,2026-08-08,612,3869.4,True
122IAG,16113772,2026-08-08,613,4586.6,True
122IAG,16113772,2026-08-08,614,8238.4,True
122IAG,16113772,2026-08-08,615,6728.2,True
122IAG,16113772,2026-08-08,616,5058.8,True
122IAG,16113772,2026-08-08,617,3718.0,True
122IAG,16113772,2026-08-08,618,3722.0,True
122IAG,16113772,2026-08-08,619,5367.7,True
122IAG,16113772,2026-08-08,620,8331.6,True
122IAG,16113772,2026-08-08,621,7114.3,True
122IAG,16113772,2026-08-08,622,3806.5,True
122IAG,16113772,2026-08-08,623,3770.5,True
122IAG,16113772,2026-08-08,624,8309.8,True
122IAG,16113772,2026-08-08,625,6288.0,True
122IAG,16113772,2026-08-08,626,5579.5,True
122IAG,16113772,2026-08-08,627,6564.3,True
122IAG,16113772,2026-08-08,628,3766.0,True
122IAG,16113772,2026-08-08,629,4229.1,True
122IAG,16113772,2026-08-08,630,4035.6,True
122IAG,16113772,2026-08-08,631,4081.5,True
122IAG,16113772,2026-08-08,632,7713.8,True
122IAG,16113772,2026-08-08,633,6946.3,True
122IAG,16113772,2026-08-08,634,8267.7,True
122IAG,16113772,2026-08-08,635,5591.2,True
122IAG,16113772,2026-08-08,636,5515.9,True
122IAG,16113772,2026-08-08,637,5992.4,True
122IAG,16113772,2026-08-08,638,7138.3,True
122IAG,16113772,2026-08-08,639,6738.0,True
122IAG,16113772,2026-08-08,640,5307.0,True
122IAG,16113772,2026-08-08,641,3678.0,True
122IAG,16113772,2026-08-08,642,5099.5,True
122IAG,16113772,2026-08-08,643,6136.2,True
122IAG,16113772,2026-08-08,644,6803.6,True
122IAG,16113772,2026-08-08,645,6322.7,True
122IAG,16113772,2026-08-08,646,7647.8,True
122IAG,16113772,2026-08-08,647,8464.3,True
122IAG,16113772,2026-08-08,648,5054.7,True
122IAG,16113772,2026-08-08,649,3738.0,True
122IAG,16113772,2026-08-08,650,3734.0,True
122IAG,16113772,2026-08-08,651,5487.7,True
122IAG,16113772,2026-08-08,652,7954.7,True
122IAG,16113772,2026-08-08,653,6049.6,True
122IAG,16113772,2026-08-08,654,6514.1,True
122IAG,16113772,2026-08-08,655,6631.5,True
122IAG,16113772,2026-08-08,656,6914.0,True
122IAG,16113772,2026-08-08,657,5530.6,True
122IAG,16113772,2026-08-08,658,6823.1,True
122IAG,16113772,2026-08-08,659,7696.0,True
122IAG,16113772,2026-08-08,660,3842.0,True
122IAG,16113772,2026-08-08,661,6565.3,True
122IAG,16113772,2026-08-08,662,7287.3,True
122IAG,16113772,2026-08-08,663,6052.1,True
122IAG,16113772,2026-08-08,664,3668.0,True
122IAG,16113772,2026-08-08,665,3675.0,True
122IAG,16113772,2026-08-08,666,3681.0,True
122IAG,16113772,2026-08-08,667,7096.8,True
122IAG,16113772,2026-08-08,668,6144.7,True
122IAG,16113772,2026-08-08,669,5346.5,True
122IAG,16113772,2026-08-08,670,8077.1,True
122IAG,16113772,2026-08-08,671,7364.2,True
122IAG,16113772,2026-08-08,672,3678.2,True
122IAG,16113772,2026-08-08,673,4460.7,True
122IAG,16113772,2026-08-08,674,7470.5,True
122IAG,16113772,2026-08-08,675,6508.6,True
122IAG,16113772,2026-08-08,676,5959.9,True
122IAG,16113772,2026-08-08,677,8371.9,True
122IAG,16113772,2026-08-08,678,6993.8,True
122IAG,16113772,2026-08-08,679,7854.6,True
122IAG,16113772,2026-08-08,680,6785.5,True
122IAG,16113772,2026-08-08,681,6456.1,True
122IAG,16113772,2026-08-08,682,8262.7,True
122IAG,16113772,2026-08-08,683,7240.9,True
122IAG,16113772,2026-08-08,684,7950.2,True
122IAG,16113772,2026-08-08,685,7152.8,True
122IAG,16113772,2026-08-08,686,5221.3,True
122IAG,16113772,2026-08-08,687,7498.7,True
122IAG,16113772,2026-08-08,688,8118.4,True
122IAG,16113772,2026-08-08,689,3780.0,True
122IAG,16113772,2026-08-08,690,3783.0,True
122IAG,16113772,2026-08-08,691,3785.0,True
122IAG,16113772,2026-08-08,692,6087.3,True
122IAG,16113772,2026-08-08,693,7832.7,True
122IAG,16113772,2026-08-08,694,7068.9,True
122IAG,16113772,2026-08-08,695,4670.6,True
122IAG,16113772,2026-08-08,696,6551.7,True
122IAG,16113772,2026-08-08,697,6585.9,True
122IAG,16113772,2026-08-08,698,7846.0,True
122IAG,16113772,2026-08-08,699,6262.4,True
122IAG,16113772,2026-08-08,700,6141.2,True
122IAG,16113772,2026-08-08,701,3636.5,True
122IAG,16113772,2026-08-08,702,5757.1,True
122IAG,16113772,2026-08-08,703,7009.4,True
122IAG,16113772,2026-08-08,704,7202.2,True
122IAG,16113772,2026-08-08,705,6673.4,True
122IAG,16113772,2026-08-08,706,6912.6,True
122IAG,16113772,2026-08-08,707,6740.1,True
122IAG,16113772,2026-08-08,708,7219.3,True
122IAG,16113772,2026-08-08,709,5742.5,True
122IAG,16113772,2026-08-08,710,8355.1,True
122IAG,16113772,2026-08-08,711,3781.0,True
122IAG,16113772,2026-08-08,712,7250.7,True
122IAG,16113772,2026-08-08,713,6899.1,True
122IAG,16113772,2026-08-08,714,5972.8,True
122IAG,16113772,2026-08-08,715,3737.0,True
122IAG,16113772,2026-08-08,716,5800.9,True
122IAG,16113772,2026-08-08,717,7505.6,True
122IAG,16113772,2026-08-08,718,6258.8,True
122IAG,16113772,2026-08-08,719,6488.7,True
122IAG,16113772,2026-08-08,720,7353.8,True
122IAG,16113772,2026-08-08,721,7568.1,True
122IAG,16113772,2026-08-08,722,3746.0,True
122IAG,16113772,2026-08-08,723,3747.0,True
122IAG,16113772,2026-08-08,724,3752.0,True
122IAG,16113772,2026-08-08,725,3758.0,True
122IAG,16113772,2026-08-08,726,7789.1,True
122IAG,16113772,2026-08-08,727,7287.9,True
122IAG,16113772,2026-08-08,728,5856.5,True
122IAG,16113772,2026-08-08,729,6503.2,True
122IAG,16113772,2026-08-08,730,8063.1,True
122IAG,16113772,2026-08-08,731,6222.4,True
122IAG,16113772,2026-08-08,732,7594.5,True
122IAG,16113772,2026-08-08,733,6874.9,True
122IAG,16113772,2026-08-08,734,6034.3,True
122IAG,16113772,2026-08-08,735,5848.6,True
122IAG,16113772,2026-08-08,736,7717.7,True
122IAG,16113772,2026-08-08,737,7808.3,True
122IAG,16113772,2026-08-08,738,8902.7,True
122IAG,16113772,2026-08-08,739,5839.7,True
122IAG,16113772,2026-08-08,740,4438.1,True
122IAG,16113772,2026-08-08,741,7255.0,True
122IAG,16113772,2026-08-08,742,6126.3,True
122IAG,16113772,2026-08-08,743,7934.9,True
122IAG,16113772,2026-08-08,744,6448.2,True
122IAG,16113772,2026-08-08,745,5644.1,True
122IAG,16113772,2026-08-08,746,7432.1,True
122IAG,16113772,2026-08-08,747,6603.2,True
122IAG,16113772,2026-08-08,748,6037.0,True
122IAG,16113772,2026-08-08,749,8876.6,True
122IAG,16113772,2026-08-08,750,3894.2,True
122IAG,16113772,2026-08-08,751,4022.2,True
122IAG,16113772,2026-08-08,752,6979.4,True
122IAG,16113772,2026-08-08,753,7847.0,True
122IAG,16113772,2026-08-08,754,6408.1,True
122IAG,16113772,2026-08-08,755,3811.0,True
122IAG,16113772,2026-08-08,756,7437.1,True
122IAG,16113772,2026-08-08,757,6395.8,True
122IAG,16113772,2026-08-08,758,6016.4,True
122IAG,16113772,2026-08-08,759,6769.8,True
122IAG,16113772,2026-08-08,760,5968.5,True
122IAG,16113772,2026-08-08,761,6206.4,True
122IAG,16113772,2026-08-08,762,6958.8,True
122IAG,16113772,2026-08-08,763,6827.6,True
122IAG,16113772,2026-08-08,764,6075.1,True
122IAG,16113772,2026-08-08,765,3809.6,True
122IAG,16113772,2026-08-08,766,5821.7,True
122IAG,16113772,2026-08-08,767,7985.2,True
122IAG,16113772,2026-08-08,768,6939.1,True
122IAG,16113772,2026-08-08,769,7232.4,True
122IAG,16113772,2026-08-08,770,6881.0,True
122IAG,16113772,2026-08-08,771,5044.1,True
122IAG,16113772,2026-08-08,772,6403.7,True
122IAG,16113772,2026-08-08,773,6957.8,True
122IAG,16113772,2026-08-08,774,7139.5,True
122IAG,16113772,2026-08-08,775,6180.5,True
122IAG,16113772,2026-08-08,776,6821.6,True
122IAG,16113772,2026-08-08,777,5060.6,True
122IAG,16113772,2026-08-08,778,4429.0,True
122IAG,16113772,2026-08-08,779,3932.2,True
122IAG,16113772,2026-08-08,780,5685.3,True
122IAG,16113772,2026-08-08,781,7562.6,True
122IAG,16113772,2026-08-08,782,5811.8,True
122IAG,16113772,2026-08-08,783,7609.4,True
122IAG,16113772,2026-08-08,784,3759.0,True
122IAG,16113772,2026-08-08,785,6424.3,True
122IAG,16113772,2026-08-08,786,6365.8,True
122IAG,16113772,2026-08-08,787,7249.7,True
122IAG,16113772,2026-08-08,788,5100.6,True
122IAG,16113772,2026-08-08,789,5959.8,True
122IAG,16113772,2026-08-08,790,7402.0,True
122IAG,16113772,2026-08-08,791,4107.0,True
122IAG,16113772,2026-08-08,792,3690.0,True
122IAG,16113772,2026-08-08,793,9904.6,True
122IAG,16113772,2026-08-08,794,7473.3,True
122IAG,16113772,2026-08-08,795,8378.7,True
122IAG,16113772,2026-08-08,796,6125.7,True
122IAG,16113772,2026-08-08,797,8211.5,True
122IAG,16113772,2026-08-08,798,5531.5,True
122IAG,16113772,2026-08-08,799,6866.0,True
122IAG,16113772,2026-08-08,800,6105.9,True
122IAG,16113772,2026-08-08,801,6656.7,True
122IAG,16113772,2026-08-08,802,6190.2,True
122IAG,16113772,2026-08-08,803,7259.0,True
122IAG,16113772,2026-08-08,804,6038.1,True
122IAG,16113772,2026-08-08,805,3707.0,True
122IAG,16113772,2026-08-08,806,7863.4,True
122IAG,16113772,2026-08-08,807,5938.3,True
122IAG,16113772,2026-08-08,808,6643.5,True
122IAG,16113772,2026-08-08,809,6902.2,True
122IAG,16113772,2026-08-08,810,5683.8,True
122IAG,16113772,2026-08-08,811,6466.5,True
122IAG,16113772,2026-08-08,812,7575.6,True
122IAG,16113772,2026-08-08,813,6445.9,True
122IAG,16113772,2026-08-08,814,5980.4,True
122IAG,16113772,2026-08-08,815,5231.7,True
122IAG,16113772,2026-08-08,816,5509.3,True
122IAG,16113772,2026-08-08,817,6062.0,True
122IAG,16113772,2026-08-08,818,6675.7,True
122IAG,16113772,2026-08-08,819,3888.3,True
122IAG,16113772,2026-08-08,820,3813.2,True
122IAG,16113772,2026-08-08,821,4080.5,True
122IAG,16113772,2026-08-08,822,5418.9,True
122IAG,16113772,2026-08-08,823,7580.7,True
122IAG,16113772,2026-08-08,824,5954.1,True
122IAG,16113772,2026-08-08,825,6966.4,True
122IAG,16113772,2026-08-08,826,8426.4,True
122IAG,16113772,2026-08-08,827,3745.1,True
122IAG,16113772,2026-08-08,828,3718.0,True
122IAG,16113772,2026-08-08,829,3970.7,True
122IAG,16113772,2026-08-08,830,6489.2,True
122IAG,16113772,2026-08-08,831,5707.7,True
122IAG,16113772,2026-08-08,832,6596.9,True
122IAG,16113772,2026-08-08,833,6522.4,True
122IAG,16113772,2026-08-08,834,6349.8,True
122IAG,16113772,2026-08-08,835,7096.7,True
122IAG,16113772,2026-08-08,836,6122.7,True
122IAG,16113772,2026-08-08,837,5214.6,True
122IAG,16113772,2026-08-08,838,7155.2,True
122IAG,16113772,2026-08-08,839,6737.1,True
122IAG,16113772,2026-08-08,840,7136.9,True
122IAG,16113772,2026-08-08,841,6059.6,True
122IAG,16113772,2026-08-08,842,6767.4,True
122IAG,16113772,2026-08-08,843,6459.0,True
122IAG,16113772,2026-08-08,844,3741.0,True
122IAG,16113772,2026-08-08,845,6604.9,True
122IAG,16113772,2026-08-08,846,7567.9,True
122IAG,16113772,2026-08-08,847,7833.5,True
122IAG,16113772,2026-08-08,848,6649.4,True
122IAG,16113772,2026-08-08,849,5724.0,True
122IAG,16113772,2026-08-08,850,5401.7,True
122IAG,16113772,2026-08-08,851,6334.3,True
122IAG,16113772,2026-08-08,852,5454.8,True
122IAG,16113772,2026-08-08,853,6610.8,True
122IAG,16113772,2026-08-08,854,3821.0,True
122IAG,16113772,2026-08-08,855,6169.6,True
122IAG,16113772,2026-08-08,856,6839.4,True
122IAG,16113772,2026-08-08,857,6243.3,True
122IAG,16113772,2026-08-08,858,3932.6,True
122IAG,16113772,2026-08-08,859,6410.4,True
122IAG,16113772,2026-08-08,860,6187.2,True
122IAG,16113772,2026-08-08,861,5081.1,True
122IAG,16113772,2026-08-08,862,6463.5,True
122IAG,16113772,2026-08-08,863,5568.2,True
122IAG,16113772,2026-08-08,864,6328.5,True
122IAG,16113772,2026-08-08,865,7202.4,True
122IAG,16113772,2026-08-08,866,8347.7,True
122IAG,16113772,2026-08-08,867,4798.6,True
122IAG,16113772,2026-08-08,868,3719.0,True
122IAG,16113772,2026-08-08,869,8127.6,True
122IAG,16113772,2026-08-08,870,7083.2,True
122IAG,16113772,2026-08-08,871,6855.5,True
122IAG,16113772,2026-08-08,872,4950.6,True
122IAG,16113772,2026-08-08,873,5223.6,True
122IAG,16113772,2026-08-08,874,6213.9,True
122IAG,16113772,2026-08-08,875,6296.5,True
122IAG,16113772,2026-08-08,876,7809.8,True
122IAG,16113772,2026-08-08,877,3810.0,True
122IAG,16113772,2026-08-08,878,3819.0,True
122IAG,16113772,2026-08-08,879,3899.3,True
122IAG,16113772,2026-08-08,880,3848.0,True
122IAG,16113772,2026-08-08,881,3875.6,True
122IAG,16113772,2026-08-08,882,3893.0,True
122IAG,16113772,2026-08-08,883,4207.5,True
122IAG,16113772,2026-08-08,884,7588.0,True
122IAG,16113772,2026-08-08,885,6674.6,True
122IAG,16113772,2026-08-08,886,6677.6,True
122IAG,16113772,2026-08-08,887,6269.0,True
122IAG,16113772,2026-08-08,888,6860.7,True
122IAG,16113772,2026-08-08,889,7718.6,True
122IAG,16113772,2026-08-08,890,7986.9,True
122IAG,16113772,2026-08-08,891,5814.6,True
122IAG,16113772,2026-08-08,892,8578.8,True
122IAG,16113772,2026-08-08,893,8338.1,True
122IAG,16113772,2026-08-08,894,3955.3,True
122IAG,16113772,2026-08-08,895,4679.0,True
122IAG,16113772,2026-08-08,896,10736.7,True
122IAG,16113772,2026-08-08,897,6598.8,True
122IAG,16113772,2026-08-08,898,6726.5,True
122IAG,16113772,2026-08-08,899,6396.3,True
122IAG,16113772,2026-08-08,900,6191.5,True
122IAG,16113772,2026-08-08,901,6878.9,True
122IAG,16113772,2026-08-08,902,5184.1,True
122IAG,16113772,2026-08-08,903,6477.2,True
122IAG,16113772,2026-08-08,904,3814.0,True
122IAG,16113772,2026-08-08,905,3818.0,True
122IAG,16113772,2026-08-08,906,3820.0,True
122IAG,16113772,2026-08-08,907,3824.0,True
122IAG,16113772,2026-08-08,908,3825.0,True
122IAG,16113772,2026-08-08,909,4007.2,True
122IAG,16113772,2026-08-08,910,3829.0,True
122IAG,16113772,2026-08-08,911,3831.0,True
122IAG,16113772,2026-08-08,912,3830.0,True
122IAG,16113772,2026-08-08,913,3832.0,True
122IAG,16113772,2026-08-08,914,3832.0,True
122IAG,16113772,2026-08-08,915,3834.0,True
122IAG,16113772,2026-08-08,916,3833.0,True
122IAG,16113772,2026-08-08,917,3835.0,True
122IAG,16113772,2026-08-08,918,3836.0,True
122IAG,16113772,2026-08-08,919,3832.0,True
122IAG,16113772,2026-08-08,920,3832.0,True
122IAG,16113772,2026-08-08,921,3835.0,True
122IAG,16113772,2026-08-08,935,4758.3,True
122IAG,16113772,2026-08-08,936,3860.0,True
122IAG,16113772,2026-08-08,937,3853.0,True
122IAG,16113772,2026-08-08,938,3850.0,True
122IAG,16113772,2026-08-08,939,3852.0,True
122IAG,16113772,2026-08-08,940,3847.0,True
122IAG,16113772,2026-08-08,941,3849.0,True
122IAG,16113772,2026-08-08,942,3843.0,True
122IAG,16113772,2026-08-08,943,3842.0,True
122IAG,16113772,2026-08-08,944,3848.0,True
122IAG,16113772,2026-08-08,945,3838.0,True
122IAG,16113772,2026-08-08,946,3840.0,True
122IAG,16113772,2026-08-08,947,3842.0,True
122IAG,16113772,2026-08-08,948,3840.0,True
122IAG,16113772,2026-08-08,949,3836.0,True
122IAG,16113772,2026-08-08,950,3839.0,True
122IAG,16113772,2026-08-08,980,5798.3,True
122IAG,16113772,2026-08-08,981,4510.5,True
122IAG,16113772,2026-08-08,982,3806.0,True
122IAG,16113772,2026-08-08,983,3804.0,True
122IAG,16113772,2026-08-08,984,3803.0,True
122IAG,16113772,2026-08-08,985,3851.9,True
122IAG,16113772,2026-08-08,986,3795.0,True
122IAG,16113772,2026-08-08,987,3794.0,True
122IAG,16113772,2026-08-08,988,3794.0,True
122IAG,16113772,2026-08-08,989,3792.0,True
122IAG,16113772,2026-08-08,990,3794.0,True
122IAG,16113772,2026-08-08,991,3790.0,True
122IAG,16113772,2026-08-08,992,3789.0,True
122IAG,16113772,2026-08-08,993,3785.0,True
122IAG,16113772,2026-08-10,0,4937.0,True
122IAG,16113772,2026-08-10,1,3813.0,True
122IAG,16113772,2026-08-10,2,3809.0,True
122IAG,16113772,2026-08-10,3,3801.0,True
122IAG,16113772,2026-08-10,4,3797.0,True
122IAG,16113772,2026-08-10,5,3798.0,True
122IAG,16113772,2026-08-10,6,3796.0,True
122IAG,16113772,2026-08-10,7,3792.0,True
122IAG,16113772,2026-08-10,8,3788.0,True
122IAG,16113772,2026-08-10,9,3788.0,True
122IAG,16113772,2026-08-10,10,3784.0,True
122IAG,16113772,2026-08-10,11,3784.0,True
122IAG,16113772,2026-08-10,12,3785.0,True
122IAG,16113772,2026-08-10,13,3780.0,True
122IAG,16113772,2026-08-10,14,3776.0,True
122IAG,16113772,2026-08-10,15,3775.0,True
122IAG,16113772,2026-08-10,650,4936.8,True
122IAG,16113772,2026-08-10,651,5308.8,True
122IAG,16113772,2026-08-10,652,3982.4,True
122IAG,16113772,2026-08-10,653,7523.0,True
122IAG,16113772,2026-08-10,654,7641.2,True
122IAG,16113772,2026-08-10,655,6332.7,True
122IAG,16113772,2026-08-10,656,8081.4,True
122IAG,16113772,2026-08-10,657,8302.1,True
122IAG,16113772,2026-08-10,658,3779.7,True
122IAG,16113772,2026-08-10,659,4715.3,True
122IAG,16113772,2026-08-10,660,4009.2,True
122IAG,16113772,2026-08-10,661,6731.1,True
122IAG,16113772,2026-08-10,703,4693.1,True
122IAG,16113772,2026-08-10,704,7959.7,True
122IAG,16113772,2026-08-10,705,5891.6,True
122IAG,16113772,2026-08-10,706,6565.8,True
122IAG,16113772,2026-08-10,707,6137.6,True
122IAG,16113772,2026-08-10,708,6950.2,True
122IAG,16113772,2026-08-10,709,8086.9,True
122IAG,16113772,2026-08-10,710,5951.9,True
122IAG,16113772,2026-08-10,711,7668.7,True
122IAG,16113772,2026-08-10,712,8716.5,True
122IAG,16113772,2026-08-10,713,7780.9,True
122IAG,16113772,2026-08-10,714,3785.1,True
122IAG,16113772,2026-08-10,715,8216.0,True
122IAG,16113772,2026-08-10,716,7743.5,True
122IAG,16113772,2026-08-10,717,7048.9,True
122IAG,16113772,2026-08-10,718,3696.0,True
122IAG,16113772,2026-08-10,719,7045.1,True
122IAG,16113772,2026-08-10,720,8473.6,True
122IAG,16113772,2026-08-10,721,6440.1,True
122IAG,16113772,2026-08-10,722,3684.0,True
122IAG,16113772,2026-08-10,723,3691.0,True
122IAG,16113772,2026-08-10,724,6172.0,True
122IAG,16113772,2026-08-10,725,9358.4,True
122IAG,16113772,2026-08-10,726,4211.7,True
122IAG,16113772,2026-08-10,727,4060.3,True
122IAG,16113772,2026-08-10,728,9303.8,True
122IAG,16113772,2026-08-10,729,6870.8,True
122IAG,16113772,2026-08-10,730,7668.1,True
122IAG,16113772,2026-08-10,731,3769.0,True
122IAG,16113772,2026-08-10,732,4861.8,True
122IAG,16113772,2026-08-10,733,8584.9,True
122IAG,16113772,2026-08-10,734,6542.2,True
122IAG,16113772,2026-08-10,735,5475.2,True
122IAG,16113772,2026-08-10,736,3666.0,True
122IAG,16113772,2026-08-10,737,7416.6,True
122IAG,16113772,2026-08-10,738,8152.8,True
122IAG,16113772,2026-08-10,739,6283.4,True
122IAG,16113772,2026-08-10,740,5722.0,True
122IAG,16113772,2026-08-10,741,4876.7,True
122IAG,16113772,2026-08-10,742,7515.6,True
122IAG,16113772,2026-08-10,743,4006.8,True
122IAG,16113772,2026-08-10,744,7781.3,True
122IAG,16113772,2026-08-10,745,8000.9,True
122IAG,16113772,2026-08-10,746,5737.3,True
122IAG,16113772,2026-08-10,747,6269.6,True
122IAG,16113772,2026-08-10,748,6970.6,True
122IAG,16113772,2026-08-10,749,3792.8,True
122IAG,16113772,2026-08-10,750,8874.9,True
122IAG,16113772,2026-08-10,751,6070.5,True
122IAG,16113772,2026-08-10,752,6101.3,True
122IAG,16113772,2026-08-10,753,7805.4,True
122IAG,16113772,2026-08-10,754,3792.0,True
122IAG,16113772,2026-08-10,755,3973.2,True
122IAG,16113772,2026-08-10,756,6631.0,True
122IAG,16113772,2026-08-10,757,8832.0,True
122IAG,16113772,2026-08-10,758,6650.5,True
122IAG,16113772,2026-08-10,759,7944.8,True
122IAG,16113772,2026-08-10,760,4755.0,True
122IAG,16113772,2026-08-10,761,6656.2,True
122IAG,16113772,2026-08-10,762,5717.5,True
122IAG,16113772,2026-08-10,763,4561.4,True
122IAG,16113772,2026-08-10,764,5845.5,True
122IAG,16113772,2026-08-10,765,6243.3,True
122IAG,16113772,2026-08-10,766,5841.7,True
122IAG,16113772,2026-08-10,767,7443.4,True
122IAG,16113772,2026-08-10,768,3682.1,True
122IAG,16113772,2026-08-10,769,4500.3,True
122IAG,16113772,2026-08-10,770,6335.9,True
122IAG,16113772,2026-08-10,771,5926.5,True
122IAG,16113772,2026-08-10,772,6599.9,True
122IAG,16113772,2026-08-10,773,8454.8,True
122IAG,16113772,2026-08-10,774,4070.8,True
122IAG,16113772,2026-08-10,775,3758.0,True
122IAG,16113772,2026-08-10,776,6626.0,True
122IAG,16113772,2026-08-10,777,7251.3,True
122IAG,16113772,2026-08-10,778,6216.0,True
122IAG,16113772,2026-08-10,779,6388.7,True
122IAG,16113772,2026-08-10,780,7342.5,True
122IAG,16113772,2026-08-10,781,8968.3,True
122IAG,16113772,2026-08-10,782,6591.2,True
122IAG,16113772,2026-08-10,783,6296.0,True
122IAG,16113772,2026-08-10,784,3747.0,True
122IAG,16113772,2026-08-10,785,7221.7,True
122IAG,16113772,2026-08-10,786,9876.8,True
122IAG,16113772,2026-08-10,787,6346.5,True
122IAG,16113772,2026-08-10,788,3713.0,True
122IAG,16113772,2026-08-10,789,6094.1,True
122IAG,16113772,2026-08-10,790,7656.4,True
122IAG,16113772,2026-08-10,791,5468.2,True
122IAG,16113772,2026-08-10,792,7777.5,True
122IAG,16113772,2026-08-10,793,6583.1,True
122IAG,16113772,2026-08-10,794,3715.0,True
122IAG,16113772,2026-08-10,795,7054.7,True
122IAG,16113772,2026-08-10,796,5595.6,True
122IAG,16113772,2026-08-10,797,7152.8,True
122IAG,16113772,2026-08-10,798,3747.0,True
122IAG,16113772,2026-08-10,799,3888.6,True
122IAG,16113772,2026-08-10,800,6117.7,True
122IAG,16113772,2026-08-10,801,8449.3,True
122IAG,16113772,2026-08-10,802,5584.0,True
122IAG,16113772,2026-08-10,803,3769.0,True
122IAG,16113772,2026-08-10,804,8429.8,True
122IAG,16113772,2026-08-10,805,6968.2,True
122IAG,16113772,2026-08-10,806,8406.0,True
122IAG,16113772,2026-08-10,807,4005.3,True
122IAG,16113772,2026-08-10,808,8640.9,True
122IAG,16113772,2026-08-10,809,6810.1,True
122IAG,16113772,2026-08-10,810,6090.1,True
122IAG,16113772,2026-08-10,811,8473.9,True
122IAG,16113772,2026-08-10,812,7546.2,True
122IAG,16113772,2026-08-10,813,5606.5,True
122IAG,16113772,2026-08-10,814,6414.2,True
122IAG,16113772,2026-08-10,815,6458.6,True
122IAG,16113772,2026-08-10,816,6397.8,True
122IAG,16113772,2026-08-11,0,5538.5,True
122IAG,16113772,2026-08-11,1,3916.0,True
122IAG,16113772,2026-08-11,2,3904.0,True
122IAG,16113772,2026-08-11,3,3897.0,True
122IAG,16113772,2026-08-11,4,3897.0,True
122IAG,16113772,2026-08-11,5,3893.0,True
122IAG,16113772,2026-08-11,6,3893.0,True
122IAG,16113772,2026-08-11,7,3889.0,True
122IAG,16113772,2026-08-11,8,3888.0,True
122IAG,16113772,2026-08-11,9,3887.0,True
122IAG,16113772,2026-08-11,10,3884.0,True
122IAG,16113772,2026-08-11,11,3887.0,True
122IAG,16113772,2026-08-11,12,3886.0,True
122IAG,16113772,2026-08-11,13,3882.0,True
122IAG,16113772,2026-08-11,14,3883.0,True
122IAG,16113772,2026-08-11,15,3875.0,True
122IAG,16113772,2026-08-11,653,4752.0,True
122IAG,16113772,2026-08-11,654,4147.7,True
122IAG,16113772,2026-08-11,655,4275.7,True
122IAG,16113772,2026-08-11,656,6798.2,True
122IAG,16113772,2026-08-11,657,6916.1,True
122IAG,16113772,2026-08-11,658,6372.1,True
122IAG,16113772,2026-08-11,659,5262.3,True
122IAG,16113772,2026-08-11,660,9495.3,True
122IAG,16113772,2026-08-11,661,3715.0,True
122IAG,16113772,2026-08-11,662,3716.0,True
122IAG,16113772,2026-08-11,663,3910.7,True
122IAG,16113772,2026-08-11,664,7829.2,True
122IAG,16113772,2026-08-11,665,6266.8,True
122IAG,16113772,2026-08-11,666,8801.5,True
122IAG,16113772,2026-08-11,667,8241.1,True
122IAG,16113772,2026-08-11,668,3709.6,True
122IAG,16113772,2026-08-11,669,8170.1,True
122IAG,16113772,2026-08-11,670,6780.7,True
122IAG,16113772,2026-08-11,671,5575.3,True
122IAG,16113772,2026-08-11,672,6004.5,True
122IAG,16113772,2026-08-11,673,6879.3,True
122IAG,16113772,2026-08-11,674,7657.5,True
122IAG,16113772,2026-08-11,675,6553.8,True
122IAG,16113772,2026-08-11,676,3832.2,True
122IAG,16113772,2026-08-11,677,3800.0,True
122IAG,16113772,2026-08-11,678,4076.8,True
122IAG,16113772,2026-08-11,679,5842.7,True
122IAG,16113772,2026-08-11,680,7052.6,True
122IAG,16113772,2026-08-11,681,8007.1,True
122IAG,16113772,2026-08-11,682,3726.2,True
122IAG,16113772,2026-08-11,683,7073.5,True
122IAG,16113772,2026-08-11,684,5969.6,True
122IAG,16113772,2026-08-11,685,5868.3,True
122IAG,16113772,2026-08-11,686,7317.3,True
122IAG,16113772,2026-08-11,687,4781.7,True
122IAG,16113772,2026-08-11,688,5255.0,True
122IAG,16113772,2026-08-11,689,7955.7,True
122IAG,16113772,2026-08-11,690,10911.2,True
122IAG,16113772,2026-08-11,691,3679.0,True
122IAG,16113772,2026-08-11,692,3686.0,True
122IAG,16113772,2026-08-11,693,7685.9,True
122IAG,16113772,2026-08-11,694,6919.1,True
122IAG,16113772,2026-08-11,695,10347.3,True
122IAG,16113772,2026-08-11,696,3714.0,True
122IAG,16113772,2026-08-11,697,7355.1,True
122IAG,16113772,2026-08-11,698,7576.3,True
122IAG,16113772,2026-08-11,699,6968.8,True
122IAG,16113772,2026-08-11,700,6526.8,True
122IAG,16113772,2026-08-11,701,3785.0,True
122IAG,16113772,2026-08-11,702,3785.0,True
122IAG,16113772,2026-08-11,703,3787.0,True
122IAG,16113772,2026-08-11,704,8575.8,True
122IAG,16113772,2026-08-11,705,7817.5,True
122IAG,16113772,2026-08-11,706,7532.3,True
122IAG,16113772,2026-08-11,707,9913.5,True
122IAG,16113772,2026-08-11,708,3681.0,True
122IAG,16113772,2026-08-11,709,3746.3,True
122IAG,16113772,2026-08-11,710,7312.0,True
122IAG,16113772,2026-08-11,711,7837.5,True
122IAG,16113772,2026-08-11,712,4703.3,True
122IAG,16113772,2026-08-11,713,3965.8,True
122IAG,16113772,2026-08-11,714,8264.4,True
122IAG,16113772,2026-08-11,715,11188.4,True
122IAG,16113772,2026-08-11,716,5342.3,True
122IAG,16113772,2026-08-11,717,5036.3,True
122IAG,16113772,2026-08-11,718,7127.7,True
122IAG,16113772,2026-08-11,719,3784.6,True
122IAG,16113772,2026-08-11,720,4546.7,True
122IAG,16113772,2026-08-11,721,5540.2,True
122IAG,16113772,2026-08-11,722,6670.4,True
122IAG,16113772,2026-08-11,723,5528.5,True
122IAG,16113772,2026-08-11,724,5822.5,True
122IAG,16113772,2026-08-11,725,7577.6,True
122IAG,16113772,2026-08-11,726,7259.1,True
122IAG,16113772,2026-08-11,727,6278.7,True
122IAG,16113772,2026-08-11,728,6312.2,True
122IAG,16113772,2026-08-11,729,7898.7,True
122IAG,16113772,2026-08-11,730,7727.2,True
122IAG,16113772,2026-08-11,731,6660.9,True
122IAG,16113772,2026-08-11,732,3716.0,True
122IAG,16113772,2026-08-11,733,6626.6,True
122IAG,16113772,2026-08-11,734,7581.9,True
122IAG,16113772,2026-08-11,735,6044.8,True
122IAG,16113772,2026-08-11,736,5837.5,True
122IAG,16113772,2026-08-11,737,6309.0,True
122IAG,16113772,2026-08-11,738,6467.9,True
122IAG,16113772,2026-08-11,739,3803.6,True
122IAG,16113772,2026-08-11,740,3660.0,True
122IAG,16113772,2026-08-11,741,7105.6,True
122IAG,16113772,2026-08-11,742,6676.7,True
122IAG,16113772,2026-08-11,743,6490.9,True
122IAG,16113772,2026-08-11,744,7976.3,True
122IAG,16113772,2026-08-11,745,7416.7,True
122IAG,16113772,2026-08-11,746,10545.6,True
122IAG,16113772,2026-08-11,747,6021.3,True
122IAG,16113772,2026-08-11,748,5888.3,True
122IAG,16113772,2026-08-11,749,5741.5,True
122IAG,16113772,2026-08-11,750,7217.5,True
122IAG,16113772,2026-08-11,751,4126.8,True
122IAG,16113772,2026-08-11,752,6723.7,True
122IAG,16113772,2026-08-11,753,7345.9,True
122IAG,16113772,2026-08-11,754,6035.0,True
122IAG,16113772,2026-08-11,755,3735.0,True
122IAG,16113772,2026-08-11,756,9809.7,True
122IAG,16113772,2026-08-11,757,10152.5,True
122IAG,16113772,2026-08-11,758,7049.8,True
122IAG,16113772,2026-08-11,759,4408.0,True
122IAG,16113772,2026-08-11,760,3710.0,True
122IAG,16113772,2026-08-11,761,3715.0,True
122IAG,16113772,2026-08-11,762,5725.9,True
122IAG,16113772,2026-08-11,763,6778.7,True
122IAG,16113772,2026-08-11,764,7063.6,True
122IAG,16113772,2026-08-11,765,8362.8,True
122IAG,16113772,2026-08-11,766,9314.3,True
122IAG,16113772,2026-08-11,767,3774.4,True
122IAG,16113772,2026-08-11,768,9103.2,True
122IAG,16113772,2026-08-11,769,6339.4,True
122IAG,16113772,2026-08-11,770,5887.7,True
122IAG,16113772,2026-08-11,771,8313.8,True
122IAG,16113772,2026-08-11,772,5639.2,True
122IAG,16113772,2026-08-11,773,5860.6,True
122IAG,16113772,2026-08-11,774,5946.1,True
122IAG,16113772,2026-08-11,775,7120.9,True
122IAG,16113772,2026-08-11,776,6132.5,True
122IAG,16113772,2026-08-11,777,8377.9,True
122IAG,16113772,2026-08-11,778,6925.7,True
122IAG,16113772,2026-08-11,779,8294.9,True
122IAG,16113772,2026-08-11,780,6131.8,True
122IAG,16113772,2026-08-11,781,6984.8,True
122IAG,16113772,2026-08-11,782,7814.6,True
122IAG,16113772,2026-08-11,783,8184.6,True
122IAG,16113772,2026-08-11,784,7485.6,True
122IAG,16113772,2026-08-11,785,8793.9,True
122IAG,16113772,2026-08-11,786,7704.3,True
122IAG,16113772,2026-08-11,787,4012.3,True
122IAG,16113772,2026-08-11,788,9015.5,True
122IAG,16113772,2026-08-11,789,6741.6,True
122IAG,16113772,2026-08-11,790,6745.8,True
122IAG,16113772,2026-08-11,791,6143.0,True
122IAG,16113772,2026-08-11,792,6038.3,True
122IAG,16113772,2026-08-11,793,5588.0,True
122IAG,16113772,2026-08-11,794,7941.8,True
122IAG,16113772,2026-08-11,795,5936.9,True
122IAG,16113772,2026-08-11,796,6204.8,True
122IAG,16113772,2026-08-11,797,5843.9,True
122IAG,16113772,2026-08-11,798,3718.0,True
122IAG,16113772,2026-08-11,799,3723.0,True
122IAG,16113772,2026-08-11,800,6637.8,True
122IAG,16113772,2026-08-11,801,7153.8,True
122IAG,16113772,2026-08-11,802,7004.7,True
122IAG,16113772,2026-08-11,803,5713.8,True
122IAG,16113772,2026-08-11,804,7135.4,True
122IAG,16113772,2026-08-11,805,7709.4,True
122IAG,16113772,2026-08-11,806,6689.0,True
122IAG,16113772,2026-08-11,807,6376.6,True
122IAG,16113772,2026-08-11,808,8190.4,True
122IAG,16113772,2026-08-11,809,7982.7,True
122IAG,16113772,2026-08-11,810,3716.0,True
122IAG,16113772,2026-08-11,811,3986.4,True
122IAG,16113772,2026-08-11,812,4984.7,True
122IAG,16113772,2026-08-11,813,8201.1,True
122IAG,16113772,2026-08-11,814,7813.2,True
122IAG,16113772,2026-08-11,815,6585.3,True
122IAG,16113772,2026-08-11,816,5796.9,True
122IAG,16113772,2026-08-11,817,7004.1,True
122IAG,16113772,2026-08-11,818,5918.9,True
122IAG,16113772,2026-08-11,819,5362.1,True
122IAG,16113772,2026-08-11,820,8459.3,True
122IAG,16113772,2026-08-11,821,4020.3,True
122IAG,16113772,2026-08-11,822,3729.0,True
122IAG,16113772,2026-08-11,823,4146.7,True
122IAG,16113772,2026-08-11,824,5123.7,True
122IAG,16113772,2026-08-11,825,7915.4,True
122IAG,16113772,2026-08-11,826,8078.8,True
122IAG,16113772,2026-08-11,827,3756.0,True
122IAG,16113772,2026-08-11,828,6437.6,True
122IAG,16113772,2026-08-11,829,7191.0,True
122IAG,16113772,2026-08-11,830,3715.0,True
122IAG,16113772,2026-08-11,831,3719.0,True
122IAG,16113772,2026-08-11,832,6413.8,True
122IAG,16113772,2026-08-11,833,7632.7,True
122IAG,16113772,2026-08-11,834,3920.0,True
122IAG,16113772,2026-08-11,835,3884.0,True
122IAG,16113772,2026-08-11,836,6932.0,True
122IAG,16113772,2026-08-11,837,8256.9,True
122IAG,16113772,2026-08-11,838,3698.1,True
122IAG,16113772,2026-08-11,839,3682.0,True
122IAG,16113772,2026-08-11,840,7486.2,True
122IAG,16113772,2026-08-11,841,6388.6,True
122IAG,16113772,2026-08-11,842,6790.8,True
122IAG,16113772,2026-08-11,843,8891.2,True
122IAG,16113772,2026-08-11,844,3867.5,True
122IAG,16113772,2026-08-11,845,7709.5,True
122IAG,16113772,2026-08-11,846,6731.0,True
122IAG,16113772,2026-08-11,847,7769.3,True
122IAG,16113772,2026-08-11,848,7037.0,True
122IAG,16113772,2026-08-11,849,8681.3,True
122IAG,16113772,2026-08-11,850,3757.2,True
122IAG,16113772,2026-08-11,851,5957.7,True
122IAG,16113772,2026-08-11,852,8839.5,True
122IAG,16113772,2026-08-11,853,8580.2,True
122IAG,16113772,2026-08-11,854,8152.6,True
122IAG,16113772,2026-08-11,855,5627.2,True
122IAG,16113772,2026-08-11,856,3884.5,True
122IAG,16113772,2026-08-11,857,3872.4,True
122IAG,16113772,2026-08-11,858,3804.6,True
122IAG,16113772,2026-08-11,859,3811.1,True
122IAG,16113772,2026-08-11,860,3848.0,True
122IAG,16113772,2026-08-11,861,3826.1,True
122IAG,16113772,2026-08-11,862,3826.9,True
122IAG,16113772,2026-08-11,863,3810.1,True
122IAG,16113772,2026-08-11,864,3816.4,True
122IAG,16113772,2026-08-11,865,3973.7,True
122IAG,16113772,2026-08-11,866,3879.5,True
122IAG,16113772,2026-08-11,867,3854.9,True
122IAG,16113772,2026-08-11,868,3811.0,True
122IAG,16113772,2026-08-11,869,3809.3,True
122IAG,16113772,2026-08-11,870,3825.2,True
122IAG,16113772,2026-08-11,877,6320.4,True
122IAG,16113772,2026-08-11,878,8893.2,True
122IAG,16113772,2026-08-11,879,7225.9,True
122IAG,16113772,2026-08-11,880,6099.1,True
122IAG,16113772,2026-08-11,881,9340.7,True
122IAG,16113772,2026-08-11,882,3738.0,True
122IAG,16113772,2026-08-11,883,3738.0,True
122IAG,16113772,2026-08-11,884,3742.0,True
122IAG,16113772,2026-08-11,885,7269.1,True
122IAG,16113772,2026-08-11,886,11005.6,True
122IAG,16113772,2026-08-11,887,6452.2,True
122IAG,16113772,2026-08-11,888,6450.8,True
122IAG,16113772,2026-08-11,889,5790.1,True
122IAG,16113772,2026-08-11,890,7271.2,True
122IAG,16113772,2026-08-11,891,5792.2,True
122IAG,16113772,2026-08-11,892,5797.5,True
122IAG,16113772,2026-08-11,893,6657.1,True
122IAG,16113772,2026-08-11,894,3786.4,True
122IAG,16113772,2026-08-11,895,3756.0,True
122IAG,16113772,2026-08-11,896,3758.0,True
122IAG,16113772,2026-08-11,897,6688.1,True
122IAG,16113772,2026-08-11,898,6981.6,True
122IAG,16113772,2026-08-11,899,6348.5,True
122IAG,16113772,2026-08-11,900,6688.5,True
122IAG,16113772,2026-08-11,901,4375.4,True
122IAG,16113772,2026-08-11,902,4155.2,True
122IAG,16113772,2026-08-11,903,3819.6,True
122IAG,16113772,2026-08-11,904,3794.2,True
122IAG,16113772,2026-08-11,905,3841.2,True
122IAG,16113772,2026-08-11,906,4143.7,True
122IAG,16113772,2026-08-11,907,3835.8,True
122IAG,16113772,2026-08-11,908,3801.4,True
122IAG,16113772,2026-08-11,909,3882.2,True
122IAG,16113772,2026-08-11,910,4188.4,True
122IAG,16113772,2026-08-11,911,3994.4,True
122IAG,16113772,2026-08-11,912,4096.8,True
122IAG,16113772,2026-08-11,913,6492.8,True
122IAG,16113772,2026-08-11,914,8278.8,True
122IAG,16113772,2026-08-11,915,3748.7,True
122IAG,16113772,2026-08-11,916,3743.0,True
122IAG,16113772,2026-08-11,917,7213.1,True
122IAG,16113772,2026-08-11,918,6869.5,True
122IAG,16113772,2026-08-11,919,8715.8,True
122IAG,16113772,2026-08-11,920,3755.0,True
122IAG,16113772,2026-08-11,921,3827.8,True
122IAG,16113772,2026-08-11,922,8435.7,True
122IAG,16113772,2026-08-11,923,6465.1,True
122IAG,16113772,2026-08-11,924,9668.9,True
122IAG,16113772,2026-08-11,925,3786.3,True
122IAG,16113772,2026-08-11,926,3791.0,True
122IAG,16113772,2026-08-11,927,3787.0,True
122IAG,16113772,2026-08-11,928,3800.2,True
122IAG,16113772,2026-08-11,929,8310.9,True
122IAG,16113772,2026-08-11,930,8296.8,True
122IAG,16113772,2026-08-11,931,3706.0,True
122IAG,16113772,2026-08-11,932,3704.0,True
122IAG,16113772,2026-08-11,933,6021.9,True
122IAG,16113772,2026-08-11,934,8251.6,True
122IAG,16113772,2026-08-11,935,5902.4,True
122IAG,16113772,2026-08-11,936,8972.3,True
122IAG,16113772,2026-08-11,937,4169.2,True
122IAG,16113772,2026-08-11,938,3803.0,True
122IAG,16113772,2026-08-11,939,3809.8,True
122IAG,16113772,2026-08-11,940,3801.1,True
122IAG,16113772,2026-08-11,941,3874.9,True
122IAG,16113772,2026-08-11,942,3819.7,True
122IAG,16113772,2026-08-11,943,3836.6,True
122IAG,16113772,2026-08-11,944,3814.5,True
122IAG,16113772,2026-08-11,945,3809.0,True
122IAG,16113772,2026-08-11,946,3870.9,True
122IAG,16113772,2026-08-11,947,7694.3,True
122IAG,16113772,2026-08-11,948,7035.8,True
122IAG,16113772,2026-08-11,949,7279.6,True
122IAG,16113772,2026-08-11,950,6315.9,True
122IAG,16113772,2026-08-11,951,8562.4,True
122IAG,16113772,2026-08-11,952,7633.8,True
122IAG,16113772,2026-08-11,953,7551.3,True
122IAG,16113772,2026-08-11,954,3793.3,True
122IAG,16113772,2026-08-11,955,7685.5,True
122IAG,16113772,2026-08-11,956,7586.4,True
122IAG,16113772,2026-08-11,957,6631.1,True
122IAG,16113772,2026-08-11,958,6169.6,True
122IAG,16113772,2026-08-11,959,7471.8,True
122IAG,16113772,2026-08-11,960,10346.0,True
122IAG,16113772,2026-08-11,961,6974.2,True
122IAG,16113772,2026-08-11,962,7691.8,True
122IAG,16113772,2026-08-11,963,3758.0,True
122IAG,16113772,2026-08-11,964,3766.0,True
122IAG,16113772,2026-08-11,965,5545.7,True
122IAG,16113772,2026-08-11,966,6199.4,True
122IAG,16113772,2026-08-11,967,10436.4,True
122IAG,16113772,2026-08-11,968,4135.7,True
122IAG,16113772,2026-08-11,969,3777.0,True
122IAG,16113772,2026-08-11,970,3781.0,True
122IAG,16113772,2026-08-11,971,3781.0,True
122IAG,16113772,2026-08-11,972,4127.6,True
122IAG,16113772,2026-08-11,973,3782.0,True
122IAG,16113772,2026-08-11,974,3785.0,True
122IAG,16113772,2026-08-11,975,6767.2,True
122IAG,16113772,2026-08-11,976,3821.0,True
122IAG,16113772,2026-08-11,977,3804.0,True
122IAG,16113772,2026-08-12,0,4657.9,True
122IAG,16113772,2026-08-12,1,3866.0,True
122IAG,16113772,2026-08-12,2,3860.0,True
122IAG,16113772,2026-08-12,3,3853.0,True
122IAG,16113772,2026-08-12,4,3846.0,True
122IAG,16113772,2026-08-12,5,3845.0,True
122IAG,16113772,2026-08-12,6,3843.0,True
122IAG,16113772,2026-08-12,7,3840.0,True
122IAG,16113772,2026-08-12,8,3840.0,True
122IAG,16113772,2026-08-12,9,3837.0,True
122IAG,16113772,2026-08-12,10,3835.0,True
122IAG,16113772,2026-08-12,11,3838.0,True
122IAG,16113772,2026-08-12,12,3839.0,True
122IAG,16113772,2026-08-12,13,3833.0,True
122IAG,16113772,2026-08-12,14,3832.0,True
122IAG,16113772,2026-08-12,15,3829.0,True
122IAG,16113772,2026-08-12,980,5626.4,True
122IAG,16113772,2026-08-12,981,4636.8,True
122IAG,16113772,2026-08-12,982,3826.0,True
122IAG,16113772,2026-08-12,983,3816.0,True
122IAG,16113772,2026-08-12,984,3807.0,True
122IAG,16113772,2026-08-12,985,3801.0,True
122IAG,16113772,2026-08-12,986,3804.0,True
122IAG,16113772,2026-08-12,987,3802.0,True
122IAG,16113772,2026-08-12,988,3800.0,True
122IAG,16113772,2026-08-12,989,3797.0,True
122IAG,16113772,2026-08-12,990,3796.0,True
122IAG,16113772,2026-08-12,991,3789.0,True
122IAG,16113772,2026-08-12,992,3871.1,True
122IAG,16113772,2026-08-12,993,3780.0,True
122IAG,16113772,2026-08-12,1005,4760.4,True
122IAG,16113772,2026-08-12,1006,3795.0,True
122IAG,16113772,2026-08-12,1007,3790.0,True
122IAG,16113772,2026-08-12,1008,3784.0,True
122IAG,16113772,2026-08-12,1009,3785.0,True
122IAG,16113772,2026-08-12,1010,3774.0,True
122IAG,16113772,2026-08-12,1011,3771.0,True
122IAG,16113772,2026-08-12,1012,3775.0,True
122IAG,16113772,2026-08-12,1013,3769.0,True
122IAG,16113772,2026-08-12,1014,3769.0,True
122IAG,16113772,2026-08-12,1015,3767.0,True
122IAG,16113772,2026-08-12,1016,3765.0,True
122IAG,16113772,2026-08-12,1017,3761.0,True
122IAG,16113772,2026-08-13,0,4872.8,True
122IAG,16113772,2026-08-13,1,3912.8,True
122IAG,16113772,2026-08-13,2,3882.0,True
122IAG,16113772,2026-08-13,3,3873.0,True
122IAG,16113772,2026-08-13,4,3872.0,True
122IAG,16113772,2026-08-13,5,3869.0,True
122IAG,16113772,2026-08-13,6,3868.0,True
122IAG,16113772,2026-08-13,7,3865.0,True
122IAG,16113772,2026-08-13,8,3863.0,True
122IAG,16113772,2026-08-13,9,3863.0,True
122IAG,16113772,2026-08-13,10,3864.0,True
122IAG,16113772,2026-08-13,11,3862.0,True
122IAG,16113772,2026-08-13,12,3856.0,True
122IAG,16113772,2026-08-13,13,3856.0,True
122IAG,16113772,2026-08-13,14,3857.0,True
122IAG,16113772,2026-08-13,15,3852.0,True
122IAG,16113772,2026-08-13,469,4880.1,True
122IAG,16113772,2026-08-13,470,4443.5,True
122IAG,16113772,2026-08-13,471,7577.7,True
122IAG,16113772,2026-08-13,472,4165.3,True
122IAG,16113772,2026-08-13,473,4129.5,True
122IAG,16113772,2026-08-13,474,7571.5,True
122IAG,16113772,2026-08-13,475,6200.9,True
122IAG,16113772,2026-08-13,863,5811.3,True
122IAG,16113772,2026-08-13,864,8551.4,True
122IAG,16113772,2026-08-13,865,6511.0,True
122IAG,16113772,2026-08-13,866,5551.8,True
122IAG,16113772,2026-08-13,867,6183.1,True
122IAG,16113772,2026-08-13,980,4853.9,True
122IAG,16113772,2026-08-13,981,3926.5,True
122IAG,16113772,2026-08-13,982,3756.0,True
122IAG,16113772,2026-08-14,0,5660.8,True
122IAG,16113772,2026-08-14,1,3821.0,True
122IAG,16113772,2026-08-14,2,3818.0,True
122IAG,16113772,2026-08-14,3,3815.0,True
122IAG,16113772,2026-08-14,4,3811.0,True
122IAG,16113772,2026-08-14,5,3812.0,True
122IAG,16113772,2026-08-14,6,3805.0,True
122IAG,16113772,2026-08-14,7,3807.0,True
122IAG,16113772,2026-08-14,8,3806.0,True
122IAG,16113772,2026-08-14,9,3807.0,True
122IAG,16113772,2026-08-14,10,3802.0,True
122IAG,16113772,2026-08-14,11,3801.0,True
122IAG,16113772,2026-08-14,12,3801.0,True
122IAG,16113772,2026-08-14,13,3801.0,True
122IAG,16113772,2026-08-14,14,3796.0,True
122IAG,16113772,2026-08-14,15,3803.0,True
122IAG,16113772,2026-08-14,194,4911.7,True
122IAG,16113772,2026-08-14,195,3972.2,True
122IAG,16113772,2026-08-14,196,3801.0,True
122IAG,16113772,2026-08-14,197,3794.0,True
122IAG,16113772,2026-08-14,198,3791.0,True
122IAG,16113772,2026-08-14,199,3791.0,True
122IAG,16113772,2026-08-14,200,3786.0,True
122IAG,16113772,2026-08-14,201,3789.0,True
122IAG,16113772,2026-08-14,202,3783.0,True
122IAG,16113772,2026-08-14,203,3782.0,True
122IAG,16113772,2026-08-14,204,3783.0,True
122IAG,16113772,2026-08-14,205,3777.0,True
122IAG,16113772,2026-08-14,206,3776.0,True
122IAG,16113772,2026-08-14,207,3774.0,True
122IAG,16113772,2026-08-14,208,3772.0,True
122IAG,16113772,2026-08-14,209,3772.0,True
122IAG,16113772,2026-08-14,210,3768.0,True
122IAG,16113772,2026-08-14,567,4833.5,True
122IAG,16113772,2026-08-14,568,3860.5,True
122IAG,16113772,2026-08-14,569,3952.9,True
122IAG,16113772,2026-08-14,570,4097.0,True
122IAG,16113772,2026-08-14,571,5939.0,True
122IAG,16113772,2026-08-14,572,7072.2,True
122IAG,16113772,2026-08-14,573,5099.6,True
122IAG,16113772,2026-08-14,574,7924.4,True
122IAG,16113772,2026-08-14,575,3768.0,True
122IAG,16113772,2026-08-14,576,4025.9,True
122IAG,16113772,2026-08-14,577,6479.9,True
122IAG,16113772,2026-08-14,578,6905.0,True
122IAG,16113772,2026-08-14,579,7660.6,True
122IAG,16113772,2026-08-14,580,4016.3,True
122IAG,16113772,2026-08-14,581,5684.5,True
122IAG,16113772,2026-08-14,582,7030.0,True
122IAG,16113772,2026-08-14,583,7037.4,True
122IAG,16113772,2026-08-14,584,8034.8,True
122IAG,16113772,2026-08-14,585,6414.8,True
122IAG,16113772,2026-08-14,586,5928.8,True
122IAG,16113772,2026-08-14,587,5757.6,True
122IAG,16113772,2026-08-14,588,5722.0,True
122IAG,16113772,2026-08-14,589,6165.6,True
122IAG,16113772,2026-08-14,590,7282.4,True
122IAG,16113772,2026-08-14,591,7761.8,True
122IAG,16113772,2026-08-14,592,6224.8,True
122IAG,16113772,2026-08-14,593,5757.9,True
122IAG,16113772,2026-08-14,594,7682.6,True
122IAG,16113772,2026-08-14,595,3740.6,True
122IAG,16113772,2026-08-14,596,3712.0,True
122IAG,16113772,2026-08-14,597,3815.3,True
122IAG,16113772,2026-08-14,598,9461.5,True
122IAG,16113772,2026-08-14,599,6739.5,True
122IAG,16113772,2026-08-14,600,4987.9,True
122IAG,16113772,2026-08-14,601,5193.8,True
122IAG,16113772,2026-08-14,602,5770.9,True
122IAG,16113772,2026-08-14,603,6214.0,True
122IAG,16113772,2026-08-14,604,6149.3,True
122IAG,16113772,2026-08-14,605,7370.2,True
122IAG,16113772,2026-08-14,606,5585.6,True
122IAG,16113772,2026-08-14,607,6848.6,True
122IAG,16113772,2026-08-14,608,5907.9,True
122IAG,16113772,2026-08-14,609,5944.8,True
122IAG,16113772,2026-08-14,610,6472.6,True
122IAG,16113772,2026-08-14,611,5420.5,True
122IAG,16113772,2026-08-14,612,7632.3,True
122IAG,16113772,2026-08-14,613,3791.0,True
122IAG,16113772,2026-08-14,614,3809.0,True
122IAG,16113772,2026-08-14,615,3866.2,True
122IAG,16113772,2026-08-14,616,4686.5,True
122IAG,16113772,2026-08-14,617,8038.0,True
122IAG,16113772,2026-08-14,618,8579.6,True
122IAG,16113772,2026-08-14,619,5494.1,True
122IAG,16113772,2026-08-14,620,5771.8,True
122IAG,16113772,2026-08-14,621,5687.5,True
122IAG,16113772,2026-08-14,622,3646.0,True
122IAG,16113772,2026-08-14,623,3649.0,True
122IAG,16113772,2026-08-14,624,4811.4,True
122IAG,16113772,2026-08-14,625,6456.1,True
122IAG,16113772,2026-08-14,626,5603.2,True
122IAG,16113772,2026-08-14,627,5558.9,True
122IAG,16113772,2026-08-14,628,6016.7,True
122IAG,16113772,2026-08-14,629,3754.0,True
122IAG,16113772,2026-08-14,630,4201.2,True
122IAG,16113772,2026-08-14,631,6435.8,True
122IAG,16113772,2026-08-14,632,7417.0,True
122IAG,16113772,2026-08-14,633,6734.7,True
122IAG,16113772,2026-08-14,634,5900.5,True
122IAG,16113772,2026-08-14,635,7116.9,True
122IAG,16113772,2026-08-14,636,6119.7,True
122IAG,16113772,2026-08-14,637,5492.7,True
122IAG,16113772,2026-08-14,638,6953.5,True
122IAG,16113772,2026-08-14,639,7006.0,True
122IAG,16113772,2026-08-14,640,3511.3,True
122IAG,16113772,2026-08-14,641,5994.0,True
122IAG,16113772,2026-08-14,642,5171.1,True
122IAG,16113772,2026-08-14,643,6211.5,True
122IAG,16113772,2026-08-14,644,7427.4,True
122IAG,16113772,2026-08-14,645,6748.4,True
122IAG,16113772,2026-08-14,646,4163.0,True
122IAG,16113772,2026-08-14,647,3838.0,True
122IAG,16113772,2026-08-14,648,3996.6,True
122IAG,16113772,2026-08-14,649,7270.3,True
122IAG,16113772,2026-08-14,650,6691.5,True
122IAG,16113772,2026-08-14,651,5994.1,True
122IAG,16113772,2026-08-14,652,6636.1,True
122IAG,16113772,2026-08-14,653,6816.0,True
122IAG,16113772,2026-08-14,654,4976.1,True
122IAG,16113772,2026-08-14,655,5334.7,True
122IAG,16113772,2026-08-14,656,7667.6,True
122IAG,16113772,2026-08-14,657,6430.0,True
122IAG,16113772,2026-08-14,658,3778.0,True
122IAG,16113772,2026-08-14,659,3778.0,True
122IAG,16113772,2026-08-14,660,4212.0,True
122IAG,16113772,2026-08-14,661,6674.5,True
122IAG,16113772,2026-08-14,662,7099.0,True
122IAG,16113772,2026-08-14,663,7345.8,True
122IAG,16113772,2026-08-14,664,5765.1,True
122IAG,16113772,2026-08-14,665,5684.7,True
122IAG,16113772,2026-08-14,666,5333.4,True
122IAG,16113772,2026-08-14,667,3709.0,True
122IAG,16113772,2026-08-14,668,6076.8,True
122IAG,16113772,2026-08-14,669,6223.2,True
122IAG,16113772,2026-08-14,670,3759.6,True
122IAG,16113772,2026-08-14,671,5437.3,True
122IAG,16113772,2026-08-14,672,9352.4,True
122IAG,16113772,2026-08-14,673,5101.9,True
122IAG,16113772,2026-08-14,674,6313.5,True
122IAG,16113772,2026-08-14,675,6652.7,True
122IAG,16113772,2026-08-14,676,7511.2,True
122IAG,16113772,2026-08-14,677,3925.2,True
122IAG,16113772,2026-08-14,678,3734.0,True
122IAG,16113772,2026-08-14,679,8151.5,True
122IAG,16113772,2026-08-14,680,6490.5,True
122IAG,16113772,2026-08-14,681,6264.5,True
122IAG,16113772,2026-08-14,682,7606.7,True
122IAG,16113772,2026-08-14,683,5226.7,True
122IAG,16113772,2026-08-14,684,5990.2,True
122IAG,16113772,2026-08-14,685,5622.9,True
122IAG,16113772,2026-08-14,686,6302.9,True
122IAG,16113772,2026-08-14,687,4263.7,True
122IAG,16113772,2026-08-14,688,7550.8,True
122IAG,16113772,2026-08-14,689,3880.7,True
122IAG,16113772,2026-08-14,690,3792.0,True
122IAG,16113772,2026-08-14,691,3962.4,True
122IAG,16113772,2026-08-14,692,3942.1,True
122IAG,16113772,2026-08-14,693,4520.5,True
122IAG,16113772,2026-08-14,694,3792.0,True
122IAG,16113772,2026-08-14,695,4063.4,True
122IAG,16113772,2026-08-14,696,7529.5,True
122IAG,16113772,2026-08-14,697,6915.2,True
122IAG,16113772,2026-08-14,698,8091.7,True
122IAG,16113772,2026-08-14,699,5582.7,True
122IAG,16113772,2026-08-14,700,5589.3,True
122IAG,16113772,2026-08-14,701,6169.8,True
122IAG,16113772,2026-08-14,702,6679.2,True
122IAG,16113772,2026-08-14,703,8578.1,True
122IAG,16113772,2026-08-14,704,4888.2,True
122IAG,16113772,2026-08-14,705,3814.4,True
122IAG,16113772,2026-08-14,706,6838.4,True
122IAG,16113772,2026-08-14,707,6095.9,True
122IAG,16113772,2026-08-14,708,4850.6,True
122IAG,16113772,2026-08-14,709,6431.2,True
122IAG,16113772,2026-08-14,710,3741.8,True
122IAG,16113772,2026-08-14,711,3728.0,True
122IAG,16113772,2026-08-14,712,3735.0,True
122IAG,16113772,2026-08-14,713,3735.0,True
122IAG,16113772,2026-08-14,714,3739.0,True
122IAG,16113772,2026-08-14,715,7565.8,True
122IAG,16113772,2026-08-14,716,7060.1,True
122IAG,16113772,2026-08-14,717,6566.1,True
122IAG,16113772,2026-08-14,718,7687.3,True
122IAG,16113772,2026-08-14,719,10040.1,True
122IAG,16113772,2026-08-14,720,7431.5,True
122IAG,16113772,2026-08-14,721,6467.8,True
122IAG,16113772,2026-08-14,722,6131.7,True
122IAG,16113772,2026-08-14,723,6143.6,True
122IAG,16113772,2026-08-14,724,6094.2,True
122IAG,16113772,2026-08-14,725,9222.8,True
122IAG,16113772,2026-08-14,726,8040.1,True
122IAG,16113772,2026-08-14,727,6138.9,True
122IAG,16113772,2026-08-14,728,5426.7,True
122IAG,16113772,2026-08-14,729,5457.5,True
122IAG,16113772,2026-08-14,730,5160.6,True
122IAG,16113772,2026-08-14,731,7297.1,True
122IAG,16113772,2026-08-14,732,3752.0,True
122IAG,16113772,2026-08-14,733,3758.0,True
122IAG,16113772,2026-08-14,734,3991.8,True
122IAG,16113772,2026-08-14,735,4941.9,True
122IAG,16113772,2026-08-14,963,8561.7,True
122IAG,16113772,2026-08-14,964,3974.9,True
122IAG,16113772,2026-08-14,965,3717.0,True
122IAG,16113772,2026-08-14,966,7660.1,True
122IAG,16113772,2026-08-14,967,5484.3,True
122IAG,16113772,2026-08-14,968,6964.5,True
122IAG,16113772,2026-08-14,969,3779.5,True
122IAG,16113772,2026-08-14,970,3771.0,True
122IAG,16113772,2026-08-14,971,3774.0,True
122IAG,16113772,2026-08-14,972,7757.2,True
122IAG,16113772,2026-08-14,973,4193.2,True
122IAG,16113772,2026-08-14,987,6242.9,True
122IAG,16113772,2026-08-14,988,6125.2,True
122IAG,16113772,2026-08-14,989,5721.5,True
122IAG,16113772,2026-08-14,990,8025.8,True
122IAG,16113772,2026-08-14,991,8699.4,True
122IAG,16113772,2026-08-14,992,5788.2,True
122IAG,16113772,2026-08-14,993,6493.2,True
122IAG,16113772,2026-08-14,994,4822.3,True
122IAG,16113772,2026-08-14,995,5508.1,True
122IAG,16113772,2026-08-14,996,7433.0,True
122IAG,16113772,2026-08-14,997,7071.3,True
122IAG,16113772,2026-08-14,998,6523.4,True
122IAG,16113772,2026-08-14,999,6650.2,True
122IAG,16113772,2026-08-14,1000,7872.3,True
122IAG,16113772,2026-08-14,1001,5542.4,True
122IAG,16113772,2026-08-14,1002,5455.7,True
122IAG,16113772,2026-08-14,1003,3790.0,True
122IAG,16113772,2026-08-14,1004,5607.4,True
122IAG,16113772,2026-08-14,1005,7165.1,True
122IAG,16113772,2026-08-14,1006,5552.7,True
122IAG,16113772,2026-08-14,1007,6499.7,True
122IAG,16113772,2026-08-14,1008,5892.4,True
122IAG,16113772,2026-08-14,1009,6512.4,True
122IAG,16113772,2026-08-14,1010,6826.0,True
122IAG,16113772,2026-08-14,1011,8453.8,True
122IAG,16113772,2026-08-14,1012,4426.4,True
122IAG,16113772,2026-08-14,1013,3816.8,True
122IAG,16113772,2026-08-14,1014,3814.0,True
122IAG,16113772,2026-08-14,1015,3816.0,True
122IAG,16113772,2026-08-14,1016,3819.0,True
122IAG,16113772,2026-08-14,1017,3821.0,True
122IAG,16113772,2026-08-14,1018,3822.0,True
122IAG,16113772,2026-08-14,1019,3825.0,True
122IAG,16113772,2026-08-14,1020,3827.0,True
122IAG,16113772,2026-08-14,1021,3821.0,True
122IAG,16113772,2026-08-14,1022,3824.0,True
122IAG,16113772,2026-08-14,1023,3828.0,True
122IAG,16113772,2026-08-14,1024,3846.3,True
122IAG,16113772,2026-08-14,1025,3823.0,True
122IAG,16113772,2026-08-14,1026,3822.0,True
122IAG,16113772,2026-08-14,1027,3824.0,True
122IAG,16113772,2026-08-14,1028,3821.0,True
122IAG,16113772,2026-08-14,1040,4770.2,True
122IAG,16113772,2026-08-14,1041,3775.0,True
122IAG,16113772,2026-08-14,1042,3773.0,True
122IAG,16113772,2026-08-14,1043,3778.0,True
122IAG,16113772,2026-08-14,1044,3796.3,True
122IAG,16113772,2026-08-14,1045,3767.0,True
122IAG,16113772,2026-08-14,1046,3763.0,True
122IAG,16113772,2026-08-14,1047,3761.0,True
122IAG,16113772,2026-08-14,1048,3763.0,True
122IAG,16113772,2026-08-14,1049,3763.0,True
122IAG,16113772,2026-08-14,1050,3760.0,True
122IAG,16113772,2026-08-14,1051,3761.0,True
122IAG,16113772,2026-08-14,1052,3758.0,True
122IAG,16113772,2026-08-14,1053,3757.0,True
122IAG,16113772,2026-08-14,1054,3757.0,True
122IAG,16113772,2026-08-14,1055,3757.0,True
122IAG,16113772,2026-08-14,1056,3751.0,True
122IAG,16113772,2026-08-15,0,5002.7,True
122IAG,16113772,2026-08-15,1,3823.0,True
122IAG,16113772,2026-08-15,2,3820.0,True
122IAG,16113772,2026-08-15,3,3814.0,True
122IAG,16113772,2026-08-15,4,3814.0,True
122IAG,16113772,2026-08-15,5,3811.0,True
122IAG,16113772,2026-08-15,6,3808.0,True
122IAG,16113772,2026-08-15,7,3809.0,True
122IAG,16113772,2026-08-15,8,3805.0,True
122IAG,16113772,2026-08-15,9,3802.0,True
122IAG,16113772,2026-08-15,10,3808.0,True
122IAG,16113772,2026-08-15,11,3806.0,True
122IAG,16113772,2026-08-15,12,3804.0,True
122IAG,16113772,2026-08-15,13,3801.0,True
122IAG,16113772,2026-08-15,14,3803.0,True
122IAG,16113772,2026-08-15,15,3796.0,True
122IAG,16113772,2026-08-15,182,5394.2,True
122IAG,16113772,2026-08-15,183,4587.6,True
122IAG,16113772,2026-08-15,184,3889.0,True
122IAG,16113772,2026-08-15,185,3890.0,True
122IAG,16113772,2026-08-15,186,3883.0,True
122IAG,16113772,2026-08-15,187,3886.0,True
122IAG,16113772,2026-08-15,188,3882.0,True
122IAG,16113772,2026-08-15,189,3878.0,True
122IAG,16113772,2026-08-15,190,3885.0,True
122IAG,16113772,2026-08-15,191,3870.0,True
122IAG,16113772,2026-08-15,192,3872.0,True
122IAG,16113772,2026-08-15,193,3871.0,True
122IAG,16113772,2026-08-15,194,3865.0,True
122IAG,16113772,2026-08-15,195,3864.0,True
122IAG,16113772,2026-08-15,196,3864.0,True
122IAG,16113772,2026-08-15,197,3939.1,True
122IAG,16113772,2026-08-15,198,3856.0,True
122IAG,16113772,2026-08-15,199,4030.8,True
122IAG,16113772,2026-08-15,200,3854.0,True
122IAG,16113772,2026-08-15,201,3853.0,True
122IAG,16113772,2026-08-15,202,3850.0,True
122IAG,16113772,2026-08-15,203,3853.0,True
122IAG,16113772,2026-08-15,229,4854.6,True
122IAG,16113772,2026-08-15,230,3799.0,True
122IAG,16113772,2026-08-15,231,3788.0,True
122IAG,16113772,2026-08-15,232,3782.0,True
122IAG,16113772,2026-08-15,233,3775.0,True
122IAG,16113772,2026-08-15,234,3769.0,True
122IAG,16113772,2026-08-15,235,3769.0,True
122IAG,16113772,2026-08-15,236,3762.0,True
122IAG,16113772,2026-08-15,237,3757.0,True
122IAG,16113772,2026-08-15,238,3752.0,True
122IAG,16113772,2026-08-15,239,3746.0,True
122IAG,16113772,2026-08-15,240,3743.0,True
122IAG,16113772,2026-08-15,241,3745.0,True
122IAG,16113772,2026-08-15,242,3740.0,True
122IAG,16113772,2026-08-15,243,3731.0,True
122IAG,16113772,2026-08-15,530,4801.6,True
122IAG,16113772,2026-08-15,531,4100.2,True
122IAG,16113772,2026-08-15,532,7991.8,True
122IAG,16113772,2026-08-15,533,8648.1,True
122IAG,16113772,2026-08-15,534,6130.3,True
122IAG,16113772,2026-08-15,535,5762.8,True
122IAG,16113772,2026-08-15,536,6911.3,True
122IAG,16113772,2026-08-15,537,5368.7,True
122IAG,16113772,2026-08-15,538,7798.4,True
122IAG,16113772,2026-08-15,539,6023.5,True
122IAG,16113772,2026-08-15,540,5771.3,True
122IAG,16113772,2026-08-15,541,5040.3,True
122IAG,16113772,2026-08-15,542,7570.7,True
122IAG,16113772,2026-08-15,543,4987.7,True
122IAG,16113772,2026-08-15,544,6493.9,True
122IAG,16113772,2026-08-15,545,6469.5,True
122IAG,16113772,2026-08-15,546,5002.7,True
122IAG,16113772,2026-08-15,547,5651.3,True
122IAG,16113772,2026-08-15,548,6331.9,True
122IAG,16113772,2026-08-15,549,5463.3,True
122IAG,16113772,2026-08-15,550,6197.5,True
122IAG,16113772,2026-08-15,551,8300.5,True
122IAG,16113772,2026-08-15,552,6581.3,True
122IAG,16113772,2026-08-15,553,3751.0,True
122IAG,16113772,2026-08-15,554,3645.0,True
122IAG,16113772,2026-08-15,555,3703.7,True
122IAG,16113772,2026-08-15,556,6880.6,True
122IAG,16113772,2026-08-15,557,8007.6,True
122IAG,16113772,2026-08-15,558,3625.0,True
122IAG,16113772,2026-08-15,559,3638.0,True
122IAG,16113772,2026-08-15,560,6474.6,True
122IAG,16113772,2026-08-15,561,7313.3,True
122IAG,16113772,2026-08-15,562,5597.2,True
122IAG,16113772,2026-08-15,563,6108.7,True
122IAG,16113772,2026-08-15,564,5705.7,True
122IAG,16113772,2026-08-15,565,6145.6,True
122IAG,16113772,2026-08-15,566,3748.9,True
122IAG,16113772,2026-08-15,567,6871.8,True
122IAG,16113772,2026-08-15,568,7234.7,True
122IAG,16113772,2026-08-15,569,5474.6,True
122IAG,16113772,2026-08-15,570,4317.6,True
122IAG,16113772,2026-08-15,571,5988.7,True
122IAG,16113772,2026-08-15,572,5696.7,True
122IAG,16113772,2026-08-15,573,5766.7,True
122IAG,16113772,2026-08-15,574,5271.0,True
122IAG,16113772,2026-08-15,575,3750.0,True
122IAG,16113772,2026-08-15,576,3755.0,True
122IAG,16113772,2026-08-15,577,6194.2,True
122IAG,16113772,2026-08-15,578,5931.1,True
122IAG,16113772,2026-08-15,579,7337.7,True
122IAG,16113772,2026-08-15,580,6642.1,True
122IAG,16113772,2026-08-15,581,3671.3,True
122IAG,16113772,2026-08-15,582,5851.0,True
122IAG,16113772,2026-08-15,583,7209.1,True
122IAG,16113772,2026-08-15,584,7538.8,True
122IAG,16113772,2026-08-15,585,3653.0,True
122IAG,16113772,2026-08-15,586,3954.2,True
122IAG,16113772,2026-08-15,587,7110.9,True
122IAG,16113772,2026-08-15,588,5297.3,True
122IAG,16113772,2026-08-15,589,5101.9,True
122IAG,16113772,2026-08-15,590,5635.5,True
122IAG,16113772,2026-08-15,591,4383.5,True
122IAG,16113772,2026-08-15,592,6400.0,True
122IAG,16113772,2026-08-15,593,8093.8,True
122IAG,16113772,2026-08-15,594,6810.2,True
122IAG,16113772,2026-08-15,595,7153.0,True
122IAG,16113772,2026-08-15,596,5875.2,True
122IAG,16113772,2026-08-15,597,7584.6,True
122IAG,16113772,2026-08-15,598,4175.9,True
122IAG,16113772,2026-08-15,599,6863.7,True
122IAG,16113772,2026-08-15,600,7161.9,True
122IAG,16113772,2026-08-15,601,7291.9,True
122IAG,16113772,2026-08-15,602,4331.5,True
122IAG,16113772,2026-08-15,603,5768.3,True
122IAG,16113772,2026-08-15,604,5286.7,True
122IAG,16113772,2026-08-15,605,6055.9,True
122IAG,16113772,2026-08-15,606,6399.0,True
122IAG,16113772,2026-08-15,607,6126.9,True
122IAG,16113772,2026-08-15,608,5858.7,True
122IAG,16113772,2026-08-15,609,6554.3,True
122IAG,16113772,2026-08-15,610,5652.5,True
122IAG,16113772,2026-08-15,611,5326.9,True
122IAG,16113772,2026-08-15,612,5974.6,True
122IAG,16113772,2026-08-15,613,3729.0,True
122IAG,16113772,2026-08-15,614,4906.9,True
122IAG,16113772,2026-08-15,615,6828.1,True
122IAG,16113772,2026-08-15,616,7440.6,True
122IAG,16113772,2026-08-15,617,6589.7,True
122IAG,16113772,2026-08-15,618,8685.5,True
122IAG,16113772,2026-08-15,619,5941.4,True
122IAG,16113772,2026-08-15,620,3841.0,True
122IAG,16113772,2026-08-15,621,6387.8,True
122IAG,16113772,2026-08-15,622,5805.5,True
122IAG,16113772,2026-08-15,623,6842.1,True
122IAG,16113772,2026-08-15,624,7468.1,True
122IAG,16113772,2026-08-15,625,10553.0,True
122IAG,16113772,2026-08-15,626,3776.2,True
122IAG,16113772,2026-08-15,627,3752.0,True
122IAG,16113772,2026-08-15,628,3766.6,True
122IAG,16113772,2026-08-15,629,6200.6,True
122IAG,16113772,2026-08-15,630,6522.2,True
122IAG,16113772,2026-08-15,631,3724.0,True
122IAG,16113772,2026-08-15,632,3940.0,True
122IAG,16113772,2026-08-15,633,6326.4,True
122IAG,16113772,2026-08-15,634,7330.5,True
122IAG,16113772,2026-08-15,635,7727.9,True
122IAG,16113772,2026-08-15,636,3745.0,True
122IAG,16113772,2026-08-15,637,4164.5,True
122IAG,16113772,2026-08-15,638,7003.0,True
122IAG,16113772,2026-08-15,639,6144.5,True
122IAG,16113772,2026-08-15,640,5104.7,True
122IAG,16113772,2026-08-15,641,3647.0,True
122IAG,16113772,2026-08-15,642,3650.0,True
122IAG,16113772,2026-08-15,643,3693.1,True
122IAG,16113772,2026-08-15,644,5277.1,True
122IAG,16113772,2026-08-15,645,5277.8,True
122IAG,16113772,2026-08-15,646,6154.4,True
122IAG,16113772,2026-08-15,647,4271.5,True
122IAG,16113772,2026-08-15,648,3770.0,True
122IAG,16113772,2026-08-15,649,5015.7,True
122IAG,16113772,2026-08-15,650,6673.0,True
122IAG,16113772,2026-08-15,651,5830.0,True
122IAG,16113772,2026-08-15,652,6562.1,True
122IAG,16113772,2026-08-15,653,6697.5,True
122IAG,16113772,2026-08-15,654,6229.7,True
122IAG,16113772,2026-08-15,655,3703.0,True
122IAG,16113772,2026-08-15,656,3710.0,True
122IAG,16113772,2026-08-15,657,5753.7,True
122IAG,16113772,2026-08-15,658,4686.6,True
122IAG,16113772,2026-08-15,659,5796.0,True
122IAG,16113772,2026-08-15,660,4247.7,True
122IAG,16113772,2026-08-15,661,6530.2,True
122IAG,16113772,2026-08-15,662,6524.2,True
122IAG,16113772,2026-08-15,663,6407.7,True
122IAG,16113772,2026-08-15,664,6460.6,True
122IAG,16113772,2026-08-15,665,3711.0,True
122IAG,16113772,2026-08-15,666,3716.0,True
122IAG,16113772,2026-08-15,667,9258.3,True
122IAG,16113772,2026-08-15,668,6893.1,True
122IAG,16113772,2026-08-15,669,8621.5,True
122IAG,16113772,2026-08-15,670,5680.3,True
122IAG,16113772,2026-08-15,671,6705.4,True
122IAG,16113772,2026-08-15,672,5799.6,True
122IAG,16113772,2026-08-15,673,6121.9,True
122IAG,16113772,2026-08-15,674,4502.5,True
122IAG,16113772,2026-08-15,938,5976.8,True
122IAG,16113772,2026-08-15,939,6737.1,True
122IAG,16113772,2026-08-15,940,7100.7,True
122IAG,16113772,2026-08-15,941,5978.2,True
122IAG,16113772,2026-08-15,942,3747.0,True
122IAG,16113772,2026-08-15,943,3750.0,True
122IAG,16113772,2026-08-15,944,8201.9,True
122IAG,16113772,2026-08-15,945,3775.7,True
122IAG,16113772,2026-08-15,946,3903.5,True
122IAG,16113772,2026-08-15,947,7212.8,True
122IAG,16113772,2026-08-15,948,6388.8,True
122IAG,16113772,2026-08-15,949,6140.9,True
122IAG,16113772,2026-08-15,950,3828.4,True
122IAG,16113772,2026-08-15,951,3745.0,True
122IAG,16113772,2026-08-15,952,6014.5,True
122IAG,16113772,2026-08-15,953,7059.5,True
122IAG,16113772,2026-08-15,954,5639.9,True
122IAG,16113772,2026-08-15,955,5568.9,True
122IAG,16113772,2026-08-15,956,5728.5,True
122IAG,16113772,2026-08-15,957,3803.0,True
122IAG,16113772,2026-08-15,958,6538.9,True
122IAG,16113772,2026-08-15,959,6327.8,True
122IAG,16113772,2026-08-15,960,7049.7,True
122IAG,16113772,2026-08-15,961,6969.1,True
122IAG,16113772,2026-08-15,962,5934.2,True
122IAG,16113772,2026-08-15,963,7329.2,True
122IAG,16113772,2026-08-15,964,3833.2,True
122IAG,16113772,2026-08-15,965,3773.0,True
122IAG,16113772,2026-08-15,966,7921.5,True
122IAG,16113772,2026-08-15,967,8177.5,True
122IAG,16113772,2026-08-15,968,5580.2,True
122IAG,16113772,2026-08-15,969,7112.8,True
122IAG,16113772,2026-08-15,970,5810.2,True
122IAG,16113772,2026-08-15,971,5541.2,True
122IAG,16113772,2026-08-15,972,7018.5,True
122IAG,16113772,2026-08-15,973,3835.3,True
122IAG,16113772,2026-08-15,974,3807.0,True
122IAG,16113772,2026-08-15,975,3815.0,True
122IAG,16113772,2026-08-15,976,3814.0,True
122IAG,16113772,2026-08-15,977,3814.0,True
122IAG,16113772,2026-08-15,978,3817.0,True
122IAG,16113772,2026-08-15,979,3819.0,True
122IAG,16113772,2026-08-15,980,3821.0,True
122IAG,16113772,2026-08-15,981,3824.0,True
122IAG,16113772,2026-08-15,982,3824.0,True
122IAG,16113772,2026-08-15,983,3822.0,True
122IAG,16113772,2026-08-15,984,3824.0,True
122IAG,16113772,2026-08-15,985,3827.0,True
122IAG,16113772,2026-08-15,986,3823.0,True
122IAG,16113772,2026-08-15,987,3824.0,True
122IAG,16113772,2026-08-15,988,3826.0,True
122IAG,16113772,2026-08-15,989,3824.0,True
122IAG,16113772,2026-08-15,990,3826.0,True
122IAG,16113772,2026-08-15,991,3826.0,True
122IAG,16113772,2026-08-15,992,3822.0,True
122IAG,16113772,2026-08-15,1004,5041.5,True
122IAG,16113772,2026-08-15,1005,6108.5,True
122IAG,16113772,2026-08-15,1006,3752.0,True
122IAG,16113772,2026-08-15,1007,4859.2,True
122IAG,16113772,2026-08-15,1008,3744.0,True
122IAG,16113772,2026-08-15,1009,3743.0,True
122IAG,16113772,2026-08-15,1010,3740.0,True
122IAG,16113772,2026-08-15,1011,3744.0,True
122IAG,16113772,2026-08-15,1012,3741.0,True
122IAG,16113772,2026-08-15,1013,3740.0,True
122IAG,16113772,2026-08-15,1014,3746.0,True
122IAG,16113772,2026-08-15,1015,3748.0,True
122IAG,16113772,2026-08-15,1016,3737.0,True
122IAG,16113772,2026-08-15,1017,3738.0,True
122IAG,16113772,2026-08-15,1018,3736.0,True
122IAG,16113772,2026-08-15,1019,3735.0,True
122IAG,16113772,2026-08-15,1020,3737.0,True
122IAG,16113772,2026-08-15,1021,3736.0,True
122IAG,16113772,2026-08-15,1022,3735.0,True
122IAG,16113772,2026-08-15,1023,3726.0,True
122IAG,16113772,2026-08-15,1024,3725.0,True
122IAG,16113772,2026-08-15,1025,3723.0,True
122IAG,16113772,2026-08-15,1026,3725.0,True
122IAG,16113772,2026-08-15,1027,3726.0,True
122IAG,16113772,2026-08-15,1028,3729.0,True
122IAG,16113772,2026-08-15,1029,3730.0,True
122IAG,16113772,2026-08-15,1030,3723.0,True
122IAG,16113772,2026-08-17,0,4354.4,True
122IAG,16113772,2026-08-17,1,3813.0,True
122IAG,16113772,2026-08-17,2,3811.0,True
122IAG,16113772,2026-08-17,3,3807.0,True
122IAG,16113772,2026-08-17,4,3806.0,True
122IAG,16113772,2026-08-17,5,3803.0,True
122IAG,16113772,2026-08-17,6,3804.0,True
122IAG,16113772,2026-08-17,7,3799.0,True
122IAG,16113772,2026-08-17,8,3796.0,True
122IAG,16113772,2026-08-17,9,3798.0,True
122IAG,16113772,2026-08-17,10,3798.0,True
122IAG,16113772,2026-08-17,11,3792.0,True
122IAG,16113772,2026-08-17,12,3795.0,True
122IAG,16113772,2026-08-17,13,3793.0,True
122IAG,16113772,2026-08-17,14,3789.0,True
122IAG,16113772,2026-08-17,15,3791.0,True
122IAG,16113772,2026-08-17,16,3791.0,True
122IAG,16113772,2026-08-17,17,3791.0,True
122IAG,16113772,2026-08-17,18,3787.0,True
122IAG,16113772,2026-08-17,19,3790.0,True
122IAG,16113772,2026-08-17,20,3786.0,True
122IAG,16113772,2026-08-17,21,3786.0,True
122IAG,16113772,2026-08-17,210,5042.7,True
122IAG,16113772,2026-08-17,211,3909.0,True
122IAG,16113772,2026-08-17,212,3900.0,True
122IAG,16113772,2026-08-17,213,3897.0,True
122IAG,16113772,2026-08-17,214,3899.0,True
122IAG,16113772,2026-08-17,215,3892.0,True
122IAG,16113772,2026-08-17,216,3894.0,True
122IAG,16113772,2026-08-17,217,3895.0,True
122IAG,16113772,2026-08-17,218,3890.0,True
122IAG,16113772,2026-08-17,219,3889.0,True
122IAG,16113772,2026-08-17,220,3886.0,True
122IAG,16113772,2026-08-17,221,3886.0,True
122IAG,16113772,2026-08-17,222,3886.0,True
122IAG,16113772,2026-08-17,223,3885.0,True
122IAG,16113772,2026-08-17,224,3883.0,True
122IAG,16113772,2026-08-17,225,3880.0,True
122IAG,16113772,2026-08-17,226,3879.0,True
122IAG,16113772,2026-08-17,227,3878.0,True
122IAG,16113772,2026-08-17,228,3874.0,True
122IAG,16113772,2026-08-17,229,7254.7,True
122IAG,16113772,2026-08-17,230,3819.0,True
122IAG,16113772,2026-08-17,231,3817.0,True
122IAG,16113772,2026-08-17,232,3814.0,True
122IAG,16113772,2026-08-17,233,3813.0,True
122IAG,16113772,2026-08-17,234,3816.0,True
122IAG,16113772,2026-08-17,235,3810.0,True
122IAG,16113772,2026-08-17,236,3813.0,True
122IAG,16113772,2026-08-17,237,3815.0,True
122IAG,16113772,2026-08-17,238,3809.0,True
122IAG,16113772,2026-08-17,239,3808.0,True
122IAG,16113772,2026-08-17,240,3805.0,True
122IAG,16113772,2026-08-17,241,3805.0,True
122IAG,16113772,2026-08-17,242,3807.0,True
122IAG,16113772,2026-08-17,243,3806.0,True
122IAG,16113772,2026-08-17,244,3801.0,True
122IAG,16113772,2026-08-17,245,3810.0,True
122IAG,16113772,2026-08-17,246,3810.0,True
122IAG,16113772,2026-08-17,247,3799.0,True
122IAG,16113772,2026-08-17,248,3801.0,True
122IAG,16113772,2026-08-17,249,3803.0,True
122IAG,16113772,2026-08-17,250,3799.0,True
122IAG,16113772,2026-08-17,659,4936.9,True
122IAG,16113772,2026-08-17,660,3868.0,True
122IAG,16113772,2026-08-17,661,3935.3,True
122IAG,16113772,2026-08-17,695,4709.0,True
122IAG,16113772,2026-08-17,696,7763.0,True
122IAG,16113772,2026-08-17,697,7269.6,True
122IAG,16113772,2026-08-17,698,8324.8,True
122IAG,16113772,2026-08-17,699,3769.8,True
122IAG,16113772,2026-08-17,700,3759.0,True
122IAG,16113772,2026-08-17,701,4719.4,True
122IAG,16113772,2026-08-17,702,3928.0,True
122IAG,16113772,2026-08-17,703,6382.1,True
122IAG,16113772,2026-08-17,704,6860.0,True
122IAG,16113772,2026-08-17,705,6459.9,True
122IAG,16113772,2026-08-17,706,6032.3,True
122IAG,16113772,2026-08-17,707,5375.2,True
122IAG,16113772,2026-08-17,708,6418.6,True
122IAG,16113772,2026-08-17,709,4797.4,True
122IAG,16113772,2026-08-17,710,3740.0,True
122IAG,16113772,2026-08-17,711,4762.3,True
122IAG,16113772,2026-08-17,712,8804.2,True
122IAG,16113772,2026-08-17,713,8106.5,True
122IAG,16113772,2026-08-17,714,3802.0,True
122IAG,16113772,2026-08-17,715,4784.7,True
122IAG,16113772,2026-08-17,716,6745.6,True
122IAG,16113772,2026-08-17,717,6421.5,True
122IAG,16113772,2026-08-17,718,7873.4,True
122IAG,16113772,2026-08-17,719,6103.4,True
122IAG,16113772,2026-08-17,720,3730.4,True
122IAG,16113772,2026-08-17,721,9479.1,True
122IAG,16113772,2026-08-17,722,6888.6,True
122IAG,16113772,2026-08-17,723,6822.4,True
122IAG,16113772,2026-08-17,724,6316.3,True
122IAG,16113772,2026-08-17,725,8017.7,True
122IAG,16113772,2026-08-17,726,6398.7,True
122IAG,16113772,2026-08-17,727,9232.4,True
122IAG,16113772,2026-08-17,728,3743.0,True
122IAG,16113772,2026-08-17,729,4052.7,True
122IAG,16113772,2026-08-17,730,7352.9,True
122IAG,16113772,2026-08-17,731,6927.3,True
122IAG,16113772,2026-08-17,732,3812.0,True
122IAG,16113772,2026-08-17,733,3823.0,True
122IAG,16113772,2026-08-17,734,4061.4,True
122IAG,16113772,2026-08-17,735,7130.0,True
119IAG,16116688,2026-08-21,0,4186.3,True
119IAG,16116688,2026-08-21,1,2878.0,False
119IAG,16116688,2026-08-21,2,2875.0,False
119IAG,16116688,2026-08-21,3,2872.0,False
119IAG,16116688,2026-08-21,4,2869.0,False
119IAG,16116688,2026-08-21,5,2870.0,False
119IAG,16116688,2026-08-21,6,2868.0,False
119IAG,16116688,2026-08-21,7,2869.0,False
119IAG,16116688,2026-08-21,8,2865.1,False
119IAG,16116688,2026-08-21,9,2866.0,False
119IAG,16116688,2026-08-21,10,2863.0,False
119IAG,16116688,2026-08-21,11,2868.0,False
119IAG,16116688,2026-08-21,12,2867.0,False
119IAG,16116688,2026-08-21,13,2862.0,False
119IAG,16116688,2026-08-21,14,2862.0,False
119IAG,16116688,2026-08-21,15,2860.0,False
119IAG,16116688,2026-08-21,180,4614.8,True
119IAG,16116688,2026-08-21,181,3763.9,True
119IAG,16116688,2026-08-21,182,2909.9,True
119IAG,16116688,2026-08-21,183,2892.9,False
119IAG,16116688,2026-08-21,184,4005.0,True
119IAG,16116688,2026-08-21,185,4845.2,True
119IAG,16116688,2026-08-21,186,4436.9,True
119IAG,16116688,2026-08-21,187,4956.2,True
119IAG,16116688,2026-08-21,188,6390.6,True
119IAG,16116688,2026-08-21,189,5426.9,True
119IAG,16116688,2026-08-21,504,5284.4,True
119IAG,16116688,2026-08-21,505,8180.4,True
119IAG,16116688,2026-08-21,506,6906.9,True
119IAG,16116688,2026-08-21,507,6723.6,True
119IAG,16116688,2026-08-21,508,6685.6,True
119IAG,16116688,2026-08-21,509,2835.0,False
119IAG,16116688,2026-08-21,510,2833.0,False
119IAG,16116688,2026-08-21,511,6967.4,True
119IAG,16116688,2026-08-21,512,7449.4,True
119IAG,16116688,2026-08-21,513,6892.7,True
119IAG,16116688,2026-08-21,514,7589.2,True
119IAG,16116688,2026-08-21,515,2917.2,True
119IAG,16116688,2026-08-21,516,4749.1,True
119IAG,16116688,2026-08-21,517,6204.4,True
119IAG,16116688,2026-08-21,518,7302.7,True
119IAG,16116688,2026-08-21,519,2768.9,False
119IAG,16116688,2026-08-21,520,2740.0,False
119IAG,16116688,2026-08-21,521,7515.5,True
119IAG,16116688,2026-08-21,522,6156.5,True
119IAG,16116688,2026-08-21,523,5706.4,True
119IAG,16116688,2026-08-21,524,5565.4,True
119IAG,16116688,2026-08-21,525,3987.2,True
119IAG,16116688,2026-08-21,526,8210.0,True
119IAG,16116688,2026-08-21,527,6194.6,True
119IAG,16116688,2026-08-21,528,7647.4,True
119IAG,16116688,2026-08-21,529,6338.8,True
119IAG,16116688,2026-08-21,530,6787.3,True
119IAG,16116688,2026-08-22,0,4461.2,True
119IAG,16116688,2026-08-22,1,2902.0,True
119IAG,16116688,2026-08-22,2,2900.0,True
119IAG,16116688,2026-08-22,3,2902.0,True
119IAG,16116688,2026-08-22,4,2893.0,False
119IAG,16116688,2026-08-22,5,2898.0,False
119IAG,16116688,2026-08-22,6,2892.0,False
119IAG,16116688,2026-08-22,7,2888.0,False
119IAG,16116688,2026-08-22,8,2891.0,False
119IAG,16116688,2026-08-22,9,2888.0,False
119IAG,16116688,2026-08-22,10,2888.0,False
119IAG,16116688,2026-08-22,11,2887.0,False
119IAG,16116688,2026-08-22,12,2886.0,False
119IAG,16116688,2026-08-22,13,2882.0,False
119IAG,16116688,2026-08-22,14,2885.0,False
119IAG,16116688,2026-08-22,15,2886.0,False
119IAG,16116688,2026-08-22,167,4602.2,True
119IAG,16116688,2026-08-22,168,2912.0,True
119IAG,16116688,2026-08-22,169,2908.0,True
119IAG,16116688,2026-08-22,170,2922.4,True
119IAG,16116688,2026-08-22,171,2904.0,True
119IAG,16116688,2026-08-22,172,3048.3,True
119IAG,16116688,2026-08-22,173,3231.2,True
119IAG,16116688,2026-08-22,174,2894.0,False
119IAG,16116688,2026-08-22,175,2897.0,False
119IAG,16116688,2026-08-22,176,6136.0,True
119IAG,16116688,2026-08-22,177,5344.3,True
119IAG,16116688,2026-08-22,178,6846.2,True
119IAG,16116688,2026-08-22,179,7815.3,True
119IAG,16116688,2026-08-22,180,7209.4,True
119IAG,16116688,2026-08-22,181,7425.4,True
119IAG,16116688,2026-08-22,182,4995.7,True
119IAG,16116688,2026-08-22,183,7987.8,True
119IAG,16116688,2026-08-22,184,8480.8,True
119IAG,16116688,2026-08-22,185,7786.8,True
119IAG,16116688,2026-08-22,186,7860.1,True
119IAG,16116688,2026-08-22,187,6868.5,True
119IAG,16116688,2026-08-22,188,7522.6,True
119IAG,16116688,2026-08-22,189,7238.7,True
119IAG,16116688,2026-08-22,190,6270.3,True
119IAG,16116688,2026-08-22,191,5456.8,True
119IAG,16116688,2026-08-22,192,6774.3,True
119IAG,16116688,2026-08-22,193,4801.6,True
119IAG,16116688,2026-08-22,194,5648.1,True
119IAG,16116688,2026-08-22,195,6195.6,True
119IAG,16116688,2026-08-22,196,5695.0,True
119IAG,16116688,2026-08-22,197,2918.0,True
119IAG,16116688,2026-08-22,198,2981.2,True
119IAG,16116688,2026-08-22,199,5617.7,True
119IAG,16116688,2026-08-22,200,8520.6,True
119IAG,16116688,2026-08-22,201,5279.3,True
119IAG,16116688,2026-08-22,202,5418.1,True
119IAG,16116688,2026-08-22,203,7626.0,True
119IAG,16116688,2026-08-22,204,6014.7,True
119IAG,16116688,2026-08-22,205,4175.6,True
119IAG,16116688,2026-08-22,206,7624.5,True
119IAG,16116688,2026-08-22,207,5842.9,True
119IAG,16116688,2026-08-22,208,4940.7,True
119IAG,16116688,2026-08-22,209,5834.4,True
119IAG,16116688,2026-08-22,210,4763.6,True
119IAG,16116688,2026-08-22,211,7837.0,True
119IAG,16116688,2026-08-22,212,6020.4,True
119IAG,16116688,2026-08-22,213,7814.4,True
119IAG,16116688,2026-08-22,214,2942.0,True
119IAG,16116688,2026-08-22,215,2946.0,True
119IAG,16116688,2026-08-22,216,2947.0,True
119IAG,16116688,2026-08-22,217,6529.9,True
119IAG,16116688,2026-08-22,218,5874.5,True
119IAG,16116688,2026-08-22,219,6877.9,True
119IAG,16116688,2026-08-22,220,5883.7,True
119IAG,16116688,2026-08-22,221,5395.1,True
119IAG,16116688,2026-08-22,222,5594.1,True
119IAG,16116688,2026-08-22,223,5227.7,True
119IAG,16116688,2026-08-22,224,2919.0,True
119IAG,16116688,2026-08-22,225,2923.1,True
119IAG,16116688,2026-08-22,226,9447.4,True
119IAG,16116688,2026-08-22,227,4670.9,True
119IAG,16116688,2026-08-22,228,4505.4,True
119IAG,16116688,2026-08-22,229,5710.2,True
119IAG,16116688,2026-08-22,230,6118.3,True
119IAG,16116688,2026-08-22,231,4617.9,True
119IAG,16116688,2026-08-22,232,2918.0,True
119IAG,16116688,2026-08-22,233,2966.3,True
119IAG,16116688,2026-08-22,234,6595.0,True
119IAG,16116688,2026-08-22,235,8238.1,True
119IAG,16116688,2026-08-22,236,4801.1,True
119IAG,16116688,2026-08-22,237,2927.0,True
119IAG,16116688,2026-08-22,238,2928.0,True
119IAG,16116688,2026-08-22,239,2925.0,True
119IAG,16116688,2026-08-22,240,2934.0,True
119IAG,16116688,2026-08-22,241,2928.0,True
119IAG,16116688,2026-08-22,242,2932.0,True
119IAG,16116688,2026-08-22,243,2927.0,True
119IAG,16116688,2026-08-22,244,2927.0,True
119IAG,16116688,2026-08-22,245,3267.9,True
119IAG,16116688,2026-08-22,246,5883.2,True
119IAG,16116688,2026-08-22,247,5591.7,True
119IAG,16116688,2026-08-22,248,4936.6,True
119IAG,16116688,2026-08-22,249,6704.2,True
119IAG,16116688,2026-08-22,250,7734.2,True
119IAG,16116688,2026-08-22,251,5024.9,True
119IAG,16116688,2026-08-22,252,7574.4,True
119IAG,16116688,2026-08-22,253,3322.6,True
119IAG,16116688,2026-08-22,254,2934.0,True
119IAG,16116688,2026-08-22,255,2939.0,True
119IAG,16116688,2026-08-22,256,3297.3,True
119IAG,16116688,2026-08-22,257,4848.0,True
119IAG,16116688,2026-08-22,258,6354.6,True
119IAG,16116688,2026-08-22,259,7018.3,True
119IAG,16116688,2026-08-22,260,4877.6,True
119IAG,16116688,2026-08-22,261,4630.1,True
119IAG,16116688,2026-08-22,262,5847.1,True
119IAG,16116688,2026-08-22,263,4244.2,True
119IAG,16116688,2026-08-22,264,2851.0,False
119IAG,16116688,2026-08-22,265,2854.0,False
119IAG,16116688,2026-08-22,266,2855.0,False
119IAG,16116688,2026-08-22,267,2851.0,False
119IAG,16116688,2026-08-22,268,4135.7,True
119IAG,16116688,2026-08-22,269,5631.3,True
119IAG,16116688,2026-08-22,270,3588.5,True
119IAG,16116688,2026-08-22,271,2824.0,False
119IAG,16116688,2026-08-22,272,2823.0,False
119IAG,16116688,2026-08-22,273,2875.0,False
119IAG,16116688,2026-08-22,274,6627.5,True
119IAG,16116688,2026-08-22,275,5830.1,True
119IAG,16116688,2026-08-22,276,2964.4,True
119IAG,16116688,2026-08-22,277,2951.0,True
119IAG,16116688,2026-08-22,278,5296.8,True
119IAG,16116688,2026-08-22,279,5608.9,True
119IAG,16116688,2026-08-22,280,9129.4,True
119IAG,16116688,2026-08-22,281,5917.5,True
119IAG,16116688,2026-08-22,282,6546.7,True
119IAG,16116688,2026-08-22,283,5545.0,True
119IAG,16116688,2026-08-22,284,3110.9,True
119IAG,16116688,2026-08-22,285,2929.0,True
119IAG,16116688,2026-08-22,286,2936.0,True
119IAG,16116688,2026-08-22,287,3366.5,True
119IAG,16116688,2026-08-22,288,8271.4,True
119IAG,16116688,2026-08-22,289,7209.9,True
119IAG,16116688,2026-08-22,290,6025.0,True
119IAG,16116688,2026-08-22,291,5466.2,True
119IAG,16116688,2026-08-22,292,7011.3,True
119IAG,16116688,2026-08-22,293,5534.8,True
119IAG,16116688,2026-08-22,294,2862.5,False
119IAG,16116688,2026-08-22,295,2823.1,False
119IAG,16116688,2026-08-22,296,7775.9,True
119IAG,16116688,2026-08-22,297,5921.9,True
119IAG,16116688,2026-08-22,298,6159.5,True
119IAG,16116688,2026-08-22,299,5951.2,True
119IAG,16116688,2026-08-22,300,6918.1,True
119IAG,16116688,2026-08-22,301,9678.1,True
119IAG,16116688,2026-08-22,302,5607.3,True
119IAG,16116688,2026-08-22,303,4226.7,True
119IAG,16116688,2026-08-22,304,2846.0,False
119IAG,16116688,2026-08-22,305,2849.4,False
119IAG,16116688,2026-08-22,306,7478.8,True
119IAG,16116688,2026-08-22,307,7713.0,True
119IAG,16116688,2026-08-22,308,6057.1,True
119IAG,16116688,2026-08-22,309,8040.9,True
119IAG,16116688,2026-08-22,310,6622.5,True
119IAG,16116688,2026-08-22,311,2944.0,True
119IAG,16116688,2026-08-22,312,2944.0,True
119IAG,16116688,2026-08-22,313,2944.0,True
119IAG,16116688,2026-08-22,314,2947.1,True
119IAG,16116688,2026-08-22,315,3621.3,True
119IAG,16116688,2026-08-22,316,5685.2,True
119IAG,16116688,2026-08-22,317,4353.9,True
119IAG,16116688,2026-08-22,318,7378.2,True
119IAG,16116688,2026-08-22,319,6726.7,True
119IAG,16116688,2026-08-22,320,6567.4,True
119IAG,16116688,2026-08-22,321,7391.2,True
119IAG,16116688,2026-08-22,322,7096.6,True
119IAG,16116688,2026-08-22,323,5432.9,True
119IAG,16116688,2026-08-22,324,2864.0,False
119IAG,16116688,2026-08-22,325,2868.0,False
119IAG,16116688,2026-08-22,326,3432.6,True
119IAG,16116688,2026-08-22,327,5012.9,True
119IAG,16116688,2026-08-22,328,5831.9,True
119IAG,16116688,2026-08-22,329,4397.9,True
119IAG,16116688,2026-08-22,330,6745.3,True
119IAG,16116688,2026-08-22,331,6347.2,True
119IAG,16116688,2026-08-22,332,5982.2,True
119IAG,16116688,2026-08-22,333,8243.0,True
119IAG,16116688,2026-08-22,334,2805.1,False
119IAG,16116688,2026-08-22,335,2807.0,False
119IAG,16116688,2026-08-22,336,3190.8,True
119IAG,16116688,2026-08-22,337,7814.0,True
119IAG,16116688,2026-08-22,338,7058.8,True
119IAG,16116688,2026-08-22,339,3031.8,True
119IAG,16116688,2026-08-22,340,2830.0,False
119IAG,16116688,2026-08-22,341,2830.0,False
119IAG,16116688,2026-08-22,342,2884.0,False
119IAG,16116688,2026-08-22,343,6079.1,True
119IAG,16116688,2026-08-22,344,5658.1,True
119IAG,16116688,2026-08-22,345,9020.4,True
119IAG,16116688,2026-08-22,346,6536.9,True
119IAG,16116688,2026-08-22,347,7409.1,True
119IAG,16116688,2026-08-22,348,5698.8,True
119IAG,16116688,2026-08-22,349,7103.2,True
119IAG,16116688,2026-08-22,350,7967.5,True
119IAG,16116688,2026-08-22,351,7413.5,True
119IAG,16116688,2026-08-22,352,5435.5,True
119IAG,16116688,2026-08-22,353,4315.3,True
119IAG,16116688,2026-08-22,354,7536.1,True
119IAG,16116688,2026-08-22,355,2974.2,True
119IAG,16116688,2026-08-22,356,2919.0,True
119IAG,16116688,2026-08-22,357,3392.7,True
119IAG,16116688,2026-08-22,358,5191.5,True
119IAG,16116688,2026-08-22,359,5289.7,True
119IAG,16116688,2026-08-22,360,4832.2,True
119IAG,16116688,2026-08-22,361,5036.8,True
119IAG,16116688,2026-08-22,362,6428.4,True
119IAG,16116688,2026-08-22,363,6108.1,True
119IAG,16116688,2026-08-22,364,2900.1,True
119IAG,16116688,2026-08-22,365,2978.9,True
119IAG,16116688,2026-08-22,366,7583.8,True
119IAG,16116688,2026-08-22,367,7083.4,True
119IAG,16116688,2026-08-22,368,6128.2,True
119IAG,16116688,2026-08-22,369,4908.1,True
119IAG,16116688,2026-08-22,370,6888.3,True
119IAG,16116688,2026-08-22,371,2942.0,True
119IAG,16116688,2026-08-22,372,2758.0,False
119IAG,16116688,2026-08-22,373,2759.0,False
119IAG,16116688,2026-08-22,374,8058.5,True
119IAG,16116688,2026-08-22,375,7847.2,True
119IAG,16116688,2026-08-22,376,5233.1,True
119IAG,16116688,2026-08-22,377,6515.1,True
119IAG,16116688,2026-08-22,378,5811.2,True
119IAG,16116688,2026-08-22,379,5290.3,True
119IAG,16116688,2026-08-22,380,4014.8,True
119IAG,16116688,2026-08-22,381,2794.0,False
119IAG,16116688,2026-08-22,382,4969.2,True
119IAG,16116688,2026-08-22,383,6590.6,True
119IAG,16116688,2026-08-22,384,5940.6,True
119IAG,16116688,2026-08-22,385,4123.7,True
119IAG,16116688,2026-08-22,386,5721.6,True
119IAG,16116688,2026-08-22,387,7909.8,True
119IAG,16116688,2026-08-22,388,2999.6,True
119IAG,16116688,2026-08-22,389,3053.5,True
119IAG,16116688,2026-08-22,390,3510.2,True
119IAG,16116688,2026-08-22,391,6455.0,True
119IAG,16116688,2026-08-22,392,5780.5,True
119IAG,16116688,2026-08-22,393,5224.9,True
119IAG,16116688,2026-08-22,394,6221.7,True
119IAG,16116688,2026-08-22,395,5142.0,True
119IAG,16116688,2026-08-22,396,2942.4,True
119IAG,16116688,2026-08-22,397,3349.1,True
119IAG,16116688,2026-08-22,398,6055.9,True
119IAG,16116688,2026-08-22,399,8786.3,True
119IAG,16116688,2026-08-22,400,6765.9,True
119IAG,16116688,2026-08-22,401,4776.9,True
119IAG,16116688,2026-08-22,402,2861.0,False
119IAG,16116688,2026-08-22,403,2861.0,False
119IAG,16116688,2026-08-22,404,4191.2,True
119IAG,16116688,2026-08-22,405,5363.1,True
119IAG,16116688,2026-08-22,406,5314.7,True
119IAG,16116688,2026-08-22,407,6763.8,True
119IAG,16116688,2026-08-22,408,5643.3,True
119IAG,16116688,2026-08-22,409,5110.8,True
119IAG,16116688,2026-08-22,410,8684.6,True
119IAG,16116688,2026-08-22,411,7788.6,True
119IAG,16116688,2026-08-22,412,6254.9,True
119IAG,16116688,2026-08-22,413,4674.9,True
119IAG,16116688,2026-08-22,414,3034.6,True
119IAG,16116688,2026-08-22,415,2839.0,False
119IAG,16116688,2026-08-22,416,2898.2,False
119IAG,16116688,2026-08-22,417,7792.5,True
119IAG,16116688,2026-08-22,418,5640.1,True
119IAG,16116688,2026-08-22,419,2943.0,True
119IAG,16116688,2026-08-22,420,2942.1,True
119IAG,16116688,2026-08-22,421,6145.9,True
119IAG,16116688,2026-08-22,422,7364.6,True
119IAG,16116688,2026-08-22,423,6730.8,True
119IAG,16116688,2026-08-22,424,2969.0,True
119IAG,16116688,2026-08-22,425,2975.1,True
119IAG,16116688,2026-08-22,426,4997.4,True
119IAG,16116688,2026-08-22,427,5157.3,True
119IAG,16116688,2026-08-22,428,7346.0,True
119IAG,16116688,2026-08-22,429,2888.0,False
119IAG,16116688,2026-08-22,430,2890.0,False
119IAG,16116688,2026-08-22,431,2926.6,True
119IAG,16116688,2026-08-22,432,7151.8,True
119IAG,16116688,2026-08-22,433,5687.0,True
119IAG,16116688,2026-08-22,434,6917.9,True
119IAG,16116688,2026-08-22,435,5846.4,True
119IAG,16116688,2026-08-22,436,6181.4,True
119IAG,16116688,2026-08-22,437,5294.2,True
119IAG,16116688,2026-08-22,438,4627.4,True
119IAG,16116688,2026-08-22,439,3111.2,True
119IAG,16116688,2026-08-22,440,2933.0,True
119IAG,16116688,2026-08-22,441,2933.0,True
119IAG,16116688,2026-08-22,442,3504.1,True
119IAG,16116688,2026-08-22,443,5715.1,True
119IAG,16116688,2026-08-22,444,5853.5,True
119IAG,16116688,2026-08-22,445,2860.0,False
119IAG,16116688,2026-08-22,446,2856.1,False
119IAG,16116688,2026-08-22,447,2856.0,False
119IAG,16116688,2026-08-22,448,6092.0,True
119IAG,16116688,2026-08-22,449,7108.6,True
119IAG,16116688,2026-08-22,450,7097.2,True
119IAG,16116688,2026-08-22,451,2928.1,True
119IAG,16116688,2026-08-22,452,2928.0,True
119IAG,16116688,2026-08-22,453,2930.0,True
119IAG,16116688,2026-08-22,454,2930.0,True
119IAG,16116688,2026-08-22,455,2924.0,True
119IAG,16116688,2026-08-22,456,2927.0,True
119IAG,16116688,2026-08-22,457,2925.0,True
119IAG,16116688,2026-08-22,458,2928.0,True
119IAG,16116688,2026-08-22,459,2929.0,True
119IAG,16116688,2026-08-22,460,2926.0,True
119IAG,16116688,2026-08-22,461,2926.0,True
119IAG,16116688,2026-08-22,462,2928.0,True
119IAG,16116688,2026-08-22,463,2926.0,True
119IAG,16116688,2026-08-22,464,2926.0,True
119IAG,16116688,2026-08-22,465,2930.0,True
119IAG,16116688,2026-08-22,466,2929.0,True
119IAG,16116688,2026-08-22,467,2925.1,True
119IAG,16116688,2026-08-22,492,6002.7,True
119IAG,16116688,2026-08-22,493,5637.6,True
119IAG,16116688,2026-08-22,494,7542.5,True
119IAG,16116688,2026-08-22,495,2807.0,False
119IAG,16116688,2026-08-22,496,4513.4,True
119IAG,16116688,2026-08-22,497,5445.8,True
119IAG,16116688,2026-08-22,498,5517.8,True
119IAG,16116688,2026-08-22,499,5616.5,True
119IAG,16116688,2026-08-22,500,3027.5,True
119IAG,16116688,2026-08-22,501,2963.2,True
119IAG,16116688,2026-08-22,502,2937.0,True
119IAG,16116688,2026-08-22,503,3365.4,True
119IAG,16116688,2026-08-22,504,3388.5,True
119IAG,16116688,2026-08-22,505,5694.1,True
119IAG,16116688,2026-08-22,506,4243.1,True
119IAG,16116688,2026-08-22,507,5205.1,True
119IAG,16116688,2026-08-22,508,5154.2,True
119IAG,16116688,2026-08-22,509,5945.9,True
119IAG,16116688,2026-08-22,510,5518.7,True
119IAG,16116688,2026-08-22,511,5484.2,True
119IAG,16116688,2026-08-22,512,2858.3,False
119IAG,16116688,2026-08-22,513,2806.0,False
119IAG,16116688,2026-08-22,514,2831.0,False
119IAG,16116688,2026-08-22,515,5713.6,True
119IAG,16116688,2026-08-22,516,4599.1,True
119IAG,16116688,2026-08-22,517,4164.1,True
119IAG,16116688,2026-08-22,518,5095.5,True
119IAG,16116688,2026-08-22,519,4845.2,True
119IAG,16116688,2026-08-22,520,2890.1,False
119IAG,16116688,2026-08-22,521,2872.0,False
119IAG,16116688,2026-08-22,522,2873.0,False
119IAG,16116688,2026-08-22,523,2876.0,False
119IAG,16116688,2026-08-22,524,3326.8,True
119IAG,16116688,2026-08-22,525,3442.8,True
119IAG,16116688,2026-08-22,526,6710.6,True
119IAG,16116688,2026-08-22,527,5513.9,True
119IAG,16116688,2026-08-22,528,8761.9,True
119IAG,16116688,2026-08-22,529,5762.4,True
119IAG,16116688,2026-08-22,530,2989.8,True
119IAG,16116688,2026-08-22,531,5011.3,True
119IAG,16116688,2026-08-22,532,6492.6,True
119IAG,16116688,2026-08-22,533,2972.4,True
119IAG,16116688,2026-08-22,534,5258.2,True
119IAG,16116688,2026-08-22,535,5551.6,True
119IAG,16116688,2026-08-22,536,6483.6,True
119IAG,16116688,2026-08-22,537,7030.2,True
119IAG,16116688,2026-08-22,538,5616.0,True
119IAG,16116688,2026-08-22,539,2875.8,False
119IAG,16116688,2026-08-22,540,7144.5,True
119IAG,16116688,2026-08-22,541,4106.1,True
119IAG,16116688,2026-08-22,542,4510.9,True
119IAG,16116688,2026-08-22,543,5986.1,True
119IAG,16116688,2026-08-22,544,3191.4,True
119IAG,16116688,2026-08-22,545,5242.7,True
119IAG,16116688,2026-08-22,546,6113.0,True
119IAG,16116688,2026-08-22,547,3739.8,True
119IAG,16116688,2026-08-22,548,2863.0,False
119IAG,16116688,2026-08-22,549,2870.0,False
119IAG,16116688,2026-08-22,550,2866.0,False
119IAG,16116688,2026-08-22,551,4865.2,True
119IAG,16116688,2026-08-22,552,9670.7,True
119IAG,16116688,2026-08-22,553,4560.8,True
119IAG,16116688,2026-08-22,554,5173.2,True
119IAG,16116688,2026-08-22,555,7905.1,True
119IAG,16116688,2026-08-22,556,2862.9,False
119IAG,16116688,2026-08-22,557,2806.0,False
119IAG,16116688,2026-08-22,558,2851.3,False
119IAG,16116688,2026-08-22,559,7439.3,True
119IAG,16116688,2026-08-22,560,4657.0,True
119IAG,16116688,2026-08-22,561,7092.1,True
119IAG,16116688,2026-08-22,562,6147.1,True
119IAG,16116688,2026-08-22,563,5681.0,True
119IAG,16116688,2026-08-22,564,5461.6,True
119IAG,16116688,2026-08-22,565,2953.5,True
119IAG,16116688,2026-08-22,566,2939.0,True
119IAG,16116688,2026-08-22,567,2941.0,True
119IAG,16116688,2026-08-22,568,3664.7,True
119IAG,16116688,2026-08-22,569,6967.7,True
119IAG,16116688,2026-08-22,570,5957.3,True
119IAG,16116688,2026-08-22,571,5043.9,True
119IAG,16116688,2026-08-22,572,5928.7,True
119IAG,16116688,2026-08-22,573,6163.6,True
119IAG,16116688,2026-08-22,574,6087.5,True
119IAG,16116688,2026-08-22,575,6720.5,True
119IAG,16116688,2026-08-22,576,2984.3,True
119IAG,16116688,2026-08-22,577,2832.0,False
119IAG,16116688,2026-08-22,578,2837.0,False
119IAG,16116688,2026-08-22,579,3215.3,True
119IAG,16116688,2026-08-22,580,10156.7,True
119IAG,16116688,2026-08-22,581,5742.6,True
119IAG,16116688,2026-08-22,582,7646.3,True
119IAG,16116688,2026-08-22,583,4697.0,True
119IAG,16116688,2026-08-22,584,8916.8,True
119IAG,16116688,2026-08-22,585,7116.1,True
119IAG,16116688,2026-08-22,586,4266.8,True
119IAG,16116688,2026-08-22,587,5997.2,True
119IAG,16116688,2026-08-22,588,2891.0,False
119IAG,16116688,2026-08-22,589,2884.0,False
119IAG,16116688,2026-08-22,590,3103.8,True
119IAG,16116688,2026-08-22,591,5540.3,True
119IAG,16116688,2026-08-22,592,5103.1,True
119IAG,16116688,2026-08-22,593,4813.1,True
119IAG,16116688,2026-08-22,594,5434.7,True
119IAG,16116688,2026-08-22,595,2744.0,False
119IAG,16116688,2026-08-22,596,2743.0,False
119IAG,16116688,2026-08-22,597,2844.9,False
119IAG,16116688,2026-08-22,598,8406.2,True
119IAG,16116688,2026-08-22,599,6825.5,True
119IAG,16116688,2026-08-22,600,5591.1,True
119IAG,16116688,2026-08-22,601,2830.0,False
119IAG,16116688,2026-08-22,602,2831.0,False
119IAG,16116688,2026-08-22,603,2831.0,False
119IAG,16116688,2026-08-22,604,7185.8,True
119IAG,16116688,2026-08-22,605,5024.5,True
119IAG,16116688,2026-08-22,606,5299.7,True
119IAG,16116688,2026-08-22,607,6126.2,True
119IAG,16116688,2026-08-22,608,5209.1,True
119IAG,16116688,2026-08-22,609,3027.2,True
119IAG,16116688,2026-08-22,610,6053.6,True
119IAG,16116688,2026-08-22,611,5482.3,True
119IAG,16116688,2026-08-22,612,5531.3,True
119IAG,16116688,2026-08-22,613,6066.7,True
119IAG,16116688,2026-08-22,614,4928.3,True
119IAG,16116688,2026-08-22,615,2875.0,False
119IAG,16116688,2026-08-22,616,2873.0,False
119IAG,16116688,2026-08-22,617,4258.0,True
119IAG,16116688,2026-08-22,618,6153.1,True
119IAG,16116688,2026-08-22,619,5645.8,True
119IAG,16116688,2026-08-22,620,7206.7,True
119IAG,16116688,2026-08-22,621,7785.5,True
119IAG,16116688,2026-08-22,622,5625.2,True
119IAG,16116688,2026-08-22,623,4604.0,True
119IAG,16116688,2026-08-22,624,3042.0,True
119IAG,16116688,2026-08-22,625,8806.1,True
119IAG,16116688,2026-08-22,626,5085.6,True
119IAG,16116688,2026-08-22,627,4925.4,True
119IAG,16116688,2026-08-22,628,6975.5,True
119IAG,16116688,2026-08-22,629,2974.4,True
119IAG,16116688,2026-08-22,630,3449.2,True
119IAG,16116688,2026-08-22,631,5859.3,True
119IAG,16116688,2026-08-22,632,5236.8,True
119IAG,16116688,2026-08-22,633,6700.7,True
119IAG,16116688,2026-08-22,634,8146.1,True
119IAG,16116688,2026-08-22,635,8176.6,True
119IAG,16116688,2026-08-22,636,6369.2,True
119IAG,16116688,2026-08-22,637,5732.9,True
119IAG,16116688,2026-08-22,638,6221.8,True
119IAG,16116688,2026-08-22,639,5337.7,True
119IAG,16116688,2026-08-22,640,2844.0,False
119IAG,16116688,2026-08-22,641,2884.2,False
119IAG,16116688,2026-08-22,642,7687.3,True
119IAG,16116688,2026-08-22,643,9053.4,True
119IAG,16116688,2026-08-22,644,5339.7,True
119IAG,16116688,2026-08-22,645,8653.2,True
119IAG,16116688,2026-08-22,646,6970.3,True
119IAG,16116688,2026-08-22,647,8507.2,True
119IAG,16116688,2026-08-22,648,7893.8,True
119IAG,16116688,2026-08-22,649,7195.6,True
119IAG,16116688,2026-08-22,650,4910.2,True
119IAG,16116688,2026-08-22,651,2911.0,True
119IAG,16116688,2026-08-22,652,2910.0,True
119IAG,16116688,2026-08-22,653,7474.4,True
119IAG,16116688,2026-08-22,654,6113.0,True
119IAG,16116688,2026-08-22,655,4985.6,True
119IAG,16116688,2026-08-22,656,5727.5,True
119IAG,16116688,2026-08-22,657,5358.1,True
119IAG,16116688,2026-08-22,658,4357.9,True
119IAG,16116688,2026-08-22,659,6886.8,True
119IAG,16116688,2026-08-22,660,2940.5,True
119IAG,16116688,2026-08-22,661,4640.8,True
119IAG,16116688,2026-08-22,662,5425.1,True
119IAG,16116688,2026-08-22,663,6200.0,True
119IAG,16116688,2026-08-22,664,4959.8,True
119IAG,16116688,2026-08-22,665,5299.3,True
119IAG,16116688,2026-08-22,666,4561.3,True
119IAG,16116688,2026-08-22,667,5532.1,True
119IAG,16116688,2026-08-22,668,4951.5,True
119IAG,16116688,2026-08-22,669,5851.4,True
119IAG,16116688,2026-08-22,670,6027.2,True
119IAG,16116688,2026-08-22,671,6696.6,True
119IAG,16116688,2026-08-22,672,2821.0,False
119IAG,16116688,2026-08-22,673,2823.0,False
119IAG,16116688,2026-08-22,674,2942.6,True
119IAG,16116688,2026-08-22,675,7861.5,True
119IAG,16116688,2026-08-22,676,5900.3,True
119IAG,16116688,2026-08-22,677,4761.5,True
119IAG,16116688,2026-08-22,678,2792.0,False
119IAG,16116688,2026-08-22,679,2790.0,False
119IAG,16116688,2026-08-22,680,2789.0,False
119IAG,16116688,2026-08-22,681,3325.8,True
119IAG,16116688,2026-08-22,682,5623.8,True
119IAG,16116688,2026-08-22,683,6475.8,True
119IAG,16116688,2026-08-22,684,5978.1,True
119IAG,16116688,2026-08-22,685,4942.6,True
119IAG,16116688,2026-08-22,686,6124.8,True
119IAG,16116688,2026-08-22,687,5357.1,True
119IAG,16116688,2026-08-22,688,5531.7,True
119IAG,16116688,2026-08-22,689,3105.5,True
119IAG,16116688,2026-08-22,690,2872.0,False
119IAG,16116688,2026-08-22,691,2871.0,False
119IAG,16116688,2026-08-22,692,2871.1,False
119IAG,16116688,2026-08-22,693,2868.0,False
119IAG,16116688,2026-08-22,694,2872.0,False
119IAG,16116688,2026-08-22,695,2871.0,False
119IAG,16116688,2026-08-22,696,2872.1,False
119IAG,16116688,2026-08-22,697,2870.0,False
119IAG,16116688,2026-08-22,698,2870.0,False
119IAG,16116688,2026-08-22,699,2869.0,False
119IAG,16116688,2026-08-22,700,2871.0,False
119IAG,16116688,2026-08-22,701,2872.0,False
119IAG,16116688,2026-08-22,702,2924.8,True
119IAG,16116688,2026-08-22,703,2870.1,False
119IAG,16116688,2026-08-22,704,2873.0,False
119IAG,16116688,2026-08-22,705,2869.1,False
119IAG,16116688,2026-08-22,706,2878.0,False
119IAG,16116688,2026-08-22,707,2872.0,False
119IAG,16116688,2026-08-22,1010,4505.0,True
119IAG,16116688,2026-08-22,1011,4501.5,True
119IAG,16116688,2026-08-22,1012,2917.0,True
119IAG,16116688,2026-08-22,1013,2913.0,True
119IAG,16116688,2026-08-22,1014,2909.0,True
119IAG,16116688,2026-08-22,1015,2911.0,True
119IAG,16116688,2026-08-22,1016,2902.0,True
119IAG,16116688,2026-08-22,1017,2900.0,True
119IAG,16116688,2026-08-22,1018,2899.0,False
119IAG,16116688,2026-08-22,1019,2906.0,True
119IAG,16116688,2026-08-22,1020,2901.0,True
119IAG,16116688,2026-08-22,1021,2902.0,True
119IAG,16116688,2026-08-22,1022,2896.0,False
119IAG,16116688,2026-08-22,1023,2894.0,False
119IAG,16116688,2026-08-22,1024,2894.0,False
119IAG,16116688,2026-08-22,1025,2897.0,False
119IAG,16116688,2026-08-22,1026,2893.0,False
119IAG,16116688,2026-08-24,0,4625.2,True
119IAG,16116688,2026-08-24,1,2899.1,False
119IAG,16116688,2026-08-24,2,2897.0,False
119IAG,16116688,2026-08-24,3,2887.0,False
119IAG,16116688,2026-08-24,4,2885.0,False
119IAG,16116688,2026-08-24,5,2882.0,False
119IAG,16116688,2026-08-24,6,2877.0,False
119IAG,16116688,2026-08-24,7,2878.0,False
119IAG,16116688,2026-08-24,8,2876.0,False
119IAG,16116688,2026-08-24,9,2878.0,False
119IAG,16116688,2026-08-24,10,2874.0,False
119IAG,16116688,2026-08-24,11,2876.0,False
119IAG,16116688,2026-08-24,12,2877.0,False
119IAG,16116688,2026-08-24,13,2877.0,False
119IAG,16116688,2026-08-24,14,2875.0,False
119IAG,16116688,2026-08-24,15,2873.0,False
119IAG,16116688,2026-08-24,541,4582.5,True
119IAG,16116688,2026-08-24,542,2939.9,True
119IAG,16116688,2026-08-24,543,4480.5,True
119IAG,16116688,2026-08-24,544,4082.6,True
119IAG,16116688,2026-08-24,545,7012.7,True
119IAG,16116688,2026-08-24,546,6990.4,True
119IAG,16116688,2026-08-24,547,4332.2,True
119IAG,16116688,2026-08-24,548,5186.4,True
119IAG,16116688,2026-08-24,549,6423.1,True
119IAG,16116688,2026-08-24,550,4384.7,True
119IAG,16116688,2026-08-24,551,6866.6,True
119IAG,16116688,2026-08-24,552,5611.4,True
119IAG,16116688,2026-08-24,553,7058.4,True
119IAG,16116688,2026-08-24,554,6570.5,True
119IAG,16116688,2026-08-24,555,2986.4,True
119IAG,16116688,2026-08-24,556,2933.0,True
119IAG,16116688,2026-08-24,557,2933.0,True
119IAG,16116688,2026-08-24,558,3062.8,True
119IAG,16116688,2026-08-24,559,5028.0,True
119IAG,16116688,2026-08-24,560,4994.8,True
119IAG,16116688,2026-08-24,561,6110.4,True
119IAG,16116688,2026-08-24,562,5633.1,True
119IAG,16116688,2026-08-24,563,3946.4,True
119IAG,16116688,2026-08-24,564,3810.7,True
119IAG,16116688,2026-08-24,565,4255.7,True
119IAG,16116688,2026-08-24,566,3569.2,True
119IAG,16116688,2026-08-24,567,3480.0,True
119IAG,16116688,2026-08-24,568,3943.4,True
119IAG,16116688,2026-08-24,569,4571.7,True
119IAG,16116688,2026-08-24,570,4634.1,True
119IAG,16116688,2026-08-24,571,4491.1,True
119IAG,16116688,2026-08-24,572,4356.4,True
119IAG,16116688,2026-08-24,573,4968.7,True
119IAG,16116688,2026-08-24,574,6130.3,True
119IAG,16116688,2026-08-24,575,6040.4,True
119IAG,16116688,2026-08-24,576,5789.1,True
119IAG,16116688,2026-08-24,577,5556.4,True
119IAG,16116688,2026-08-24,578,5218.6,True
119IAG,16116688,2026-08-24,579,5682.5,True
119IAG,16116688,2026-08-24,580,8780.6,True
119IAG,16116688,2026-08-24,581,3858.8,True
119IAG,16116688,2026-08-24,582,6146.5,True
119IAG,16116688,2026-08-24,583,5109.5,True
119IAG,16116688,2026-08-24,584,4386.8,True
119IAG,16116688,2026-08-24,585,3669.5,True
119IAG,16116688,2026-08-24,586,5356.7,True
119IAG,16116688,2026-08-24,587,4035.2,True
119IAG,16116688,2026-08-24,588,6490.3,True
119IAG,16116688,2026-08-24,589,8040.8,True
119IAG,16116688,2026-08-24,590,6591.1,True
119IAG,16116688,2026-08-24,591,4637.1,True
119IAG,16116688,2026-08-24,592,6190.7,True
119IAG,16116688,2026-08-24,593,6547.0,True
119IAG,16116688,2026-08-24,594,6456.3,True
119IAG,16116688,2026-08-24,595,4131.5,True
119IAG,16116688,2026-08-24,596,3305.9,True
119IAG,16116688,2026-08-24,597,5914.7,True
119IAG,16116688,2026-08-24,598,4024.1,True
119IAG,16116688,2026-08-24,599,2868.0,False
119IAG,16116688,2026-08-24,600,5583.0,True
119IAG,16116688,2026-08-24,601,9173.0,True
119IAG,16116688,2026-08-24,602,8661.3,True
119IAG,16116688,2026-08-24,603,5308.8,True
119IAG,16116688,2026-08-24,604,5446.8,True
119IAG,16116688,2026-08-24,605,7101.5,True
119IAG,16116688,2026-08-24,606,7093.5,True
119IAG,16116688,2026-08-24,607,9220.5,True
119IAG,16116688,2026-08-24,608,8004.3,True
119IAG,16116688,2026-08-24,609,4449.8,True
119IAG,16116688,2026-08-24,610,4634.4,True
119IAG,16116688,2026-08-24,611,3756.3,True
119IAG,16116688,2026-08-24,612,5369.5,True
119IAG,16116688,2026-08-24,613,5332.6,True
119IAG,16116688,2026-08-24,614,3039.9,True
119IAG,16116688,2026-08-24,615,4563.9,True
119IAG,16116688,2026-08-24,616,5595.4,True
119IAG,16116688,2026-08-24,617,5356.7,True
119IAG,16116688,2026-08-24,618,5072.0,True
119IAG,16116688,2026-08-24,619,4851.7,True
119IAG,16116688,2026-08-24,620,3850.7,True
119IAG,16116688,2026-08-24,621,6674.4,True
119IAG,16116688,2026-08-24,622,5660.5,True
119IAG,16116688,2026-08-24,623,5190.6,True
119IAG,16116688,2026-08-24,624,6254.0,True
119IAG,16116688,2026-08-24,625,2975.3,True
119IAG,16116688,2026-08-24,626,4610.9,True
119IAG,16116688,2026-08-24,627,5309.4,True
119IAG,16116688,2026-08-24,628,4814.7,True
119IAG,16116688,2026-08-24,629,4122.0,True
119IAG,16116688,2026-08-24,630,2905.0,True
119IAG,16116688,2026-08-24,631,2963.6,True
119IAG,16116688,2026-08-24,632,7105.0,True
119IAG,16116688,2026-08-24,633,9748.2,True
119IAG,16116688,2026-08-24,634,8088.1,True
119IAG,16116688,2026-08-24,635,5183.0,True
119IAG,16116688,2026-08-24,636,2841.0,False
119IAG,16116688,2026-08-24,637,2847.0,False
119IAG,16116688,2026-08-24,638,4936.1,True
119IAG,16116688,2026-08-24,639,6199.3,True
119IAG,16116688,2026-08-24,640,3720.9,True
119IAG,16116688,2026-08-24,641,6351.2,True
119IAG,16116688,2026-08-24,642,6364.8,True
119IAG,16116688,2026-08-24,643,3977.0,True
119IAG,16116688,2026-08-24,644,2968.0,True
119IAG,16116688,2026-08-24,645,2908.0,True
119IAG,16116688,2026-08-24,646,3747.3,True
119IAG,16116688,2026-08-24,647,4109.3,True
119IAG,16116688,2026-08-24,648,6595.6,True
119IAG,16116688,2026-08-24,649,7294.2,True
119IAG,16116688,2026-08-24,650,5155.0,True
119IAG,16116688,2026-08-24,651,8864.1,True
119IAG,16116688,2026-08-24,652,7401.0,True
119IAG,16116688,2026-08-24,653,7787.0,True
119IAG,16116688,2026-08-24,654,5801.9,True
119IAG,16116688,2026-08-24,655,4236.9,True
119IAG,16116688,2026-08-24,656,6372.3,True
119IAG,16116688,2026-08-24,657,2963.2,True
119IAG,16116688,2026-08-24,658,3319.9,True
119IAG,16116688,2026-08-24,659,3038.7,True
119IAG,16116688,2026-08-24,660,3211.8,True
119IAG,16116688,2026-08-24,661,6094.2,True
119IAG,16116688,2026-08-24,662,7155.8,True
119IAG,16116688,2026-08-24,663,5757.3,True
119IAG,16116688,2026-08-24,664,4799.9,True
119IAG,16116688,2026-08-24,665,4242.5,True
119IAG,16116688,2026-08-24,666,4910.5,True
119IAG,16116688,2026-08-24,667,5245.0,True
119IAG,16116688,2026-08-24,668,5159.9,True
119IAG,16116688,2026-08-24,669,5927.8,True
119IAG,16116688,2026-08-24,670,5231.1,True
119IAG,16116688,2026-08-24,671,4873.5,True
119IAG,16116688,2026-08-24,672,2845.0,False
119IAG,16116688,2026-08-24,673,2842.0,False
119IAG,16116688,2026-08-24,674,3933.0,True
119IAG,16116688,2026-08-24,675,6521.5,True
119IAG,16116688,2026-08-24,676,7893.2,True
119IAG,16116688,2026-08-24,677,6926.2,True
119IAG,16116688,2026-08-24,678,8671.2,True
119IAG,16116688,2026-08-24,679,6716.0,True
119IAG,16116688,2026-08-24,680,7544.8,True
119IAG,16116688,2026-08-24,681,5916.3,True
119IAG,16116688,2026-08-24,682,4257.2,True
119IAG,16116688,2026-08-24,683,6191.3,True
119IAG,16116688,2026-08-24,684,7395.8,True
119IAG,16116688,2026-08-24,685,5416.5,True
119IAG,16116688,2026-08-24,686,7612.8,True
119IAG,16116688,2026-08-24,687,6416.2,True
119IAG,16116688,2026-08-24,688,3928.0,True
119IAG,16116688,2026-08-24,689,4157.9,True
119IAG,16116688,2026-08-24,690,4004.1,True
119IAG,16116688,2026-08-24,691,5170.3,True
119IAG,16116688,2026-08-24,692,5290.8,True
119IAG,16116688,2026-08-24,693,4155.7,True
119IAG,16116688,2026-08-24,694,6205.1,True
119IAG,16116688,2026-08-24,695,2919.4,True
119IAG,16116688,2026-08-24,696,2901.0,True
119IAG,16116688,2026-08-24,697,2902.0,True
119IAG,16116688,2026-08-24,698,3618.8,True
119IAG,16116688,2026-08-24,699,5381.2,True
119IAG,16116688,2026-08-24,700,7553.4,True
119IAG,16116688,2026-08-24,701,5821.9,True
119IAG,16116688,2026-08-24,702,7384.6,True
119IAG,16116688,2026-08-24,703,6326.0,True
119IAG,16116688,2026-08-24,704,6262.3,True
119IAG,16116688,2026-08-24,705,6982.1,True
119IAG,16116688,2026-08-24,706,7886.0,True
119IAG,16116688,2026-08-24,707,2935.2,True
119IAG,16116688,2026-08-24,708,2868.0,False
119IAG,16116688,2026-08-24,709,3078.7,True
119IAG,16116688,2026-08-24,710,5487.7,True
119IAG,16116688,2026-08-24,711,5054.7,True
119IAG,16116688,2026-08-24,712,5599.0,True
119IAG,16116688,2026-08-24,713,7048.2,True
119IAG,16116688,2026-08-24,714,2984.1,True
119IAG,16116688,2026-08-24,715,2951.0,True
119IAG,16116688,2026-08-24,716,8791.1,True
119IAG,16116688,2026-08-24,717,9558.9,True
119IAG,16116688,2026-08-24,718,5921.2,True
119IAG,16116688,2026-08-24,719,8373.4,True
119IAG,16116688,2026-08-24,720,7035.0,True
119IAG,16116688,2026-08-24,721,2923.0,True
119IAG,16116688,2026-08-24,722,2984.8,True
119IAG,16116688,2026-08-24,723,5299.0,True
119IAG,16116688,2026-08-24,724,6066.8,True
119IAG,16116688,2026-08-24,725,7187.4,True
119IAG,16116688,2026-08-24,726,3908.0,True
119IAG,16116688,2026-08-24,727,4947.6,True
119IAG,16116688,2026-08-24,728,5326.0,True
119IAG,16116688,2026-08-24,729,2896.4,False
119IAG,16116688,2026-08-24,730,2852.0,False
119IAG,16116688,2026-08-24,731,3406.2,True
119IAG,16116688,2026-08-24,732,7116.6,True
119IAG,16116688,2026-08-24,733,7391.1,True
119IAG,16116688,2026-08-24,734,7460.6,True
119IAG,16116688,2026-08-24,735,5009.5,True
119IAG,16116688,2026-08-24,736,5340.6,True
119IAG,16116688,2026-08-24,737,6708.7,True
119IAG,16116688,2026-08-24,738,3067.1,True
119IAG,16116688,2026-08-24,739,3375.9,True
119IAG,16116688,2026-08-24,740,6195.1,True
119IAG,16116688,2026-08-24,741,5130.2,True
119IAG,16116688,2026-08-24,742,7719.8,True
119IAG,16116688,2026-08-24,743,6772.3,True
119IAG,16116688,2026-08-24,744,4354.1,True
119IAG,16116688,2026-08-24,745,4658.0,True
119IAG,16116688,2026-08-24,746,7101.2,True
119IAG,16116688,2026-08-24,747,2822.0,False
119IAG,16116688,2026-08-24,748,2822.0,False
119IAG,16116688,2026-08-24,749,7039.0,True
119IAG,16116688,2026-08-24,750,7480.6,True
119IAG,16116688,2026-08-24,751,5138.0,True
119IAG,16116688,2026-08-24,752,6320.5,True
119IAG,16116688,2026-08-24,753,9388.9,True
119IAG,16116688,2026-08-24,754,9584.7,True
119IAG,16116688,2026-08-24,755,8182.6,True
119IAG,16116688,2026-08-24,756,3329.6,True
119IAG,16116688,2026-08-24,757,6733.1,True
119IAG,16116688,2026-08-24,758,5294.2,True
119IAG,16116688,2026-08-24,759,6734.3,True
119IAG,16116688,2026-08-24,760,4956.1,True
119IAG,16116688,2026-08-24,761,7997.4,True
119IAG,16116688,2026-08-24,762,5414.7,True
119IAG,16116688,2026-08-24,763,3525.9,True
119IAG,16116688,2026-08-24,764,2916.0,True
119IAG,16116688,2026-08-24,765,3057.3,True
119IAG,16116688,2026-08-24,766,8367.5,True
119IAG,16116688,2026-08-24,767,6754.2,True
119IAG,16116688,2026-08-24,768,5722.6,True
119IAG,16116688,2026-08-24,769,6529.5,True
119IAG,16116688,2026-08-24,770,6923.3,True
119IAG,16116688,2026-08-24,771,5734.8,True
119IAG,16116688,2026-08-24,772,2904.1,True
119IAG,16116688,2026-08-24,773,2892.0,False
119IAG,16116688,2026-08-24,774,2893.0,False
119IAG,16116688,2026-08-24,775,2893.0,False
119IAG,16116688,2026-08-24,776,5466.6,True
119IAG,16116688,2026-08-24,777,4572.8,True
119IAG,16116688,2026-08-24,778,7112.1,True
119IAG,16116688,2026-08-24,779,4567.6,True
119IAG,16116688,2026-08-24,780,2884.0,False
119IAG,16116688,2026-08-24,781,2884.0,False
119IAG,16116688,2026-08-24,782,2883.0,False
119IAG,16116688,2026-08-24,783,2891.1,False
119IAG,16116688,2026-08-24,784,6459.0,True
119IAG,16116688,2026-08-24,785,8206.0,True
119IAG,16116688,2026-08-24,786,6623.8,True
119IAG,16116688,2026-08-24,787,5286.2,True
119IAG,16116688,2026-08-24,788,5702.5,True
119IAG,16116688,2026-08-24,789,6205.2,True
119IAG,16116688,2026-08-24,790,4381.3,True
119IAG,16116688,2026-08-24,791,2852.0,False
119IAG,16116688,2026-08-24,792,2853.0,False
119IAG,16116688,2026-08-24,793,2849.0,False
119IAG,16116688,2026-08-24,794,3767.6,True
119IAG,16116688,2026-08-24,795,5515.9,True
119IAG,16116688,2026-08-24,796,6147.4,True
119IAG,16116688,2026-08-24,797,4827.5,True
119IAG,16116688,2026-08-24,798,6370.3,True
119IAG,16116688,2026-08-24,799,5438.4,True
119IAG,16116688,2026-08-24,800,4829.1,True
119IAG,16116688,2026-08-24,801,6364.3,True
119IAG,16116688,2026-08-24,802,7860.5,True
119IAG,16116688,2026-08-24,803,2910.0,True
119IAG,16116688,2026-08-24,804,3351.0,True
119IAG,16116688,2026-08-24,805,7398.9,True
119IAG,16116688,2026-08-24,806,6895.5,True
119IAG,16116688,2026-08-24,807,5051.6,True
119IAG,16116688,2026-08-24,808,5614.4,True
119IAG,16116688,2026-08-24,809,5624.2,True
119IAG,16116688,2026-08-24,810,4403.3,True
119IAG,16116688,2026-08-24,811,2932.0,True
119IAG,16116688,2026-08-24,812,2930.0,True
119IAG,16116688,2026-08-24,813,2931.0,True
119IAG,16116688,2026-08-24,814,3011.1,True
119IAG,16116688,2026-08-24,815,6571.6,True
119IAG,16116688,2026-08-24,816,6512.9,True
119IAG,16116688,2026-08-24,817,5134.0,True
119IAG,16116688,2026-08-24,818,5543.1,True
119IAG,16116688,2026-08-24,819,6115.4,True
119IAG,16116688,2026-08-24,820,6815.9,True
119IAG,16116688,2026-08-24,821,6567.5,True
119IAG,16116688,2026-08-24,822,5731.3,True
119IAG,16116688,2026-08-24,823,2879.0,False
119IAG,16116688,2026-08-24,824,6576.7,True
119IAG,16116688,2026-08-24,825,5287.6,True
119IAG,16116688,2026-08-24,826,6198.7,True
119IAG,16116688,2026-08-24,827,6733.2,True
119IAG,16116688,2026-08-24,828,5159.5,True
119IAG,16116688,2026-08-24,829,2891.0,False
119IAG,16116688,2026-08-24,830,2970.7,True
119IAG,16116688,2026-08-24,831,5735.9,True
119IAG,16116688,2026-08-24,832,6728.1,True
119IAG,16116688,2026-08-24,833,5145.8,True
119IAG,16116688,2026-08-24,834,5282.1,True
119IAG,16116688,2026-08-24,835,6564.5,True
119IAG,16116688,2026-08-24,836,4951.6,True
119IAG,16116688,2026-08-24,837,7317.4,True
119IAG,16116688,2026-08-24,838,2961.4,True
119IAG,16116688,2026-08-24,839,2887.0,False
119IAG,16116688,2026-08-24,840,2885.0,False
119IAG,16116688,2026-08-24,841,2884.0,False
119IAG,16116688,2026-08-24,842,2883.0,False
119IAG,16116688,2026-08-24,843,2886.0,False
119IAG,16116688,2026-08-24,844,2887.0,False
119IAG,16116688,2026-08-24,845,2884.0,False
119IAG,16116688,2026-08-24,846,2888.0,False
119IAG,16116688,2026-08-24,847,2886.0,False
119IAG,16116688,2026-08-24,848,2890.0,False
119IAG,16116688,2026-08-24,849,2884.1,False
119IAG,16116688,2026-08-24,850,2889.0,False
119IAG,16116688,2026-08-24,851,2888.0,False
119IAG,16116688,2026-08-24,852,2891.1,False
119IAG,16116688,2026-08-24,853,2891.0,False
119IAG,16116688,2026-08-24,854,2890.0,False
119IAG,16116688,2026-08-24,855,2894.0,False
119IAG,16116688,2026-08-24,856,2892.0,False
119IAG,16116688,2026-08-24,857,2895.0,False
119IAG,16116688,2026-08-24,858,2893.0,False
119IAG,16116688,2026-08-24,859,2898.0,False
119IAG,16116688,2026-08-24,860,2896.0,False
119IAG,16116688,2026-08-24,861,2894.0,False
119IAG,16116688,2026-08-24,862,2896.0,False
119IAG,16116688,2026-08-24,863,2900.0,True
119IAG,16116688,2026-08-24,864,2901.0,True
119IAG,16116688,2026-08-24,865,2896.0,False
119IAG,16116688,2026-08-24,866,2897.0,False
119IAG,16116688,2026-08-24,867,2909.0,True
119IAG,16116688,2026-08-24,868,2900.0,True
119IAG,16116688,2026-08-24,869,2902.0,True
119IAG,16116688,2026-08-24,874,4541.9,True
119IAG,16116688,2026-08-24,875,5505.4,True
119IAG,16116688,2026-08-24,876,4947.9,True
119IAG,16116688,2026-08-24,877,6816.8,True
119IAG,16116688,2026-08-24,878,4636.8,True
119IAG,16116688,2026-08-24,879,2851.0,False
119IAG,16116688,2026-08-24,880,2856.0,False
119IAG,16116688,2026-08-24,881,2893.3,False
119IAG,16116688,2026-08-24,882,7317.8,True
119IAG,16116688,2026-08-24,883,8370.1,True
119IAG,16116688,2026-08-24,884,4277.9,True
119IAG,16116688,2026-08-24,885,2862.0,False
119IAG,16116688,2026-08-24,886,2861.0,False
119IAG,16116688,2026-08-24,887,5419.1,True
119IAG,16116688,2026-08-24,888,7355.3,True
119IAG,16116688,2026-08-24,889,2977.6,True
119IAG,16116688,2026-08-24,890,2870.0,False
119IAG,16116688,2026-08-24,891,5132.6,True
119IAG,16116688,2026-08-24,892,4785.5,True
119IAG,16116688,2026-08-24,893,5227.9,True
119IAG,16116688,2026-08-24,894,6204.6,True
119IAG,16116688,2026-08-24,895,6406.8,True
119IAG,16116688,2026-08-24,896,5888.8,True
119IAG,16116688,2026-08-24,897,8233.0,True
119IAG,16116688,2026-08-24,898,2961.4,True
119IAG,16116688,2026-08-24,899,3387.4,True
119IAG,16116688,2026-08-24,900,2916.0,True
119IAG,16116688,2026-08-24,901,6583.5,True
119IAG,16116688,2026-08-24,902,5767.5,True
119IAG,16116688,2026-08-24,903,4947.9,True
119IAG,16116688,2026-08-24,904,5068.5,True
119IAG,16116688,2026-08-24,905,6737.4,True
119IAG,16116688,2026-08-24,906,3225.2,True
119IAG,16116688,2026-08-24,907,2899.0,False
119IAG,16116688,2026-08-24,908,2895.0,False
119IAG,16116688,2026-08-24,909,2901.0,True
119IAG,16116688,2026-08-24,910,2898.0,False
119IAG,16116688,2026-08-24,911,2901.0,True
119IAG,16116688,2026-08-24,912,2912.2,True
119IAG,16116688,2026-08-24,913,7894.0,True
119IAG,16116688,2026-08-24,914,5777.6,True
119IAG,16116688,2026-08-24,915,5214.5,True
119IAG,16116688,2026-08-24,916,6296.3,True
119IAG,16116688,2026-08-24,917,4451.3,True
119IAG,16116688,2026-08-24,918,6899.5,True
119IAG,16116688,2026-08-24,919,5544.0,True
119IAG,16116688,2026-08-24,920,2935.0,True
119IAG,16116688,2026-08-24,921,2994.0,True
119IAG,16116688,2026-08-24,922,5256.4,True
119IAG,16116688,2026-08-24,923,6167.0,True
119IAG,16116688,2026-08-24,924,4926.8,True
119IAG,16116688,2026-08-24,925,6927.2,True
119IAG,16116688,2026-08-24,926,5022.0,True
119IAG,16116688,2026-08-24,927,7428.1,True
119IAG,16116688,2026-08-24,928,3480.8,True
119IAG,16116688,2026-08-24,929,2928.7,True
119IAG,16116688,2026-08-24,930,2926.0,True
119IAG,16116688,2026-08-24,931,2928.0,True
119IAG,16116688,2026-08-24,932,2928.1,True
119IAG,16116688,2026-08-24,933,2928.0,True
119IAG,16116688,2026-08-24,934,2929.0,True
119IAG,16116688,2026-08-24,935,2937.0,True
119IAG,16116688,2026-08-24,936,2931.0,True
119IAG,16116688,2026-08-24,937,2930.0,True
119IAG,16116688,2026-08-24,938,2929.0,True
119IAG,16116688,2026-08-24,939,2931.0,True
119IAG,16116688,2026-08-24,940,2932.0,True
119IAG,16116688,2026-08-24,941,2931.0,True
119IAG,16116688,2026-08-24,942,2936.0,True
119IAG,16116688,2026-08-24,943,2929.0,True
119IAG,16116688,2026-08-24,944,2928.0,True
119IAG,16116688,2026-08-24,945,2930.0,True
119IAG,16116688,2026-08-24,946,2935.0,True
119IAG,16116688,2026-08-24,947,2931.0,True
119IAG,16116688,2026-08-24,948,2936.0,True
119IAG,16116688,2026-08-24,949,2929.0,True
119IAG,16116688,2026-08-24,950,2932.0,True
119IAG,16116688,2026-08-24,951,2931.0,True
119IAG,16116688,2026-08-24,952,2931.0,True
119IAG,16116688,2026-08-24,953,2930.0,True
119IAG,16116688,2026-08-24,954,2930.0,True
119IAG,16116688,2026-08-24,955,2931.0,True
119IAG,16116688,2026-08-24,956,2934.0,True
119IAG,16116688,2026-08-24,957,2933.0,True
119IAG,16116688,2026-08-24,958,2934.1,True
119IAG,16116688,2026-08-24,959,2934.0,True
119IAG,16116688,2026-08-24,969,6235.9,True
119IAG,16116688,2026-08-24,970,5662.5,True
119IAG,16116688,2026-08-24,971,8582.2,True
119IAG,16116688,2026-08-24,972,6706.2,True
119IAG,16116688,2026-08-24,973,5029.4,True
119IAG,16116688,2026-08-24,974,5155.9,True
119IAG,16116688,2026-08-24,975,2884.5,False
119IAG,16116688,2026-08-24,976,2823.0,False
119IAG,16116688,2026-08-24,977,2819.0,False
119IAG,16116688,2026-08-24,978,2824.0,False
119IAG,16116688,2026-08-24,979,2823.0,False
119IAG,16116688,2026-08-24,980,4120.5,True
119IAG,16116688,2026-08-24,981,5861.4,True
119IAG,16116688,2026-08-24,982,5850.9,True
119IAG,16116688,2026-08-24,983,6428.6,True
119IAG,16116688,2026-08-24,984,6749.0,True
119IAG,16116688,2026-08-24,985,5512.6,True
119IAG,16116688,2026-08-24,986,8805.1,True
119IAG,16116688,2026-08-24,987,2923.3,True
119IAG,16116688,2026-08-24,988,2908.0,True
119IAG,16116688,2026-08-24,989,8537.8,True
119IAG,16116688,2026-08-24,990,4991.7,True
119IAG,16116688,2026-08-24,991,4562.1,True
119IAG,16116688,2026-08-24,992,6041.0,True
119IAG,16116688,2026-08-24,993,5146.6,True
119IAG,16116688,2026-08-24,994,5797.3,True
119IAG,16116688,2026-08-24,995,2910.0,True
119IAG,16116688,2026-08-24,996,2934.7,True
119IAG,16116688,2026-08-24,997,6063.4,True
119IAG,16116688,2026-08-24,998,4388.3,True
119IAG,16116688,2026-08-24,999,5393.8,True
119IAG,16116688,2026-08-24,1000,6819.8,True
119IAG,16116688,2026-08-24,1001,6189.3,True
119IAG,16116688,2026-08-24,1002,7835.9,True
119IAG,16116688,2026-08-24,1003,2913.0,True
119IAG,16116688,2026-08-24,1004,2918.0,True
119IAG,16116688,2026-08-24,1005,2916.0,True
119IAG,16116688,2026-08-24,1006,4199.1,True
119IAG,16116688,2026-08-24,1007,3282.4,True
119IAG,16116688,2026-08-24,1008,2879.4,False
119IAG,16116688,2026-08-24,1009,2851.0,False
119IAG,16116688,2026-08-24,1010,2854.0,False
119IAG,16116688,2026-08-24,1011,2848.0,False
119IAG,16116688,2026-08-24,1012,2852.0,False
119IAG,16116688,2026-08-24,1013,2852.0,False
119IAG,16116688,2026-08-24,1014,2850.0,False
119IAG,16116688,2026-08-24,1015,2851.0,False
119IAG,16116688,2026-08-24,1016,2853.0,False
119IAG,16116688,2026-08-24,1017,2849.0,False
119IAG,16116688,2026-08-24,1018,2848.0,False
119IAG,16116688,2026-08-24,1019,2850.0,False
119IAG,16116688,2026-08-24,1020,2847.0,False
119IAG,16116688,2026-08-24,1021,2849.0,False
119IAG,16116688,2026-08-24,1022,2845.0,False
119IAG,16116688,2026-08-24,1023,2841.0,False
119IAG,16116688,2026-08-24,1024,2843.0,False
119IAG,16116688,2026-08-24,1025,2847.0,False
119IAG,16116688,2026-08-24,1026,2846.0,False
119IAG,16116688,2026-08-24,1027,2842.0,False
119IAG,16116688,2026-08-24,1028,2848.0,False
119IAG,16116688,2026-08-24,1029,2843.0,False
119IAG,16116688,2026-08-24,1030,2846.0,False
119IAG,16116688,2026-08-24,1031,2844.0,False
119IAG,16116688,2026-08-24,1032,2845.1,False
119IAG,16116688,2026-08-24,1033,2846.0,False
119IAG,16116688,2026-08-24,1034,2840.0,False
119IAG,16116688,2026-08-24,1035,2844.0,False
119IAG,16116688,2026-08-24,1036,2843.0,False
119IAG,16116688,2026-08-24,1037,2841.0,False
119IAG,16116688,2026-08-25,0,4543.5,True
119IAG,16116688,2026-08-25,1,2965.0,True
119IAG,16116688,2026-08-25,2,2956.0,True
119IAG,16116688,2026-08-25,3,2950.0,True
119IAG,16116688,2026-08-25,4,2952.0,True
119IAG,16116688,2026-08-25,5,2946.0,True
119IAG,16116688,2026-08-25,6,2947.0,True
119IAG,16116688,2026-08-25,7,2943.0,True
119IAG,16116688,2026-08-25,8,2941.0,True
119IAG,16116688,2026-08-25,9,2940.0,True
119IAG,16116688,2026-08-25,10,2938.0,True
119IAG,16116688,2026-08-25,11,2941.0,True
119IAG,16116688,2026-08-25,12,2935.0,True
119IAG,16116688,2026-08-25,13,2936.0,True
119IAG,16116688,2026-08-25,14,2936.0,True
119IAG,16116688,2026-08-25,15,2937.0,True
119IAG,16116688,2026-08-25,16,2936.0,True
119IAG,16116688,2026-08-25,17,2933.0,True
119IAG,16116688,2026-08-25,18,2937.0,True
119IAG,16116688,2026-08-25,19,2933.0,True
119IAG,16116688,2026-08-25,20,2933.0,True
119IAG,16116688,2026-08-25,21,2932.0,True
119IAG,16116688,2026-08-25,22,2932.0,True
119IAG,16116688,2026-08-25,23,2932.0,True
119IAG,16116688,2026-08-25,24,2930.0,True
119IAG,16116688,2026-08-25,25,2928.0,True
119IAG,16116688,2026-08-25,26,2929.0,True
119IAG,16116688,2026-08-25,27,2929.0,True
119IAG,16116688,2026-08-25,28,2928.0,True
119IAG,16116688,2026-08-25,29,2928.0,True
119IAG,16116688,2026-08-25,30,2927.0,True
119IAG,16116688,2026-08-25,31,2922.0,True
119IAG,16116688,2026-08-25,508,4551.1,True
119IAG,16116688,2026-08-25,509,2915.0,True
119IAG,16116688,2026-08-25,510,2907.0,True
119IAG,16116688,2026-08-25,511,2907.0,True
119IAG,16116688,2026-08-25,512,2905.0,True
119IAG,16116688,2026-08-25,513,2905.0,True
119IAG,16116688,2026-08-25,514,2904.0,True
119IAG,16116688,2026-08-25,515,2898.0,False
119IAG,16116688,2026-08-25,516,2897.0,False
119IAG,16116688,2026-08-25,517,2897.0,False
119IAG,16116688,2026-08-25,518,2898.0,False
119IAG,16116688,2026-08-25,519,2922.1,True
119IAG,16116688,2026-08-25,520,2898.0,False
119IAG,16116688,2026-08-25,521,2898.0,False
119IAG,16116688,2026-08-25,522,2895.0,False
119IAG,16116688,2026-08-25,523,2896.0,False
119IAG,16116688,2026-08-25,524,2898.8,False
119IAG,16116688,2026-08-25,525,2897.1,False
119IAG,16116688,2026-08-25,526,2893.0,False
119IAG,16116688,2026-08-25,527,2895.0,False
119IAG,16116688,2026-08-25,528,2893.0,False
119IAG,16116688,2026-08-25,529,2893.0,False
119IAG,16116688,2026-08-25,530,2893.0,False
119IAG,16116688,2026-08-25,531,2894.0,False
119IAG,16116688,2026-08-25,532,2891.0,False
119IAG,16116688,2026-08-25,533,2892.0,False
119IAG,16116688,2026-08-25,534,2890.0,False
119IAG,16116688,2026-08-25,535,2894.0,False
119IAG,16116688,2026-08-25,536,2888.0,False
119IAG,16116688,2026-08-25,537,2892.0,False
119IAG,16116688,2026-08-25,538,2894.7,False
119IAG,16116688,2026-08-25,539,2888.0,False
119IAG,16116688,2026-08-25,953,4593.7,True
119IAG,16116688,2026-08-25,954,2889.0,False
119IAG,16116688,2026-08-25,955,2883.0,False
119IAG,16116688,2026-08-25,956,2875.0,False
119IAG,16116688,2026-08-25,957,2877.0,False
119IAG,16116688,2026-08-25,958,2874.0,False
119IAG,16116688,2026-08-25,959,2869.0,False
119IAG,16116688,2026-08-25,960,2870.0,False
119IAG,16116688,2026-08-25,961,2869.0,False
119IAG,16116688,2026-08-25,962,2872.0,False
119IAG,16116688,2026-08-25,963,2867.0,False
119IAG,16116688,2026-08-25,964,2868.0,False
119IAG,16116688,2026-08-26,0,5258.8,True
119IAG,16116688,2026-08-26,1,2884.0,False
119IAG,16116688,2026-08-26,2,2883.0,False
119IAG,16116688,2026-08-26,3,2879.0,False
119IAG,16116688,2026-08-26,4,2878.0,False
119IAG,16116688,2026-08-26,5,2872.0,False
119IAG,16116688,2026-08-26,6,2872.0,False
119IAG,16116688,2026-08-26,7,2883.0,False
119IAG,16116688,2026-08-26,8,2868.0,False
119IAG,16116688,2026-08-26,9,2870.0,False
119IAG,16116688,2026-08-26,10,2867.0,False
119IAG,16116688,2026-08-26,11,2866.0,False
119IAG,16116688,2026-08-26,12,2866.0,False
119IAG,16116688,2026-08-26,13,2862.0,False
119IAG,16116688,2026-08-26,14,2863.0,False
119IAG,16116688,2026-08-26,15,2864.0,False
119IAG,16116688,2026-08-26,16,2866.0,False
119IAG,16116688,2026-08-26,17,2864.0,False
119IAG,16116688,2026-08-26,18,2866.0,False
119IAG,16116688,2026-08-26,19,2864.0,False
119IAG,16116688,2026-08-26,20,2866.0,False
119IAG,16116688,2026-08-26,21,2863.0,False
119IAG,16116688,2026-08-26,22,2862.0,False
119IAG,16116688,2026-08-26,23,2863.0,False
119IAG,16116688,2026-08-26,24,2864.0,False
119IAG,16116688,2026-08-26,25,2863.0,False
119IAG,16116688,2026-08-26,26,2866.0,False
119IAG,16116688,2026-08-26,27,2862.0,False
119IAG,16116688,2026-08-26,28,2861.0,False
119IAG,16116688,2026-08-26,29,2864.0,False
119IAG,16116688,2026-08-26,30,2859.0,False
119IAG,16116688,2026-08-26,31,2855.0,False
119IAG,16116688,2026-08-26,344,4614.2,True
119IAG,16116688,2026-08-26,345,2868.0,False
119IAG,16116688,2026-08-26,346,2857.0,False
119IAG,16116688,2026-08-26,347,2860.0,False
119IAG,16116688,2026-08-26,348,2856.0,False
119IAG,16116688,2026-08-26,349,2859.0,False
119IAG,16116688,2026-08-26,350,2853.0,False
119IAG,16116688,2026-08-26,351,2852.0,False
119IAG,16116688,2026-08-26,352,2849.0,False
119IAG,16116688,2026-08-26,353,2847.1,False
119IAG,16116688,2026-08-26,354,2848.1,False
119IAG,16116688,2026-08-26,355,2845.0,False
119IAG,16116688,2026-08-26,356,2848.0,False
119IAG,16116688,2026-08-26,357,2845.0,False
119IAG,16116688,2026-08-26,358,2848.0,False
119IAG,16116688,2026-08-26,359,2845.0,False
119IAG,16116688,2026-08-26,360,2844.0,False
119IAG,16116688,2026-08-26,361,2845.0,False
119IAG,16116688,2026-08-26,362,2842.0,False
119IAG,16116688,2026-08-26,363,2843.0,False
119IAG,16116688,2026-08-26,364,2842.0,False
119IAG,16116688,2026-08-26,365,2844.0,False
119IAG,16116688,2026-08-26,366,2840.0,False
119IAG,16116688,2026-08-26,367,2839.0,False
119IAG,16116688,2026-08-26,368,2838.0,False
119IAG,16116688,2026-08-26,369,2842.1,False
119IAG,16116688,2026-08-26,370,2843.0,False
119IAG,16116688,2026-08-26,371,2839.0,False
119IAG,16116688,2026-08-26,372,2836.0,False
119IAG,16116688,2026-08-26,373,2843.0,False
119IAG,16116688,2026-08-26,374,2837.0,False
119IAG,16116688,2026-08-26,375,2835.0,False
119IAG,16116688,2026-08-26,972,4569.8,True
119IAG,16116688,2026-08-26,973,3118.2,True
119IAG,16116688,2026-08-26,974,2925.0,True
119IAG,16116688,2026-08-26,975,2946.5,True
119IAG,16116688,2026-08-26,976,2920.1,True
119IAG,16116688,2026-08-26,977,2909.0,True
119IAG,16116688,2026-08-26,978,2911.0,True
119IAG,16116688,2026-08-26,979,2906.0,True
119IAG,16116688,2026-08-26,980,2900.0,True
119IAG,16116688,2026-08-26,981,2901.0,True
119IAG,16116688,2026-08-26,982,2898.0,False
119IAG,16116688,2026-08-26,983,2897.0,False
119IAG,16116688,2026-08-26,984,2896.0,False
119IAG,16116688,2026-08-26,985,2891.0,False
119IAG,16116688,2026-08-27,-2,2969.9,True
119IAG,16116688,2026-08-27,-1,2921.0,True
119IAG,16116688,2026-08-27,0,4589.2,True
119IAG,16116688,2026-08-27,1,2917.0,True
119IAG,16116688,2026-08-27,2,2913.0,True
119IAG,16116688,2026-08-27,3,2909.0,True
119IAG,16116688,2026-08-27,4,2916.0,True
119IAG,16116688,2026-08-27,5,2905.0,True
119IAG,16116688,2026-08-27,943,4566.1,True
119IAG,16116688,2026-08-27,944,2832.0,False
119IAG,16116688,2026-08-27,945,2826.0,False
119IAG,16116688,2026-08-27,946,2823.0,False
119IAG,16116688,2026-08-27,947,2819.0,False
119IAG,16116688,2026-08-28,0,4230.6,True
119IAG,16116688,2026-08-28,1,2872.0,False
119IAG,16116688,2026-08-28,2,2868.0,False
119IAG,16116688,2026-08-28,547,4621.6,True
119IAG,16116688,2026-08-28,548,2880.7,False
119IAG,16116688,2026-08-28,549,2854.0,False
119IAG,16116688,2026-08-28,552,4582.8,True
119IAG,16116688,2026-08-28,553,2862.0,False
119IAG,16116688,2026-08-28,554,2866.0,False
119IAG,16116688,2026-08-28,555,2866.0,False
119IAG,16116688,2026-08-28,556,2860.0,False
119IAG,16116688,2026-08-29,0,4658.4,True
119IAG,16116688,2026-08-29,1,2847.1,False
119IAG,16116688,2026-08-29,2,2852.0,False
119IAG,16116688,2026-08-29,3,2844.0,False
119IAG,16116688,2026-08-29,4,2842.0,False
119IAG,16116688,2026-08-29,750,4554.4,True
119IAG,16116688,2026-08-29,751,2833.0,False
119IAG,16116688,2026-08-29,752,2826.0,False
119IAG,16116688,2026-08-29,753,2823.0,False
119IAG,16116688,2026-08-29,754,4575.9,True
119IAG,16116688,2026-08-29,755,2997.2,True
119IAG,16116688,2026-08-29,756,2829.1,False
119IAG,16116688,2026-08-29,757,2824.0,False
119IAG,16116688,2026-08-29,758,2830.0,False
119IAG,16116688,2026-08-29,759,4583.4,True
119IAG,16116688,2026-08-29,760,2824.0,False
119IAG,16116688,2026-08-29,761,2826.0,False
119IAG,16116688,2026-08-29,762,2825.0,False
119IAG,16116688,2026-08-29,763,4583.5,True
119IAG,16116688,2026-08-29,764,2825.0,False
119IAG,16116688,2026-08-29,765,2833.1,False
119IAG,16116688,2026-08-29,766,2824.0,False
119IAG,16116688,2026-08-29,767,2823.0,False
119IAG,16116688,2026-08-29,768,4583.3,True
119IAG,16116688,2026-08-29,769,2825.0,False
119IAG,16116688,2026-08-29,770,2824.0,False
119IAG,16116688,2026-08-29,771,2822.0,False
119IAG,16116688,2026-08-29,772,4580.1,True
119IAG,16116688,2026-08-29,773,2828.1,False
119IAG,16116688,2026-08-29,774,2819.0,False
119IAG,16116688,2026-08-29,775,2821.0,False
119IAG,16116688,2026-08-29,776,2823.0,False
119IAG,16116688,2026-08-29,777,4585.2,True
119IAG,16116688,2026-08-29,778,2816.0,False
119IAG,16116688,2026-08-29,779,2819.0,False
119IAG,16116688,2026-08-29,780,2822.0,False
119IAG,16116688,2026-08-29,781,4576.5,True
119IAG,16116688,2026-08-29,782,2818.0,False
119IAG,16116688,2026-08-29,783,2819.0,False
119IAG,16116688,2026-08-29,784,2818.0,False
119IAG,16116688,2026-08-29,785,4579.1,True
119IAG,16116688,2026-08-29,786,3010.7,True
119IAG,16116688,2026-08-29,795,3011.4,True
119IAG,16116688,2026-08-31,0,5548.4,True
119IAG,16116688,2026-08-31,1,6250.9,True
119IAG,16116688,2026-08-31,2,4920.4,True
119IAG,16116688,2026-08-31,3,6117.8,True
119IAG,16116688,2026-08-31,4,5529.0,True
119IAG,16116688,2026-08-31,5,5186.6,True
119IAG,16116688,2026-08-31,6,4104.4,True
119IAG,16116688,2026-08-31,8,5154.3,True
119IAG,16116688,2026-08-31,9,5288.1,True
119IAG,16116688,2026-08-31,13,6442.5,True
119IAG,16116688,2026-08-31,14,5290.8,True
119IAG,16116688,2026-08-31,15,7651.6,True
119IAG,16116688,2026-08-31,16,4854.3,True
119IAG,16116688,2026-08-31,17,5234.5,True
119IAG,16116688,2026-08-31,18,5016.9,True
119IAG,16116688,2026-08-31,19,6894.4,True
119IAG,16116688,2026-08-31,20,6716.9,True
119IAG,16116688,2026-08-31,22,6863.3,True
119IAG,16116688,2026-08-31,23,5800.7,True
119IAG,16116688,2026-08-31,24,6524.5,True
119IAG,16116688,2026-08-31,27,5244.4,True
119IAG,16116688,2026-08-31,28,4128.1,True
119IAG,16116688,2026-08-31,31,4690.0,True
119IAG,16116688,2026-08-31,32,6970.7,True
119IAG,16116688,2026-08-31,34,6579.0,True
119IAG,16116688,2026-08-31,35,5151.1,True
119IAG,16116688,2026-08-31,36,6516.0,True
119IAG,16116688,2026-08-31,38,6012.5,True
119IAG,16116688,2026-08-31,39,7232.9,True
119IAG,16116688,2026-08-31,40,4051.3,True
119IAG,16116688,2026-08-31,42,5230.4,True
119IAG,16116688,2026-08-31,43,5093.0,True
119IAG,16116688,2026-08-31,44,4458.5,True
119IAG,16116688,2026-08-31,45,6011.3,True
119IAG,16116688,2026-08-31,46,7120.4,True
119IAG,16116688,2026-08-31,50,6673.5,True
119IAG,16116688,2026-08-31,51,5805.6,True
119IAG,16116688,2026-08-31,55,4975.7,True
119IAG,16116688,2026-08-31,56,5250.3,True
119IAG,16116688,2026-08-31,57,6979.0,True
119IAG,16116688,2026-08-31,58,5025.5,True
119IAG,16116688,2026-08-31,59,4671.6,True
119IAG,16116688,2026-08-31,60,7167.0,True
119IAG,16116688,2026-08-31,61,6608.0,True
119IAG,16116688,2026-08-31,63,4065.7,True
119IAG,16116688,2026-08-31,64,5960.8,True
119IAG,16116688,2026-08-31,65,6069.0,True
119IAG,16116688,2026-08-31,66,4594.3,True
119IAG,16116688,2026-08-31,67,5537.7,True
119IAG,16116688,2026-08-31,68,5140.8,True
119IAG,16116688,2026-08-31,69,6792.5,True
119IAG,16116688,2026-08-31,72,8056.8,True
119IAG,16116688,2026-08-31,73,5325.2,True
119IAG,16116688,2026-08-31,74,4104.3,True
119IAG,16116688,2026-08-31,75,5082.8,True
119IAG,16116688,2026-08-31,76,4227.9,True
119IAG,16116688,2026-08-31,77,7844.6,True
119IAG,16116688,2026-08-31,78,7427.5,True
119IAG,16116688,2026-08-31,84,6321.2,True
119IAG,16116688,2026-08-31,85,5295.9,True
119IAG,16116688,2026-08-31,86,6092.1,True
119IAG,16116688,2026-08-31,87,5141.0,True
119IAG,16116688,2026-08-31,88,7304.9,True
119IAG,16116688,2026-08-31,89,4079.3,True
119IAG,16116688,2026-08-31,93,9645.4,True
119IAG,16116688,2026-08-31,94,7080.9,True
119IAG,16116688,2026-08-31,95,4696.6,True
119IAG,16116688,2026-08-31,96,4755.9,True
119IAG,16116688,2026-08-31,97,6784.2,True
119IAG,16116688,2026-08-31,100,3789.4,True
119IAG,16116688,2026-08-31,102,3790.3,True
119IAG,16116688,2026-08-31,103,2927.0,True
119IAG,16116688,2026-08-31,104,2919.0,True
119IAG,16116688,2026-08-31,107,6022.3,True
119IAG,16116688,2026-08-31,108,6924.6,True
119IAG,16116688,2026-08-31,109,6878.3,True
119IAG,16116688,2026-08-31,110,3888.2,True
119IAG,16116688,2026-08-31,111,7090.4,True
119IAG,16116688,2026-08-31,112,5148.8,True
119IAG,16116688,2026-08-31,113,6979.3,True
119IAG,16116688,2026-08-31,114,5078.9,True
119IAG,16116688,2026-08-31,118,5151.7,True
119IAG,16116688,2026-08-31,119,7629.5,True
119IAG,16116688,2026-08-31,120,5378.1,True
119IAG,16116688,2026-08-31,121,5181.7,True
119IAG,16116688,2026-08-31,122,6150.7,True
119IAG,16116688,2026-08-31,126,5554.1,True
119IAG,16116688,2026-08-31,127,5086.6,True
119IAG,16116688,2026-08-31,128,6994.5,True
119IAG,16116688,2026-08-31,129,5872.2,True
119IAG,16116688,2026-08-31,130,6406.7,True
119IAG,16116688,2026-08-31,131,6089.5,True
119IAG,16116688,2026-08-31,132,4604.5,True
119IAG,16116688,2026-08-31,134,5567.1,True
119IAG,16116688,2026-08-31,135,6065.0,True
119IAG,16116688,2026-08-31,136,5128.1,True
119IAG,16116688,2026-08-31,137,5265.2,True
119IAG,16116688,2026-08-31,138,7616.5,True
119IAG,16116688,2026-08-31,139,6483.0,True
119IAG,16116688,2026-08-31,140,7391.6,True
119IAG,16116688,2026-08-31,141,7566.2,True
119IAG,16116688,2026-08-31,143,5484.8,True
119IAG,16116688,2026-08-31,144,7286.5,True
119IAG,16116688,2026-08-31,145,4538.4,True
119IAG,16116688,2026-08-31,146,4915.8,True
119IAG,16116688,2026-08-31,148,4386.6,True
119IAG,16116688,2026-08-31,149,6567.7,True
119IAG,16116688,2026-08-31,150,8488.3,True
119IAG,16116688,2026-08-31,151,6303.0,True
119IAG,16116688,2026-08-31,152,3044.3,True
119IAG,16116688,2026-08-31,154,4005.8,True
119IAG,16116688,2026-08-31,155,5173.3,True
119IAG,16116688,2026-08-31,156,6281.9,True
119IAG,16116688,2026-08-31,157,9070.5,True
119IAG,16116688,2026-08-31,158,5974.8,True
119IAG,16116688,2026-08-31,159,6111.6,True
119IAG,16116688,2026-08-31,163,6192.5,True
119IAG,16116688,2026-08-31,164,4613.3,True
119IAG,16116688,2026-08-31,165,5019.1,True
119IAG,16116688,2026-08-31,166,4377.9,True
119IAG,16116688,2026-08-31,168,3931.5,True
119IAG,16116688,2026-08-31,169,8182.7,True
119IAG,16116688,2026-08-31,173,6791.0,True
119IAG,16116688,2026-08-31,174,4795.2,True
119IAG,16116688,2026-08-31,175,4452.0,True
119IAG,16116688,2026-08-31,176,5954.2,True
119IAG,16116688,2026-08-31,181,6297.6,True
119IAG,16116688,2026-08-31,182,4736.9,True
119IAG,16116688,2026-08-31,183,8885.7,True
119IAG,16116688,2026-08-31,184,5543.1,True
119IAG,16116688,2026-08-31,185,7232.9,True
119IAG,16116688,2026-08-31,186,7207.9,True
119IAG,16116688,2026-08-31,187,5897.6,True
119IAG,16116688,2026-08-31,190,5822.9,True
119IAG,16116688,2026-08-31,191,4802.7,True
119IAG,16116688,2026-08-31,192,6504.3,True
119IAG,16116688,2026-08-31,193,7334.6,True
119IAG,16116688,2026-08-31,194,5713.6,True
119IAG,16116688,2026-08-31,195,3965.9,True
119IAG,16116688,2026-08-31,196,5781.3,True
119IAG,16116688,2026-08-31,197,4963.5,True
119IAG,16116688,2026-08-31,198,5254.5,True
119IAG,16116688,2026-08-31,201,5509.7,True
119IAG,16116688,2026-08-31,202,6252.1,True
119IAG,16116688,2026-08-31,203,5311.1,True
119IAG,16116688,2026-08-31,204,5682.2,True
119IAG,16116688,2026-08-31,205,7229.2,True
119IAG,16116688,2026-08-31,206,8036.9,True
119IAG,16116688,2026-08-31,207,5416.8,True
119IAG,16116688,2026-08-31,208,6193.1,True
119IAG,16116688,2026-08-31,209,4916.8,True
119IAG,16116688,2026-08-31,210,5048.3,True
119IAG,16116688,2026-08-31,211,6127.5,True
119IAG,16116688,2026-09-01,0,5424.4,True
119IAG,16116688,2026-09-01,4,5190.4,True
119IAG,16116688,2026-09-01,5,5712.4,True
119IAG,16116688,2026-09-01,6,5652.1,True
119IAG,16116688,2026-09-01,7,5236.7,True
119IAG,16116688,2026-09-01,8,4651.5,True
119IAG,16116688,2026-09-01,9,4801.2,True
119IAG,16116688,2026-09-01,10,6152.4,True
119IAG,16116688,2026-09-01,11,5049.4,True
119IAG,16116688,2026-09-01,12,5815.7,True
119IAG,16116688,2026-09-01,16,5504.3,True
119IAG,16116688,2026-09-01,17,5510.0,True
119IAG,16116688,2026-09-01,18,6285.5,True
119IAG,16116688,2026-09-01,19,6411.9,True
119IAG,16116688,2026-09-01,20,5879.7,True
119IAG,16116688,2026-09-01,21,5887.1,True
119IAG,16116688,2026-09-01,22,6381.2,True
119IAG,16116688,2026-09-01,23,3773.3,True
119IAG,16116688,2026-09-01,25,6214.4,True
119IAG,16116688,2026-09-01,26,4591.6,True
119IAG,16116688,2026-09-01,27,4641.4,True
119IAG,16116688,2026-09-01,28,5131.3,True
119IAG,16116688,2026-09-01,29,5363.9,True
119IAG,16116688,2026-09-01,30,7078.3,True
119IAG,16116688,2026-09-01,31,4223.6,True
119IAG,16116688,2026-09-01,32,8047.4,True
119IAG,16116688,2026-09-01,33,3500.8,True
119IAG,16116688,2026-09-01,35,5007.7,True
119IAG,16116688,2026-09-01,36,6714.0,True
119IAG,16116688,2026-09-01,37,5665.8,True
119IAG,16116688,2026-09-01,38,5716.8,True
119IAG,16116688,2026-09-01,39,4808.7,True
119IAG,16116688,2026-09-01,44,7461.7,True
119IAG,16116688,2026-09-01,45,7740.8,True
119IAG,16116688,2026-09-01,46,6818.1,True
119IAG,16116688,2026-09-01,47,7249.0,True
119IAG,16116688,2026-09-01,48,6135.6,True
119IAG,16116688,2026-09-01,49,7768.8,True
119IAG,16116688,2026-09-01,50,6446.2,True
119IAG,16116688,2026-09-01,51,6097.7,True
119IAG,16116688,2026-09-01,54,5072.7,True
119IAG,16116688,2026-09-01,55,5968.4,True
119IAG,16116688,2026-09-01,56,4532.0,True
119IAG,16116688,2026-09-01,57,5282.8,True
119IAG,16116688,2026-09-01,58,6096.4,True
119IAG,16116688,2026-09-01,59,4175.2,True
119IAG,16116688,2026-09-01,60,5832.4,True
119IAG,16116688,2026-09-01,61,6866.0,True
119IAG,16116688,2026-09-01,65,6880.8,True
119IAG,16116688,2026-09-01,66,6917.5,True
119IAG,16116688,2026-09-01,67,4527.1,True
119IAG,16116688,2026-09-01,68,4980.3,True
119IAG,16116688,2026-09-01,69,5082.7,True
119IAG,16116688,2026-09-01,70,6306.8,True
119IAG,16116688,2026-09-01,71,5901.9,True
119IAG,16116688,2026-09-01,72,7561.3,True
119IAG,16116688,2026-09-01,74,6174.4,True
119IAG,16116688,2026-09-01,75,6016.6,True
119IAG,16116688,2026-09-01,77,7006.1,True
119IAG,16116688,2026-09-01,78,5260.9,True
119IAG,16116688,2026-09-01,79,6748.6,True
119IAG,16116688,2026-09-01,80,7827.8,True
119IAG,16116688,2026-09-01,81,9570.4,True
119IAG,16116688,2026-09-01,82,7093.8,True
119IAG,16116688,2026-09-01,83,5755.0,True
119IAG,16116688,2026-09-01,84,8399.5,True
119IAG,16116688,2026-09-01,86,8593.8,True
119IAG,16116688,2026-09-01,87,5865.6,True
119IAG,16116688,2026-09-01,88,7209.4,True
119IAG,16116688,2026-09-01,89,6653.9,True
119IAG,16116688,2026-09-01,90,5827.2,True
119IAG,16116688,2026-09-01,91,4200.8,True
119IAG,16116688,2026-09-01,93,6049.7,True
119IAG,16116688,2026-09-01,94,5023.5,True
119IAG,16116688,2026-09-01,95,6914.0,True
119IAG,16116688,2026-09-01,96,5923.9,True
119IAG,16116688,2026-09-01,97,7646.0,True
119IAG,16116688,2026-09-01,102,6872.9,True
119IAG,16116688,2026-09-01,103,5065.1,True
119IAG,16116688,2026-09-01,104,4982.5,True
119IAG,16116688,2026-09-01,105,5524.9,True
119IAG,16116688,2026-09-01,108,5023.5,True
119IAG,16116688,2026-09-01,109,6012.5,True
119IAG,16116688,2026-09-01,110,5081.8,True
119IAG,16116688,2026-09-01,114,6532.7,True
119IAG,16116688,2026-09-01,115,6120.4,True
119IAG,16116688,2026-09-01,116,4599.3,True
119IAG,16116688,2026-09-01,117,4673.5,True
119IAG,16116688,2026-09-01,118,6154.0,True
119IAG,16116688,2026-09-01,119,5472.3,True
119IAG,16116688,2026-09-01,120,7236.7,True
119IAG,16116688,2026-09-01,124,3819.4,True
119IAG,16116688,2026-09-01,125,6991.0,True
119IAG,16116688,2026-09-01,126,8125.7,True
119IAG,16116688,2026-09-01,127,4245.6,True
119IAG,16116688,2026-09-01,135,6333.0,True
119IAG,16116688,2026-09-01,136,4891.7,True
119IAG,16116688,2026-09-01,137,6108.8,True
119IAG,16116688,2026-09-01,138,4100.9,True
119IAG,16116688,2026-09-01,140,6473.1,True
119IAG,16116688,2026-09-01,141,5518.6,True
119IAG,16116688,2026-09-01,143,4466.1,True
119IAG,16116688,2026-09-01,144,7168.7,True
119IAG,16116688,2026-09-01,145,6785.1,True
119IAG,16116688,2026-09-01,146,5091.9,True
119IAG,16116688,2026-09-01,147,7479.8,True
119IAG,16116688,2026-09-01,148,5413.6,True
119IAG,16116688,2026-09-01,149,5211.8,True
119IAG,16116688,2026-09-01,150,2896.4,False
119IAG,16116688,2026-09-01,152,4554.5,True
119IAG,16116688,2026-09-01,153,6647.4,True
119IAG,16116688,2026-09-01,154,5377.5,True
119IAG,16116688,2026-09-01,155,7391.2,True
119IAG,16116688,2026-09-01,156,4927.5,True
119IAG,16116688,2026-09-01,157,4685.6,True
119IAG,16116688,2026-09-01,158,4198.6,True
119IAG,16116688,2026-09-01,159,5028.2,True
119IAG,16116688,2026-09-01,160,5691.1,True
119IAG,16116688,2026-09-01,161,5101.5,True
119IAG,16116688,2026-09-01,162,5211.2,True
119IAG,16116688,2026-09-01,163,4913.3,True
119IAG,16116688,2026-09-01,164,6365.1,True
119IAG,16116688,2026-09-01,165,7047.3,True
119IAG,16116688,2026-09-01,166,4911.0,True
119IAG,16116688,2026-09-02,0,6361.1,True
119IAG,16116688,2026-09-02,1,6206.6,True
119IAG,16116688,2026-09-02,2,7861.0,True
119IAG,16116688,2026-09-02,3,5215.6,True
119IAG,16116688,2026-09-02,4,4119.3,True
119IAG,16116688,2026-09-02,5,5414.1,True
119IAG,16116688,2026-09-02,6,6492.5,True
119IAG,16116688,2026-09-02,7,8329.8,True
119IAG,16116688,2026-09-02,8,3028.1,True
119IAG,16116688,2026-09-02,10,5833.1,True
119IAG,16116688,2026-09-02,11,4922.1,True
119IAG,16116688,2026-09-02,14,6805.7,True
119IAG,16116688,2026-09-02,15,6843.1,True
119IAG,16116688,2026-09-02,17,5219.4,True
119IAG,16116688,2026-09-02,18,8766.3,True
119IAG,16116688,2026-09-02,19,4898.3,True
119IAG,16116688,2026-09-02,20,6404.8,True
119IAG,16116688,2026-09-02,21,4813.9,True
119IAG,16116688,2026-09-02,23,6150.4,True
119IAG,16116688,2026-09-02,24,6818.5,True
119IAG,16116688,2026-09-02,25,5559.8,True
119IAG,16116688,2026-09-02,26,5384.9,True
119IAG,16116688,2026-09-02,27,8610.9,True
119IAG,16116688,2026-09-02,28,6295.4,True
119IAG,16116688,2026-09-02,30,5728.0,True
119IAG,16116688,2026-09-02,31,7687.5,True
119IAG,16116688,2026-09-02,32,7987.8,True
119IAG,16116688,2026-09-02,33,7866.4,True
119IAG,16116688,2026-09-02,38,7032.9,True
119IAG,16116688,2026-09-02,39,8462.1,True
119IAG,16116688,2026-09-02,41,7264.1,True
119IAG,16116688,2026-09-02,42,4478.1,True
119IAG,16116688,2026-09-02,43,9520.2,True
119IAG,16116688,2026-09-02,47,7677.8,True
119IAG,16116688,2026-09-02,48,5324.4,True
119IAG,16116688,2026-09-02,49,4447.6,True
119IAG,16116688,2026-09-02,50,5443.9,True
119IAG,16116688,2026-09-02,51,5399.4,True
119IAG,16116688,2026-09-02,52,5195.6,True
119IAG,16116688,2026-09-02,53,4594.4,True
119IAG,16116688,2026-09-02,54,6716.6,True
119IAG,16116688,2026-09-02,55,7765.9,True
119IAG,16116688,2026-09-02,58,7523.2,True
119IAG,16116688,2026-09-02,59,5377.8,True
119IAG,16116688,2026-09-02,63,3655.0,True
119IAG,16116688,2026-09-02,64,6647.1,True
119IAG,16116688,2026-09-02,65,4536.3,True
119IAG,16116688,2026-09-02,66,6065.9,True
119IAG,16116688,2026-09-02,67,6293.4,True
119IAG,16116688,2026-09-02,68,5729.7,True
119IAG,16116688,2026-09-02,69,5977.7,True
119IAG,16116688,2026-09-02,70,6144.7,True
119IAG,16116688,2026-09-02,71,5975.6,True
119IAG,16116688,2026-09-02,73,8897.8,True
119IAG,16116688,2026-09-02,74,6365.9,True
119IAG,16116688,2026-09-02,75,5775.6,True
119IAG,16116688,2026-09-02,79,5483.1,True
119IAG,16116688,2026-09-02,80,6674.9,True
119IAG,16116688,2026-09-02,81,6787.5,True
119IAG,16116688,2026-09-02,84,5830.6,True
119IAG,16116688,2026-09-02,85,5176.5,True
119IAG,16116688,2026-09-02,86,5807.2,True
119IAG,16116688,2026-09-02,87,4889.0,True
119IAG,16116688,2026-09-02,91,5912.8,True
119IAG,16116688,2026-09-02,92,5911.0,True
119IAG,16116688,2026-09-02,93,8767.1,True
119IAG,16116688,2026-09-02,98,3959.9,True
119IAG,16116688,2026-09-02,99,5950.0,True
119IAG,16116688,2026-09-02,100,5041.2,True
119IAG,16116688,2026-09-02,101,5312.9,True
119IAG,16116688,2026-09-02,102,5769.7,True
119IAG,16116688,2026-09-02,103,5022.2,True
119IAG,16116688,2026-09-02,104,4427.4,True
119IAG,16116688,2026-09-02,105,7309.1,True
116IAG,16116760,2026-08-07,0,4050.6,True
116IAG,16116760,2026-08-07,1,4069.7,True
116IAG,16116760,2026-08-07,2,2385.0,False
116IAG,16116760,2026-08-07,3,2411.0,False
116IAG,16116760,2026-08-07,4,2393.0,False
116IAG,16116760,2026-08-07,5,2471.2,False
116IAG,16116760,2026-08-07,6,2394.1,False
116IAG,16116760,2026-08-07,7,2397.1,False
116IAG,16116760,2026-08-07,8,2412.4,False
116IAG,16116760,2026-08-07,9,2847.5,False
116IAG,16116760,2026-08-07,10,2968.0,True
116IAG,16116760,2026-08-07,11,2738.3,False
116IAG,16116760,2026-08-07,12,2422.0,False
116IAG,16116760,2026-08-07,13,2431.0,False
116IAG,16116760,2026-08-07,14,2525.6,False
116IAG,16116760,2026-08-07,15,2818.5,False
116IAG,16116760,2026-08-07,16,2929.8,True
116IAG,16116760,2026-08-07,17,3091.3,True
116IAG,16116760,2026-08-07,18,2340.0,False
116IAG,16116760,2026-08-07,19,2335.0,False
116IAG,16116760,2026-08-07,20,2359.3,False
116IAG,16116760,2026-08-07,21,2336.0,False
116IAG,16116760,2026-08-07,22,2335.0,False
116IAG,16116760,2026-08-07,23,2339.1,False
116IAG,16116760,2026-08-07,24,2332.0,False
116IAG,16116760,2026-08-07,25,2331.0,False
116IAG,16116760,2026-08-07,26,2331.9,False
116IAG,16116760,2026-08-07,27,2333.0,False
116IAG,16116760,2026-08-07,28,2334.0,False
116IAG,16116760,2026-08-07,29,2338.1,False
116IAG,16116760,2026-08-07,52,4178.4,True
116IAG,16116760,2026-08-07,53,2266.6,False
116IAG,16116760,2026-08-07,54,2378.6,False
116IAG,16116760,2026-08-07,55,2277.0,False
116IAG,16116760,2026-08-07,56,2280.0,False
116IAG,16116760,2026-08-07,57,2283.0,False
116IAG,16116760,2026-08-07,58,2285.1,False
116IAG,16116760,2026-08-07,59,2288.0,False
116IAG,16116760,2026-08-07,60,2290.0,False
116IAG,16116760,2026-08-07,61,2294.0,False
116IAG,16116760,2026-08-07,62,2295.0,False
116IAG,16116760,2026-08-07,63,2295.0,False
116IAG,16116760,2026-08-07,64,2304.0,False
116IAG,16116760,2026-08-07,65,2294.0,False
116IAG,16116760,2026-08-11,0,4128.8,True
116IAG,16116760,2026-08-11,1,2410.5,False
116IAG,16116760,2026-08-11,2,2390.0,False
116IAG,16116760,2026-08-11,3,2394.0,False
116IAG,16116760,2026-08-11,4,2396.0,False
116IAG,16116760,2026-08-11,5,2403.0,False
116IAG,16116760,2026-08-11,6,2409.0,False
116IAG,16116760,2026-08-11,7,2444.3,False
116IAG,16116760,2026-08-11,8,2410.0,False
116IAG,16116760,2026-08-11,9,2408.0,False
116IAG,16116760,2026-08-11,10,2410.0,False
116IAG,16116760,2026-08-11,11,2408.0,False
116IAG,16116760,2026-08-11,12,2408.0,False
116IAG,16116760,2026-08-11,13,2409.0,False
116IAG,16116760,2026-08-11,14,2409.0,False
116IAG,16116760,2026-08-11,15,2407.0,False
116IAG,16116760,2026-08-11,16,2405.0,False
116IAG,16116760,2026-08-11,106,4123.3,True
116IAG,16116760,2026-08-11,107,2488.5,False
116IAG,16116760,2026-08-11,108,2367.0,False
116IAG,16116760,2026-08-11,109,2371.1,False
116IAG,16116760,2026-08-11,110,2375.1,False
116IAG,16116760,2026-08-11,111,2378.0,False
116IAG,16116760,2026-08-11,112,2381.0,False
116IAG,16116760,2026-08-11,113,2384.0,False
116IAG,16116760,2026-08-11,114,2390.1,False
116IAG,16116760,2026-08-11,115,2435.1,False
116IAG,16116760,2026-08-11,116,2387.0,False
116IAG,16116760,2026-08-11,117,2386.0,False
116IAG,16116760,2026-08-11,118,2389.0,False
116IAG,16116760,2026-08-11,119,2391.1,False
116IAG,16116760,2026-08-11,120,2391.0,False
116IAG,16116760,2026-08-11,121,2388.0,False
116IAG,16116760,2026-08-11,122,2387.0,False
116IAG,16116760,2026-08-12,0,4128.6,True
116IAG,16116760,2026-08-12,1,2369.0,False
116IAG,16116760,2026-08-12,2,2385.0,False
116IAG,16116760,2026-08-12,3,2381.0,False
116IAG,16116760,2026-08-12,4,2384.0,False
116IAG,16116760,2026-08-12,5,2388.0,False
116IAG,16116760,2026-08-12,6,2391.0,False
116IAG,16116760,2026-08-12,7,2398.0,False
116IAG,16116760,2026-08-12,8,2395.0,False
116IAG,16116760,2026-08-12,9,2397.1,False
116IAG,16116760,2026-08-12,10,2395.0,False
116IAG,16116760,2026-08-12,11,2404.0,False
116IAG,16116760,2026-08-12,12,2395.0,False
116IAG,16116760,2026-08-12,13,2399.0,False
116IAG,16116760,2026-08-12,14,2399.0,False
116IAG,16116760,2026-08-12,15,2396.0,False
116IAG,16116760,2026-08-21,-2,2431.5,False
116IAG,16116760,2026-08-21,-1,3118.5,True
116IAG,16116760,2026-08-21,0,4147.5,True
116IAG,16116760,2026-08-21,1,3490.6,True
116IAG,16116760,2026-08-21,2,3267.6,True
116IAG,16116760,2026-08-21,3,4524.2,True
116IAG,16116760,2026-08-21,4,3876.1,True
116IAG,16116760,2026-08-21,5,4000.5,True
116IAG,16116760,2026-08-21,6,4004.8,True
116IAG,16116760,2026-08-21,7,2384.1,False
116IAG,16116760,2026-08-21,8,2372.0,False
116IAG,16116760,2026-08-21,9,2369.0,False
116IAG,16116760,2026-08-21,10,2370.0,False
116IAG,16116760,2026-08-21,11,2372.0,False
116IAG,16116760,2026-08-21,12,2371.0,False
116IAG,16116760,2026-08-21,13,2365.0,False
116IAG,16116760,2026-08-21,14,2360.1,False
116IAG,16116760,2026-08-21,15,2354.0,False
116IAG,16116760,2026-08-21,16,2354.0,False
116IAG,16116760,2026-08-21,17,2350.0,False
116IAG,16116760,2026-08-21,18,2350.0,False
116IAG,16116760,2026-08-21,19,2349.0,False
116IAG,16116760,2026-08-21,20,2346.0,False
116IAG,16116760,2026-08-21,21,2343.0,False
116IAG,16116760,2026-08-21,194,5902.2,True
116IAG,16116760,2026-08-21,195,2254.0,False
116IAG,16116760,2026-08-21,196,2254.0,False
116IAG,16116760,2026-08-21,197,2259.0,False
116IAG,16116760,2026-08-21,198,2262.0,False
116IAG,16116760,2026-08-21,199,2264.0,False
116IAG,16116760,2026-08-21,200,2269.0,False
116IAG,16116760,2026-08-21,201,2271.0,False
116IAG,16116760,2026-08-21,202,2275.0,False
116IAG,16116760,2026-08-21,203,2274.1,False
116IAG,16116760,2026-08-21,204,2274.0,False
116IAG,16116760,2026-08-21,205,2281.1,False
116IAG,16116760,2026-08-21,206,2278.0,False
116IAG,16116760,2026-08-21,379,4221.7,True
116IAG,16116760,2026-08-21,380,2321.0,False
116IAG,16116760,2026-08-21,381,2327.0,False
116IAG,16116760,2026-08-21,382,2339.0,False
116IAG,16116760,2026-08-21,383,2341.1,False
116IAG,16116760,2026-08-21,419,4117.0,True
116IAG,16116760,2026-08-21,420,2335.0,False
116IAG,16116760,2026-08-21,421,2344.0,False
116IAG,16116760,2026-08-21,422,2351.0,False
116IAG,16116760,2026-08-21,423,2353.0,False
116IAG,16116760,2026-08-22,0,4720.1,True
116IAG,16116760,2026-08-22,1,2373.0,False
116IAG,16116760,2026-08-22,2,2380.0,False
116IAG,16116760,2026-08-22,3,2387.0,False
116IAG,16116760,2026-08-22,4,2383.0,False
116IAG,16116760,2026-08-22,600,4101.9,True
116IAG,16116760,2026-08-22,601,2731.2,False
116IAG,16116760,2026-08-22,602,9289.0,True
116IAG,16116760,2026-08-22,603,6786.0,True
116IAG,16116760,2026-08-22,604,2291.5,False
116IAG,16116760,2026-08-22,605,2303.1,False
116IAG,16116760,2026-08-22,606,2268.1,False
116IAG,16116760,2026-08-22,607,2348.3,False
116IAG,16116760,2026-08-22,624,6411.3,True
116IAG,16116760,2026-08-22,625,7032.2,True
116IAG,16116760,2026-08-22,626,2350.0,False
116IAG,16116760,2026-08-22,627,2348.0,False
116IAG,16116760,2026-08-22,629,4579.0,True
116IAG,16116760,2026-08-22,630,5459.4,True
116IAG,16116760,2026-08-22,631,4975.1,True
116IAG,16116760,2026-08-22,632,5904.0,True
116IAG,16116760,2026-08-22,633,5592.7,True
116IAG,16116760,2026-08-22,634,6497.3,True
116IAG,16116760,2026-08-22,635,2362.0,False
116IAG,16116760,2026-08-22,636,2359.0,False
116IAG,16116760,2026-08-22,637,5913.8,True
116IAG,16116760,2026-08-22,638,7208.5,True
116IAG,16116760,2026-08-22,639,5150.3,True
116IAG,16116760,2026-08-22,640,4865.7,True
116IAG,16116760,2026-08-22,641,5639.6,True
116IAG,16116760,2026-08-22,642,7780.5,True
116IAG,16116760,2026-08-22,643,2338.3,False
116IAG,16116760,2026-08-22,644,2336.0,False
116IAG,16116760,2026-08-22,646,4348.8,True
116IAG,16116760,2026-08-22,647,5871.1,True
116IAG,16116760,2026-08-22,648,4453.7,True
116IAG,16116760,2026-08-22,649,6201.3,True
116IAG,16116760,2026-08-22,650,6204.3,True
116IAG,16116760,2026-08-22,651,2255.0,False
116IAG,16116760,2026-08-22,652,4282.6,True
116IAG,16116760,2026-08-22,653,6859.1,True
116IAG,16116760,2026-08-22,654,6934.2,True
116IAG,16116760,2026-08-22,655,2228.0,False
116IAG,16116760,2026-08-22,656,2224.0,False
116IAG,16116760,2026-08-22,657,6374.3,True
116IAG,16116760,2026-08-22,658,5687.5,True
116IAG,16116760,2026-08-22,659,6342.7,True
116IAG,16116760,2026-08-22,660,2920.6,True
116IAG,16116760,2026-08-22,661,2362.0,False
116IAG,16116760,2026-08-22,662,2364.0,False
116IAG,16116760,2026-08-22,663,2358.0,False
116IAG,16116760,2026-08-22,664,2358.0,False
116IAG,16116760,2026-08-22,665,2361.0,False
116IAG,16116760,2026-08-22,666,2357.0,False
116IAG,16116760,2026-08-22,667,2357.0,False
116IAG,16116760,2026-08-22,668,2356.0,False
116IAG,16116760,2026-08-22,669,5757.6,True
116IAG,16116760,2026-08-22,670,5298.0,True
116IAG,16116760,2026-08-22,671,6245.1,True
116IAG,16116760,2026-08-22,672,7145.5,True
116IAG,16116760,2026-08-22,673,4756.4,True
116IAG,16116760,2026-08-22,674,5006.4,True
116IAG,16116760,2026-08-22,675,8706.1,True
116IAG,16116760,2026-08-22,676,7261.6,True
116IAG,16116760,2026-08-22,677,7632.4,True
116IAG,16116760,2026-08-22,678,2344.6,False
116IAG,16116760,2026-08-22,679,2334.0,False
116IAG,16116760,2026-08-22,680,2336.0,False
116IAG,16116760,2026-08-22,681,2336.0,False
116IAG,16116760,2026-08-22,682,2337.0,False
116IAG,16116760,2026-08-22,683,2338.1,False
116IAG,16116760,2026-08-22,684,5894.1,True
116IAG,16116760,2026-08-22,685,5859.0,True
116IAG,16116760,2026-08-22,686,5412.0,True
116IAG,16116760,2026-08-22,687,6596.5,True
116IAG,16116760,2026-08-22,688,7278.8,True
116IAG,16116760,2026-08-22,689,7254.0,True
116IAG,16116760,2026-08-22,690,7679.9,True
116IAG,16116760,2026-08-22,691,6277.5,True
116IAG,16116760,2026-08-22,692,7087.8,True
116IAG,16116760,2026-08-22,693,6403.4,True
116IAG,16116760,2026-08-22,694,7268.4,True
116IAG,16116760,2026-08-22,695,5648.2,True
116IAG,16116760,2026-08-22,696,5034.2,True
116IAG,16116760,2026-08-22,697,4092.6,True
116IAG,16116760,2026-08-22,698,6646.9,True
116IAG,16116760,2026-08-22,699,2293.3,False
116IAG,16116760,2026-08-22,700,2225.1,False
116IAG,16116760,2026-08-22,701,4332.4,True
116IAG,16116760,2026-08-22,702,5752.8,True
116IAG,16116760,2026-08-22,703,6098.8,True
116IAG,16116760,2026-08-22,704,4794.1,True
116IAG,16116760,2026-08-22,705,5842.6,True
116IAG,16116760,2026-08-22,706,5098.7,True
116IAG,16116760,2026-08-22,707,6683.4,True
116IAG,16116760,2026-08-22,708,4434.1,True
116IAG,16116760,2026-08-22,709,5670.9,True
116IAG,16116760,2026-08-22,710,2888.0,False
116IAG,16116760,2026-08-22,711,6033.2,True
116IAG,16116760,2026-08-22,712,6222.0,True
116IAG,16116760,2026-08-22,713,6417.2,True
116IAG,16116760,2026-08-22,714,2890.9,False
116IAG,16116760,2026-08-22,715,6868.9,True
116IAG,16116760,2026-08-22,716,5278.9,True
116IAG,16116760,2026-08-22,717,5704.6,True
116IAG,16116760,2026-08-22,718,2265.0,False
116IAG,16116760,2026-08-22,719,2271.0,False
116IAG,16116760,2026-08-22,720,6979.0,True
116IAG,16116760,2026-08-22,721,5016.2,True
116IAG,16116760,2026-08-22,722,7006.5,True
116IAG,16116760,2026-08-22,723,5322.2,True
116IAG,16116760,2026-08-22,724,6950.1,True
116IAG,16116760,2026-08-22,725,5747.5,True
116IAG,16116760,2026-08-22,726,5788.8,True
116IAG,16116760,2026-08-22,727,5659.0,True
116IAG,16116760,2026-08-22,728,4872.4,True
116IAG,16116760,2026-08-22,729,2263.9,False
116IAG,16116760,2026-08-22,730,8037.9,True
116IAG,16116760,2026-08-22,731,5063.5,True
116IAG,16116760,2026-08-22,732,5738.9,True
116IAG,16116760,2026-08-22,733,8178.2,True
116IAG,16116760,2026-08-22,734,2388.7,False
116IAG,16116760,2026-08-22,735,2357.0,False
116IAG,16116760,2026-08-22,736,2357.0,False
116IAG,16116760,2026-08-22,737,5929.9,True
116IAG,16116760,2026-08-22,738,5120.8,True
116IAG,16116760,2026-08-22,739,5457.7,True
116IAG,16116760,2026-08-22,740,5213.8,True
116IAG,16116760,2026-08-22,741,8301.8,True
116IAG,16116760,2026-08-22,742,2259.9,False
116IAG,16116760,2026-08-22,743,2243.0,False
116IAG,16116760,2026-08-22,744,5727.5,True
116IAG,16116760,2026-08-22,745,5622.9,True
116IAG,16116760,2026-08-22,746,5268.9,True
116IAG,16116760,2026-08-22,747,6069.5,True
116IAG,16116760,2026-08-22,748,8882.8,True
116IAG,16116760,2026-08-22,749,2373.8,False
116IAG,16116760,2026-08-22,750,2327.1,False
116IAG,16116760,2026-08-22,751,2713.5,False
116IAG,16116760,2026-08-22,752,3270.2,True
116IAG,16116760,2026-08-22,753,5556.0,True
116IAG,16116760,2026-08-22,754,5904.0,True
116IAG,16116760,2026-08-22,755,7192.6,True
116IAG,16116760,2026-08-22,756,4907.0,True
116IAG,16116760,2026-08-22,757,8059.6,True
116IAG,16116760,2026-08-22,758,7777.1,True
116IAG,16116760,2026-08-22,759,2822.2,False
116IAG,16116760,2026-08-22,760,2311.0,False
116IAG,16116760,2026-08-22,761,6354.7,True
116IAG,16116760,2026-08-22,762,7297.2,True
116IAG,16116760,2026-08-22,763,5423.3,True
116IAG,16116760,2026-08-22,764,4388.5,True
116IAG,16116760,2026-08-22,765,6399.2,True
116IAG,16116760,2026-08-22,766,2248.0,False
116IAG,16116760,2026-08-22,767,7566.6,True
116IAG,16116760,2026-08-22,768,8062.0,True
116IAG,16116760,2026-08-22,769,4722.4,True
116IAG,16116760,2026-08-22,770,4841.5,True
116IAG,16116760,2026-08-22,771,8028.2,True
116IAG,16116760,2026-08-22,772,5866.5,True
116IAG,16116760,2026-08-22,773,5407.5,True
116IAG,16116760,2026-08-22,774,7198.1,True
116IAG,16116760,2026-08-22,775,5551.3,True
116IAG,16116760,2026-08-22,776,6633.7,True
116IAG,16116760,2026-08-22,777,8596.8,True
116IAG,16116760,2026-08-22,778,5628.3,True
116IAG,16116760,2026-08-22,779,6337.5,True
116IAG,16116760,2026-08-22,780,5865.9,True
116IAG,16116760,2026-08-22,781,5336.2,True
116IAG,16116760,2026-08-22,782,5939.8,True
116IAG,16116760,2026-08-22,783,2395.2,False
116IAG,16116760,2026-08-22,784,2163.0,False
116IAG,16116760,2026-08-22,785,4602.2,True
116IAG,16116760,2026-08-22,786,5001.2,True
116IAG,16116760,2026-08-22,787,4609.1,True
116IAG,16116760,2026-08-22,788,7124.7,True
116IAG,16116760,2026-08-22,789,7504.7,True
116IAG,16116760,2026-08-22,790,5943.5,True
116IAG,16116760,2026-08-22,791,7375.3,True
116IAG,16116760,2026-08-22,792,6034.6,True
116IAG,16116760,2026-08-22,793,8384.5,True
116IAG,16116760,2026-08-22,794,2322.0,False
116IAG,16116760,2026-08-22,795,2925.1,True
116IAG,16116760,2026-08-22,796,4914.0,True
116IAG,16116760,2026-08-22,797,5708.0,True
116IAG,16116760,2026-08-22,798,4944.5,True
116IAG,16116760,2026-08-22,799,5176.4,True
116IAG,16116760,2026-08-22,800,5319.5,True
116IAG,16116760,2026-08-22,801,4740.1,True
116IAG,16116760,2026-08-22,802,2275.8,False
116IAG,16116760,2026-08-22,803,6669.6,True
116IAG,16116760,2026-08-22,804,5075.6,True
116IAG,16116760,2026-08-22,805,4876.8,True
116IAG,16116760,2026-08-22,806,6434.6,True
116IAG,16116760,2026-08-22,807,6589.4,True
116IAG,16116760,2026-08-22,808,5704.8,True
116IAG,16116760,2026-08-22,809,2211.8,False
116IAG,16116760,2026-08-22,810,2212.3,False
116IAG,16116760,2026-08-22,811,6185.1,True
116IAG,16116760,2026-08-22,812,6152.0,True
116IAG,16116760,2026-08-22,813,4005.9,True
116IAG,16116760,2026-08-22,814,6638.0,True
116IAG,16116760,2026-08-22,815,6467.7,True
116IAG,16116760,2026-08-22,816,4188.1,True
116IAG,16116760,2026-08-22,817,6616.6,True
116IAG,16116760,2026-08-22,818,5471.5,True
116IAG,16116760,2026-08-22,819,2329.0,False
116IAG,16116760,2026-08-22,820,3488.6,True
116IAG,16116760,2026-08-22,821,5591.1,True
116IAG,16116760,2026-08-22,822,5786.9,True
116IAG,16116760,2026-08-22,823,4535.8,True
116IAG,16116760,2026-08-22,824,5190.5,True
116IAG,16116760,2026-08-22,825,4868.5,True
116IAG,16116760,2026-08-22,826,2246.0,False
116IAG,16116760,2026-08-22,827,2253.0,False
116IAG,16116760,2026-08-22,828,8846.9,True
116IAG,16116760,2026-08-22,829,5498.7,True
116IAG,16116760,2026-08-22,830,5085.5,True
116IAG,16116760,2026-08-22,831,6567.9,True
116IAG,16116760,2026-08-22,832,7573.2,True
116IAG,16116760,2026-08-22,833,2346.1,False
116IAG,16116760,2026-08-22,834,7358.1,True
116IAG,16116760,2026-08-22,835,5157.7,True
116IAG,16116760,2026-08-22,836,4351.1,True
116IAG,16116760,2026-08-22,837,4071.4,True
116IAG,16116760,2026-08-22,838,5114.2,True
116IAG,16116760,2026-08-22,839,6034.0,True
116IAG,16116760,2026-08-22,840,5209.2,True
116IAG,16116760,2026-08-22,841,5690.5,True
116IAG,16116760,2026-08-22,842,4483.7,True
116IAG,16116760,2026-08-22,843,6603.6,True
116IAG,16116760,2026-08-22,844,5239.4,True
116IAG,16116760,2026-08-22,845,2443.0,False
116IAG,16116760,2026-08-22,846,2442.0,False
116IAG,16116760,2026-08-22,847,3241.5,True
116IAG,16116760,2026-08-22,848,5785.5,True
116IAG,16116760,2026-08-22,849,4821.6,True
116IAG,16116760,2026-08-22,850,4565.8,True
116IAG,16116760,2026-08-22,851,4781.0,True
116IAG,16116760,2026-08-22,852,5898.0,True
116IAG,16116760,2026-08-22,853,8060.3,True
116IAG,16116760,2026-08-22,854,7457.0,True
116IAG,16116760,2026-08-22,855,5900.5,True
116IAG,16116760,2026-08-22,856,4532.7,True
116IAG,16116760,2026-08-22,857,6849.3,True
116IAG,16116760,2026-08-22,858,3039.0,True
116IAG,16116760,2026-08-22,859,2232.1,False
116IAG,16116760,2026-08-22,860,2380.2,False
116IAG,16116760,2026-08-22,861,2229.1,False
116IAG,16116760,2026-08-22,862,3557.4,True
116IAG,16116760,2026-08-22,863,2226.7,False
116IAG,16116760,2026-08-22,864,2219.1,False
116IAG,16116760,2026-08-22,865,2214.0,False
116IAG,16116760,2026-08-22,866,4250.4,True
116IAG,16116760,2026-08-22,867,4829.9,True
116IAG,16116760,2026-08-22,868,5687.6,True
116IAG,16116760,2026-08-22,869,6147.2,True
116IAG,16116760,2026-08-22,870,2589.0,False
116IAG,16116760,2026-08-22,871,5272.1,True
116IAG,16116760,2026-08-22,872,5659.7,True
116IAG,16116760,2026-08-22,873,4035.1,True
116IAG,16116760,2026-08-22,874,5121.0,True
116IAG,16116760,2026-08-22,875,4269.2,True
116IAG,16116760,2026-08-22,876,6066.5,True
116IAG,16116760,2026-08-22,877,4640.6,True
116IAG,16116760,2026-08-22,878,5557.7,True
116IAG,16116760,2026-08-22,879,3916.1,True
116IAG,16116760,2026-08-22,880,2529.4,False
116IAG,16116760,2026-08-22,881,2758.2,False
116IAG,16116760,2026-08-22,882,2180.5,False
116IAG,16116760,2026-08-22,883,2112.0,False
116IAG,16116760,2026-08-22,884,2116.0,False
116IAG,16116760,2026-08-22,885,3109.7,True
116IAG,16116760,2026-08-22,886,2132.0,False
116IAG,16116760,2026-08-22,887,2142.0,False
116IAG,16116760,2026-08-22,888,3191.1,True
116IAG,16116760,2026-08-22,889,7417.4,True
116IAG,16116760,2026-08-22,890,6193.4,True
116IAG,16116760,2026-08-22,891,5579.7,True
116IAG,16116760,2026-08-22,892,4003.6,True
116IAG,16116760,2026-08-22,893,7332.0,True
116IAG,16116760,2026-08-22,894,6909.3,True
116IAG,16116760,2026-08-22,895,3334.1,True
116IAG,16116760,2026-08-22,896,4201.0,True
116IAG,16116760,2026-08-22,897,5302.0,True
116IAG,16116760,2026-08-22,898,7243.0,True
116IAG,16116760,2026-08-22,899,2390.0,False
116IAG,16116760,2026-08-22,900,3076.7,True
116IAG,16116760,2026-08-22,901,6492.6,True
116IAG,16116760,2026-08-22,902,5171.1,True
116IAG,16116760,2026-08-22,903,5797.6,True
116IAG,16116760,2026-08-22,904,7833.8,True
116IAG,16116760,2026-08-22,905,8263.0,True
116IAG,16116760,2026-08-22,906,2370.0,False
116IAG,16116760,2026-08-22,907,2366.0,False
116IAG,16116760,2026-08-22,908,4971.9,True
116IAG,16116760,2026-08-22,909,2363.7,False
116IAG,16116760,2026-08-22,910,2157.0,False
116IAG,16116760,2026-08-22,911,2147.0,False
116IAG,16116760,2026-08-22,912,2141.0,False
116IAG,16116760,2026-08-22,913,2139.0,False
116IAG,16116760,2026-08-22,914,2137.0,False
116IAG,16116760,2026-08-22,915,2133.0,False
116IAG,16116760,2026-08-22,916,2129.0,False
116IAG,16116760,2026-08-22,917,2125.0,False
116IAG,16116760,2026-08-22,918,2126.0,False
116IAG,16116760,2026-08-22,919,2125.1,False
116IAG,16116760,2026-08-22,920,2123.0,False
116IAG,16116760,2026-08-22,921,2123.0,False
116IAG,16116760,2026-08-22,922,2119.0,False
116IAG,16116760,2026-08-22,923,2118.0,False
116IAG,16116760,2026-08-22,924,2123.0,False
116IAG,16116760,2026-08-22,1013,4346.6,True
116IAG,16116760,2026-08-22,1014,2143.0,False
116IAG,16116760,2026-08-22,1015,2147.0,False
116IAG,16116760,2026-08-22,1016,2150.0,False
116IAG,16116760,2026-08-22,1017,2168.0,False
116IAG,16116760,2026-08-22,1018,2167.0,False
116IAG,16116760,2026-08-22,1019,2182.0,False
116IAG,16116760,2026-08-22,1020,2182.0,False
116IAG,16116760,2026-08-22,1021,2187.0,False
116IAG,16116760,2026-08-22,1022,2197.0,False
116IAG,16116760,2026-08-22,1023,2203.0,False
116IAG,16116760,2026-08-22,1024,2209.0,False
116IAG,16116760,2026-08-22,1025,2210.0,False
116IAG,16116760,2026-08-24,0,6039.2,True
116IAG,16116760,2026-08-24,1,4618.3,True
116IAG,16116760,2026-08-24,2,2402.0,False
116IAG,16116760,2026-08-24,3,2400.0,False
116IAG,16116760,2026-08-24,4,2401.0,False
116IAG,16116760,2026-08-24,290,4092.9,True
116IAG,16116760,2026-08-24,291,2397.0,False
116IAG,16116760,2026-08-24,292,2406.0,False
116IAG,16116760,2026-08-24,293,2410.0,False
116IAG,16116760,2026-08-24,294,2412.0,False
116IAG,16116760,2026-08-24,318,4093.8,True
116IAG,16116760,2026-08-24,319,3262.2,True
116IAG,16116760,2026-08-24,320,3426.5,True
116IAG,16116760,2026-08-24,321,3164.9,True
116IAG,16116760,2026-08-24,322,2751.8,False
116IAG,16116760,2026-08-24,323,4541.7,True
116IAG,16116760,2026-08-24,324,3433.9,True
116IAG,16116760,2026-08-24,325,2363.9,False
116IAG,16116760,2026-08-24,326,2344.0,False
116IAG,16116760,2026-08-24,327,2335.1,False
116IAG,16116760,2026-08-24,333,3324.0,True
116IAG,16116760,2026-08-24,334,2306.1,False
116IAG,16116760,2026-08-24,335,2310.0,False
116IAG,16116760,2026-08-24,336,2319.0,False
116IAG,16116760,2026-08-24,337,2318.1,False
116IAG,16116760,2026-08-24,343,4187.6,True
116IAG,16116760,2026-08-24,344,7065.1,True
116IAG,16116760,2026-08-24,345,5232.5,True
116IAG,16116760,2026-08-24,346,5832.6,True
116IAG,16116760,2026-08-24,347,6654.2,True
116IAG,16116760,2026-08-24,348,4038.3,True
116IAG,16116760,2026-08-24,349,6683.5,True
116IAG,16116760,2026-08-24,350,5668.9,True
116IAG,16116760,2026-08-24,351,2268.1,False
116IAG,16116760,2026-08-24,352,2263.0,False
116IAG,16116760,2026-08-24,353,2719.7,False
116IAG,16116760,2026-08-24,354,6821.1,True
116IAG,16116760,2026-08-24,355,4786.4,True
116IAG,16116760,2026-08-24,356,4862.1,True
116IAG,16116760,2026-08-24,357,5504.1,True
116IAG,16116760,2026-08-24,358,7534.4,True
116IAG,16116760,2026-08-24,359,5145.3,True
116IAG,16116760,2026-08-24,360,2226.2,False
116IAG,16116760,2026-08-24,361,2277.5,False
116IAG,16116760,2026-08-24,362,2193.1,False
116IAG,16116760,2026-08-24,363,2192.0,False
116IAG,16116760,2026-08-24,393,4138.3,True
116IAG,16116760,2026-08-24,394,6666.7,True
116IAG,16116760,2026-08-24,395,4310.4,True
116IAG,16116760,2026-08-24,396,8217.6,True
116IAG,16116760,2026-08-24,397,4831.8,True
116IAG,16116760,2026-08-24,398,6639.8,True
116IAG,16116760,2026-08-24,399,4322.6,True
116IAG,16116760,2026-08-24,400,4623.7,True
116IAG,16116760,2026-08-24,401,4864.3,True
116IAG,16116760,2026-08-24,402,2622.1,False
116IAG,16116760,2026-08-24,403,2253.0,False
116IAG,16116760,2026-08-24,404,2248.0,False
116IAG,16116760,2026-08-24,407,4675.1,True
116IAG,16116760,2026-08-24,408,5295.2,True
116IAG,16116760,2026-08-24,409,4053.6,True
116IAG,16116760,2026-08-24,410,4996.8,True
116IAG,16116760,2026-08-24,411,4644.5,True
116IAG,16116760,2026-08-24,412,5647.1,True
116IAG,16116760,2026-08-24,413,5130.5,True
116IAG,16116760,2026-08-24,414,4523.6,True
116IAG,16116760,2026-08-24,415,2248.1,False
116IAG,16116760,2026-08-24,416,4161.3,True
116IAG,16116760,2026-08-24,417,4667.9,True
116IAG,16116760,2026-08-24,418,5729.2,True
116IAG,16116760,2026-08-24,419,6030.3,True
116IAG,16116760,2026-08-24,420,5018.0,True
116IAG,16116760,2026-08-24,421,5985.4,True
116IAG,16116760,2026-08-24,422,7018.7,True
116IAG,16116760,2026-08-24,423,8311.3,True
116IAG,16116760,2026-08-24,424,2375.5,False
116IAG,16116760,2026-08-24,425,2270.0,False
116IAG,16116760,2026-08-24,426,2264.0,False
116IAG,16116760,2026-08-24,427,6668.4,True
116IAG,16116760,2026-08-24,428,7140.5,True
116IAG,16116760,2026-08-24,429,4848.9,True
116IAG,16116760,2026-08-24,430,5580.8,True
116IAG,16116760,2026-08-24,431,4764.3,True
116IAG,16116760,2026-08-24,432,7751.1,True
116IAG,16116760,2026-08-24,433,8034.6,True
116IAG,16116760,2026-08-24,434,4151.1,True
116IAG,16116760,2026-08-24,435,2140.0,False
116IAG,16116760,2026-08-24,436,4297.4,True
116IAG,16116760,2026-08-24,437,6219.6,True
116IAG,16116760,2026-08-24,438,5673.8,True
116IAG,16116760,2026-08-24,439,5618.5,True
116IAG,16116760,2026-08-24,440,4560.4,True
116IAG,16116760,2026-08-24,441,6006.3,True
116IAG,16116760,2026-08-24,442,6783.4,True
116IAG,16116760,2026-08-24,443,2353.2,False
116IAG,16116760,2026-08-24,444,2396.7,False
116IAG,16116760,2026-08-24,445,2464.1,False
116IAG,16116760,2026-08-24,446,7717.8,True
116IAG,16116760,2026-08-24,447,6580.5,True
116IAG,16116760,2026-08-24,448,5084.5,True
116IAG,16116760,2026-08-24,449,4105.9,True
116IAG,16116760,2026-08-24,450,5728.6,True
116IAG,16116760,2026-08-24,451,6319.1,True
116IAG,16116760,2026-08-24,452,2550.5,False
116IAG,16116760,2026-08-24,453,2211.0,False
116IAG,16116760,2026-08-24,454,2212.0,False
116IAG,16116760,2026-08-24,455,2209.0,False
116IAG,16116760,2026-08-24,456,2206.0,False
116IAG,16116760,2026-08-24,465,6451.4,True
116IAG,16116760,2026-08-24,466,4258.5,True
116IAG,16116760,2026-08-24,467,3801.9,True
116IAG,16116760,2026-08-24,468,6384.0,True
116IAG,16116760,2026-08-24,469,4841.6,True
116IAG,16116760,2026-08-24,470,5393.9,True
116IAG,16116760,2026-08-24,471,5672.1,True
116IAG,16116760,2026-08-24,472,4701.5,True
116IAG,16116760,2026-08-24,473,2327.8,False
116IAG,16116760,2026-08-24,474,2250.0,False
116IAG,16116760,2026-08-24,475,4924.2,True
116IAG,16116760,2026-08-24,476,7029.3,True
116IAG,16116760,2026-08-24,477,5746.8,True
116IAG,16116760,2026-08-24,478,2360.7,False
116IAG,16116760,2026-08-24,479,2207.0,False
116IAG,16116760,2026-08-24,480,2196.0,False
116IAG,16116760,2026-08-24,481,4169.8,True
116IAG,16116760,2026-08-24,482,2442.9,False
116IAG,16116760,2026-08-24,483,2191.0,False
116IAG,16116760,2026-08-24,484,2191.0,False
116IAG,16116760,2026-08-24,485,2190.0,False
116IAG,16116760,2026-08-24,486,2188.0,False
116IAG,16116760,2026-08-24,675,4145.4,True
116IAG,16116760,2026-08-24,676,2806.4,False
116IAG,16116760,2026-08-24,677,2263.0,False
116IAG,16116760,2026-08-24,678,2275.0,False
116IAG,16116760,2026-08-24,679,2267.0,False
116IAG,16116760,2026-08-24,688,5051.6,True
116IAG,16116760,2026-08-24,689,2282.2,False
116IAG,16116760,2026-08-24,690,2268.0,False
116IAG,16116760,2026-08-24,691,3106.3,True
116IAG,16116760,2026-08-24,692,5647.3,True
116IAG,16116760,2026-08-24,693,5300.5,True
116IAG,16116760,2026-08-24,694,4449.9,True
116IAG,16116760,2026-08-24,695,5688.0,True
116IAG,16116760,2026-08-24,696,5188.6,True
116IAG,16116760,2026-08-24,697,5363.8,True
116IAG,16116760,2026-08-24,698,5311.2,True
116IAG,16116760,2026-08-24,699,4577.3,True
116IAG,16116760,2026-08-24,700,7401.8,True
116IAG,16116760,2026-08-24,701,6123.3,True
116IAG,16116760,2026-08-24,702,5647.7,True
116IAG,16116760,2026-08-24,703,4321.4,True
116IAG,16116760,2026-08-24,704,2286.0,False
116IAG,16116760,2026-08-24,705,5035.7,True
116IAG,16116760,2026-08-24,706,5411.0,True
116IAG,16116760,2026-08-24,707,5414.0,True
116IAG,16116760,2026-08-24,708,6620.9,True
116IAG,16116760,2026-08-24,709,5732.9,True
116IAG,16116760,2026-08-24,710,5401.7,True
116IAG,16116760,2026-08-24,711,7529.9,True
116IAG,16116760,2026-08-24,712,3428.5,True
116IAG,16116760,2026-08-24,713,2395.0,False
116IAG,16116760,2026-08-24,714,7682.8,True
116IAG,16116760,2026-08-24,715,6187.5,True
116IAG,16116760,2026-08-24,716,7622.3,True
116IAG,16116760,2026-08-24,717,6802.3,True
116IAG,16116760,2026-08-24,718,6131.4,True
116IAG,16116760,2026-08-24,719,6603.2,True
116IAG,16116760,2026-08-24,720,7476.8,True
116IAG,16116760,2026-08-24,721,2287.0,False
116IAG,16116760,2026-08-24,722,6952.5,True
116IAG,16116760,2026-08-24,723,7805.8,True
116IAG,16116760,2026-08-24,724,3777.9,True
116IAG,16116760,2026-08-24,725,2324.1,False
116IAG,16116760,2026-08-24,726,6980.4,True
116IAG,16116760,2026-08-24,727,6606.7,True
116IAG,16116760,2026-08-24,728,3324.3,True
116IAG,16116760,2026-08-24,729,2285.0,False
116IAG,16116760,2026-08-24,730,2288.0,False
116IAG,16116760,2026-08-24,731,2283.0,False
116IAG,16116760,2026-08-24,732,2286.0,False
116IAG,16116760,2026-08-24,733,2286.0,False
116IAG,16116760,2026-08-24,734,2283.0,False
116IAG,16116760,2026-08-24,735,2282.0,False
116IAG,16116760,2026-08-24,736,2286.0,False
116IAG,16116760,2026-08-24,737,2284.0,False
116IAG,16116760,2026-08-24,738,7228.7,True
116IAG,16116760,2026-08-24,739,5932.0,True
116IAG,16116760,2026-08-24,740,6305.2,True
116IAG,16116760,2026-08-24,741,5817.3,True
116IAG,16116760,2026-08-24,742,4386.1,True
116IAG,16116760,2026-08-24,743,8257.2,True
116IAG,16116760,2026-08-24,744,9099.1,True
116IAG,16116760,2026-08-24,745,3889.8,True
116IAG,16116760,2026-08-24,746,7857.5,True
116IAG,16116760,2026-08-24,747,5681.4,True
116IAG,16116760,2026-08-24,748,5817.6,True
116IAG,16116760,2026-08-24,749,6288.9,True
116IAG,16116760,2026-08-24,750,7575.4,True
116IAG,16116760,2026-08-24,751,4918.1,True
116IAG,16116760,2026-08-24,752,7266.6,True
116IAG,16116760,2026-08-24,753,4843.8,True
116IAG,16116760,2026-08-24,754,4781.9,True
116IAG,16116760,2026-08-24,755,7283.6,True
116IAG,16116760,2026-08-24,756,6141.5,True
116IAG,16116760,2026-08-24,757,4834.1,True
116IAG,16116760,2026-08-24,758,5679.0,True
116IAG,16116760,2026-08-24,759,4829.1,True
116IAG,16116760,2026-08-24,760,5567.9,True
116IAG,16116760,2026-08-24,761,5708.7,True
116IAG,16116760,2026-08-24,762,7668.8,True
116IAG,16116760,2026-08-24,763,2228.1,False
116IAG,16116760,2026-08-24,764,2231.0,False
116IAG,16116760,2026-08-24,765,2229.1,False
116IAG,16116760,2026-08-24,766,2230.0,False
116IAG,16116760,2026-08-24,767,2233.0,False
116IAG,16116760,2026-08-24,768,2230.1,False
116IAG,16116760,2026-08-24,769,2230.0,False
116IAG,16116760,2026-08-24,770,2771.0,False
116IAG,16116760,2026-08-24,771,10829.0,True
116IAG,16116760,2026-08-24,772,6121.5,True
116IAG,16116760,2026-08-24,773,6809.8,True
116IAG,16116760,2026-08-24,774,5127.6,True
116IAG,16116760,2026-08-24,775,5138.2,True
116IAG,16116760,2026-08-24,776,5586.1,True
116IAG,16116760,2026-08-24,777,2265.2,False
116IAG,16116760,2026-08-24,778,4479.5,True
116IAG,16116760,2026-08-24,779,4383.6,True
116IAG,16116760,2026-08-24,780,2299.0,False
116IAG,16116760,2026-08-24,781,2298.0,False
116IAG,16116760,2026-08-24,782,4478.5,True
116IAG,16116760,2026-08-24,783,5014.5,True
116IAG,16116760,2026-08-24,784,5474.8,True
116IAG,16116760,2026-08-24,785,5221.6,True
116IAG,16116760,2026-08-24,786,4702.0,True
116IAG,16116760,2026-08-24,787,7756.9,True
116IAG,16116760,2026-08-24,788,3057.4,True
116IAG,16116760,2026-08-24,789,6935.2,True
116IAG,16116760,2026-08-24,790,5546.9,True
116IAG,16116760,2026-08-24,791,4666.2,True
116IAG,16116760,2026-08-24,792,6109.5,True
116IAG,16116760,2026-08-24,793,4166.4,True
116IAG,16116760,2026-08-24,794,2285.0,False
116IAG,16116760,2026-08-24,795,2290.0,False
116IAG,16116760,2026-08-24,796,5950.4,True
116IAG,16116760,2026-08-24,797,4366.2,True
116IAG,16116760,2026-08-24,798,4452.4,True
116IAG,16116760,2026-08-24,799,5728.4,True
116IAG,16116760,2026-08-24,800,4780.9,True
116IAG,16116760,2026-08-24,801,4899.3,True
116IAG,16116760,2026-08-24,802,6718.7,True
116IAG,16116760,2026-08-24,803,3556.5,True
116IAG,16116760,2026-08-24,804,7682.1,True
116IAG,16116760,2026-08-24,805,7290.0,True
116IAG,16116760,2026-08-24,806,5514.2,True
116IAG,16116760,2026-08-24,807,5698.7,True
116IAG,16116760,2026-08-24,808,5947.0,True
116IAG,16116760,2026-08-24,809,6273.9,True
116IAG,16116760,2026-08-24,810,4886.6,True
116IAG,16116760,2026-08-24,811,5561.7,True
116IAG,16116760,2026-08-24,812,7589.8,True
116IAG,16116760,2026-08-24,813,2422.7,False
116IAG,16116760,2026-08-24,814,2325.0,False
116IAG,16116760,2026-08-24,815,2589.3,False
116IAG,16116760,2026-08-24,816,6195.9,True
116IAG,16116760,2026-08-24,817,5102.3,True
116IAG,16116760,2026-08-24,818,6318.7,True
116IAG,16116760,2026-08-24,819,6605.1,True
116IAG,16116760,2026-08-24,820,7131.8,True
116IAG,16116760,2026-08-24,821,3158.7,True
116IAG,16116760,2026-08-24,822,2204.0,False
116IAG,16116760,2026-08-24,823,2206.0,False
116IAG,16116760,2026-08-24,824,5933.3,True
116IAG,16116760,2026-08-24,825,4470.7,True
116IAG,16116760,2026-08-24,826,5791.9,True
116IAG,16116760,2026-08-24,827,5593.5,True
116IAG,16116760,2026-08-24,828,2319.4,False
116IAG,16116760,2026-08-24,829,8945.0,True
116IAG,16116760,2026-08-24,830,5215.7,True
116IAG,16116760,2026-08-24,831,5153.8,True
116IAG,16116760,2026-08-24,832,6269.9,True
116IAG,16116760,2026-08-24,833,3832.8,True
116IAG,16116760,2026-08-24,834,9165.2,True
116IAG,16116760,2026-08-24,835,2285.0,False
116IAG,16116760,2026-08-24,836,2669.0,False
116IAG,16116760,2026-08-24,837,5393.1,True
116IAG,16116760,2026-08-24,838,6456.1,True
116IAG,16116760,2026-08-24,839,5771.6,True
116IAG,16116760,2026-08-24,840,4732.4,True
116IAG,16116760,2026-08-24,841,4606.0,True
116IAG,16116760,2026-08-24,842,2286.0,False
116IAG,16116760,2026-08-24,843,2285.0,False
116IAG,16116760,2026-08-24,844,2611.7,False
116IAG,16116760,2026-08-24,845,4783.3,True
116IAG,16116760,2026-08-24,846,5483.7,True
116IAG,16116760,2026-08-24,847,7945.9,True
116IAG,16116760,2026-08-24,848,2425.0,False
116IAG,16116760,2026-08-24,849,2488.8,False
116IAG,16116760,2026-08-24,850,7756.4,True
116IAG,16116760,2026-08-24,851,7703.2,True
116IAG,16116760,2026-08-24,852,6034.6,True
116IAG,16116760,2026-08-24,853,5267.9,True
116IAG,16116760,2026-08-24,854,8670.4,True
116IAG,16116760,2026-08-24,855,3552.5,True
116IAG,16116760,2026-08-24,856,2226.0,False
116IAG,16116760,2026-08-24,857,5550.5,True
116IAG,16116760,2026-08-24,858,6137.4,True
116IAG,16116760,2026-08-24,859,5781.8,True
116IAG,16116760,2026-08-24,860,6102.0,True
116IAG,16116760,2026-08-24,861,8303.9,True
116IAG,16116760,2026-08-24,862,2302.0,False
116IAG,16116760,2026-08-24,863,2927.9,True
116IAG,16116760,2026-08-24,864,6458.2,True
116IAG,16116760,2026-08-24,865,5244.8,True
116IAG,16116760,2026-08-24,866,6055.5,True
116IAG,16116760,2026-08-24,867,7900.8,True
116IAG,16116760,2026-08-24,868,4505.1,True
116IAG,16116760,2026-08-24,869,2279.0,False
116IAG,16116760,2026-08-24,870,5161.4,True
116IAG,16116760,2026-08-24,871,7950.4,True
116IAG,16116760,2026-08-24,872,4795.8,True
116IAG,16116760,2026-08-24,873,2284.1,False
116IAG,16116760,2026-08-24,874,5666.0,True
116IAG,16116760,2026-08-24,875,6430.6,True
116IAG,16116760,2026-08-24,876,2308.8,False
116IAG,16116760,2026-08-24,877,2253.0,False
116IAG,16116760,2026-08-24,878,2249.0,False
116IAG,16116760,2026-08-24,879,2248.0,False
116IAG,16116760,2026-08-24,880,5267.2,True
116IAG,16116760,2026-08-24,881,5496.6,True
116IAG,16116760,2026-08-24,882,5493.7,True
116IAG,16116760,2026-08-24,883,6545.9,True
116IAG,16116760,2026-08-24,884,6773.3,True
116IAG,16116760,2026-08-24,885,2233.0,False
116IAG,16116760,2026-08-24,886,6983.5,True
116IAG,16116760,2026-08-24,887,6440.4,True
116IAG,16116760,2026-08-24,888,6478.4,True
116IAG,16116760,2026-08-24,889,6159.5,True
116IAG,16116760,2026-08-24,890,6876.8,True
116IAG,16116760,2026-08-24,891,2302.0,False
116IAG,16116760,2026-08-24,892,2301.0,False
116IAG,16116760,2026-08-24,893,2554.3,False
116IAG,16116760,2026-08-24,894,5122.6,True
116IAG,16116760,2026-08-24,895,5474.4,True
116IAG,16116760,2026-08-24,896,6099.8,True
116IAG,16116760,2026-08-24,897,6416.1,True
116IAG,16116760,2026-08-24,898,6943.3,True
116IAG,16116760,2026-08-24,899,5098.1,True
116IAG,16116760,2026-08-24,900,6481.5,True
116IAG,16116760,2026-08-24,901,5017.1,True
116IAG,16116760,2026-08-24,902,7336.9,True
116IAG,16116760,2026-08-24,903,5610.7,True
116IAG,16116760,2026-08-24,904,2267.0,False
116IAG,16116760,2026-08-24,905,2263.0,False
116IAG,16116760,2026-08-24,906,2369.2,False
116IAG,16116760,2026-08-24,907,4136.0,True
116IAG,16116760,2026-08-24,908,6705.7,True
116IAG,16116760,2026-08-24,909,4728.8,True
116IAG,16116760,2026-08-24,910,4731.2,True
116IAG,16116760,2026-08-24,911,4198.5,True
116IAG,16116760,2026-08-24,912,5877.1,True
116IAG,16116760,2026-08-24,913,6912.2,True
116IAG,16116760,2026-08-24,914,6726.8,True
116IAG,16116760,2026-08-24,915,6919.7,True
116IAG,16116760,2026-08-24,916,6781.2,True
116IAG,16116760,2026-08-24,917,4943.5,True
116IAG,16116760,2026-08-24,918,5736.9,True
116IAG,16116760,2026-08-24,919,5995.5,True
116IAG,16116760,2026-08-24,920,6171.1,True
116IAG,16116760,2026-08-24,921,4589.1,True
116IAG,16116760,2026-08-24,922,8408.3,True
116IAG,16116760,2026-08-24,923,2251.0,False
116IAG,16116760,2026-08-24,924,6346.1,True
116IAG,16116760,2026-08-24,925,5539.2,True
116IAG,16116760,2026-08-24,926,4144.3,True
116IAG,16116760,2026-08-24,927,6687.1,True
116IAG,16116760,2026-08-24,928,5735.6,True
116IAG,16116760,2026-08-24,929,7137.2,True
116IAG,16116760,2026-08-24,930,2876.8,False
116IAG,16116760,2026-08-24,931,2151.0,False
116IAG,16116760,2026-08-24,932,2145.0,False
116IAG,16116760,2026-08-24,933,2136.0,False
116IAG,16116760,2026-08-24,934,2133.0,False
116IAG,16116760,2026-08-24,935,2130.1,False
116IAG,16116760,2026-08-24,936,2121.0,False
116IAG,16116760,2026-08-24,937,2116.0,False
116IAG,16116760,2026-08-24,938,2117.1,False
116IAG,16116760,2026-08-24,939,2111.0,False
116IAG,16116760,2026-08-24,940,2111.0,False
116IAG,16116760,2026-08-24,941,2110.0,False
116IAG,16116760,2026-08-24,942,2109.0,False
116IAG,16116760,2026-08-24,943,2105.0,False
116IAG,16116760,2026-08-24,944,2106.0,False
116IAG,16116760,2026-08-24,945,2106.0,False
116IAG,16116760,2026-08-24,946,2108.0,False
116IAG,16116760,2026-08-24,947,2109.0,False
116IAG,16116760,2026-08-24,948,2106.0,False
116IAG,16116760,2026-08-24,985,4381.7,True
116IAG,16116760,2026-08-24,986,2096.1,False
116IAG,16116760,2026-08-24,987,2114.0,False
116IAG,16116760,2026-08-24,988,2114.0,False
116IAG,16116760,2026-08-24,989,2118.0,False
116IAG,16116760,2026-08-24,990,2128.0,False
116IAG,16116760,2026-08-24,991,2132.0,False
116IAG,16116760,2026-08-24,992,2138.0,False
116IAG,16116760,2026-08-24,993,2145.1,False
116IAG,16116760,2026-08-24,994,2149.0,False
116IAG,16116760,2026-08-24,995,2156.0,False
116IAG,16116760,2026-08-24,996,2169.0,False
116IAG,16116760,2026-08-24,997,2161.0,False
116IAG,16116760,2026-08-24,998,2168.0,False
